# Exact bilinear matrix-multiplication certificate over GF(2)
# tensor <15,15,17>: (15x15) times (15x17) -> (15x17)
# rank 2256
# outer outer47_15x15x17_f2256.txt; allocations N=(3, 4, 4, 4), M=(4, 4, 4, 3), P=(4, 5, 4, 4)
2256
257 30757273706571380125807521073668790562994210332759156754614742554979694805200 2722258935367507707707303104228806955136
514 3845040534443424479835538635942788951911122669131987854986560935119531540480 5846006550344458773578212376901241250789032224304
1285 30757273703662114409490252589711605965893560391408195423049075936254322802688 46768498412895687664205294811577605928992918033824
1542 3844659212957764301186281573713950745736695048926024427881134492031790350336 44601830679428167221539918049033554057241360
2048 15378636851831057220385871565904368789462033327735572532747314310655978242048 13338841187696696624514840447991614819816811363333706909764
2056 15378636851831065741603486420741641828547720016399655294797223732550192594944 1361129467683753853853651552114403477568
2313 13658973376201417342152961503713112892133236297223076849909760 46768052397311152317900587120110183305204186812800
3084 15378636851831057204745126294855802982946780195704097711524537968127161401344 23384293808278523260274820705863705290972984298848
4096 411376139330301510540136092214245790194599211315021754780352528 274880004112
4352 30757273706571366491838533678952060449182549855275914652991789169060157063376 26677682375393393249029680895983229639633622726667413819528
4368 671369274130396115555837629185692230492266821054779720883010299392 26329077253416958543401720647225321306350653060310839121452023808
4369 671369274130396115555837640734025057871623617578056055250697086464 2147827722
6400 25108406941546723055433545196544039943767168888331353194496 1321037386767275846244029974870599974104770282621906343377178089034120
8192 269601112176063719153625749937896978045093317524257917299870954160192 448
8704 3845040534443424479822535079495747686272982060834136682390655732790025256960 57289886677699240460297354059168104869335848631382053234385883260467
8736 15378842178784884468247835325580491674039732770276589005963498779516138946560 3450873173596149149249751715581257987768239502852980549937258987274240
8738 15378842178784884468247835325580491708684907468341977887702834464827998470144 281509336465410
16384 35336941297213191149106882271149062252686604929286628651463002441339895872 400
17472 11533977638873294610930516746319020000555974537046532854138884403390188617728 100433627766186892221372630771322662657638842284728972746752
17476 11533977638873294610930516746319020006330273110917184800317504713537385136128 8193
19456 15378636851831057204693117227437666879816067579895547567892833755448882495488 1091880462612714218044212252808965454482812419689568681161416938147174
19648 1707371672025177167763346021550449436964779962919808086835200 15528995101766698530930316487768453762062567723660647563836160645111808
19660 1707371672025177167769120187964139111516674100789665903673344 1266797383491597
21760 30757273703662114409386234454875333759632135159791095135785667510897764990976 1321041757645425651291428244205775392221110247604562286247925133956522
26112 3844659212957764301173279306859416719954016894973886891973208438862220623872 437140699562625372612369106825286893650791047800115453721977617
28672 1645504557321206042160544368856983160778396845260087019121410112 1099520016448
8421376 2237899856930216418755682494607000811757560747335812142806482288800 356811923176489970264611632477478185223585792
16842752 410653907634038545353759323364222033998975606422152267382323325259743232 11692146903118414529369643202384184227725918076928
33685504 53825228981408700216607942031995310440313730684964341990335882888445064904704 89203661358856334443155392808871517864608800
33686532 11534417625650481456335007271381746081673130825792110917201718969373288300576 680564733841876926926825776057201738784
33686789 30757273704109691649081620633179274034222659811137129145868978920200249278496 446015584535346304707691467422623788731221024
33687046 3845099199287372199627732030131840983630265379932905305310472695594568646656 44602170961795088160003380885460830354687008
33688588 15378636851831060619488470345210138521187156123982320744833612273896373878784 267609622947101319575385651183884696119428128
67108864 895154498014041293092351102072657204774423672729669826196526858304 1748348592153781419968409167199156937663029099014875632076587008
67371008 895164723412768237998342751379326624292536545567028885199490383936 178405961588244985132305816238739092611792896
71303168 895163016041096212821174953388306591705042012559619774062883014656 52656547568789658096527899332358301450098783899145122579340099584
71303168 895168138156112288352678243426371243053352906899508533487143520256 105312291668557186697918027683670432318896306687551967326898225152
71307536 895157893926080137289671663350241940356731118219731014638622509056 26328474651650361422048392411440693370374707227257130747615543296
71314080 15378636851831067448975158445918809563022733284826082974491672830291323387904 401734511064747568885490523085290650630555369138915890987008
71322816 15378636851831058912116798320032970746292625532578898150591858231250889211904 65820584027359306433767652792817105489960822235089118495202377728
71565312 895163016041096212821174982259138660153425029010309916221371353088 4295524356
71565312 895168138156112288352678289619702552570759579032612285219082373120 8590983168
71569681 895157893926080137289671674898574767736090478988007547223660333056 2147778564
71576234 15378636851831067448975158445918809597667907980538766811569143303157397323776 32772
71584972 15378636851831058912116798320032970752066968159843209228198639354827878957056 5369397252
75792384 13658973376201417342152961503713112892133236297223076849909760 46768409206512069872503344099592644944322656993280
75792384 895154479182736086935336136658198839457867445639805967891852951616 223009153397140836107699587362864008769088080
134221824 120145654331816863081966014374461153077580871330303740851581501285811093776 2097152
142606336 2237886223065247158877495081677290964960024231027901788201383100576 3496697184307562839936818334398313875326058198029751264153174016
143134992 7689318427258260321146667277830905696460600250251516375895655418255074446336 26328072917139296674479506920917608079724076671887991831724556288
143167761 7689318427258260321146667277830905696460688357038850024221978234418767121408 2147745792
209715200 25108406941546723055433545196544039943767168888331353194496 1321047465405794942372551692205948605539020978655114441165515980275712
209715200 895154479182736086932308810497498307366393714904293159948011962432 2185452413743711395831292102549506161597311144782798707229370965
268435456 862718293348820473432267486059289987392795991186730885434627426615296 46137344
285212672 410653907634038545352370531433348343500947849499774295712470383789604864 114581084596834334475114639488439348434387522304863150580495263596544
286261248 146663005023778663219572407966215956055614779647211139680853040174237696 6901825331009315205324779300797788205275427527305421394711097257230336
286261248 205326953817019272676879661682111016999485450506031471825949224815558656 26328072917139296674479506920917608079724076671887991831724556288
286326784 146663005023778663219572407966215956055616460161071449585369085139519488 563025116135424
286326784 205326953817019272676879661682111016999487803211076133691161670601146368 2147745792
402657280 53919893334301279589516717878705624212386507825482531442570366550016 2097648
402665472 28269606957992988132029336542069237381544892962092807772753861927262748736 496
402681856 28269553038099653830749747025351358675920680575584982290222419356896198720 8389104
500695040 895154479182736086935336136658198839457857188659805175022448838656 184296510419975076721356548446423256558068536703215942822071894016
501055488 895154479182736086935336136658198839457867445639805967891852986368 15034220544
536870912 113078212152398615322998988101405434702976488799899669796494453876220494080 52428800
570425344 53825228981408700216425910296031834079356236529634416487624918144071088734208 7456199194782308726952393571249204484569867920447438936319738914
570442752 11534417625650478047829756667857621059337222867579617277487541765483280728096 6669420593848348312257420223995807409908405681666853454882
570444800 15378636851831057210970218962824347643674453879031557553834625977531720794112 2622529557651265978300926008218959402301953556927995114968335394
570447104 30757273704109691648977602498341488164880884313474291993237814090871770972192 4370878149805047398269335175418116339964982655942870747044922402
570451456 3845099199287372199614728275285952450322053624812636650147186085701995200512 437093817459039203340414549220013230223167183159400574872601634
572522496 19223296065012610125727091890303587762847804687526290779429820433059115180544 13164036458569648337239753460458804039862038335943995915862278144
572653568 19223296065012610125727091890303587762848024954494589000815624698425432351232 1073872896
671092736 120145600411512152641356123347203138279742413153601316157735036960664191232 2097408
671109120 120146678804442324994984295555079079285655706013329722483199361073777999936 256
671117312 1078399512190582912996376518118481341225502800885506271291928014225472 8388864
715653120 223788619795684021733834034164549709864464297164951293755612209664 15529074084981113671158471004075490207173580269314274804964366091313152
715657488 7689318426139317222168247169161735525637851700929194890070898949477013398016 26328374218022595235156171038809922047712049588414846018642796544
715816960 223788619795684021733834034164549709864466861409951491972963246592 1266803826647043
715821329 7689318426139317222168247169161735525637939807716515717172220774553950888448 2147770371
939552768 28270631435966339856341537359708932788404922917607470951233624265789014080 8388608
275951648768 234661166099837534245750626880400192968522119404692575258977683854328192 46768052394588893382523175892088020693625836929024
551903298050 29332645764187063452744005527819144309029404037103226444525095121584144 5846006549323611672815396986511002586703229616128
551920140288 53825287646700228590734847520006366078602348743772416196788771943033321029664 11692013098647223345630793973022005173406459232256
827854946304 234659375790879168773576756208126876570843203669801295647041900148424704 64306518060526240315720643787332341293724463084176
827854946818 234660494733978147193685425378297699319392526004108345404501764964614224 5846006552386152975103843157681718578960637440656
827854947075 1118943098978420108669170170822748549322334307049757459864816189520 44604552938363534729247624775677030560772752
827863368451 439986553398225608806503328892041178308005010459255493826848420347772944 44601490397061246283076454059684773152948224
827871789056 234659823368118760141620223876195205670262932603524115550025846074900512 11692459113551193958093624737562602021137988714496
827913897221 447577239591368043467668068329099419728933722819902983945926475808 446014903970612462830764540596847731529482240
827913897221 439986329607898441450456417890237893570331006880877429338203562778296320 44601490397061246283076454059684773152948224
827930739459 895156186554408112112503905778386803596978962294343120776459190336 44603191808895850975393771124124916157295184
1103806595072 46135910555493171614235378884567408948840340587112293134573613908779564269568 11692013098647223345640697493336864680756002160896
1103806595586 3844659212957764301186281573713950745736695048926024427881134492031823904768 5846006549323611672815396986511579047455533039872
1103806596100 3844659212957764301186281573713950745736695048926024427881710957182140285184 576460752303423744
1103806596357 30757273703662128068463628791128948118855064104521087556285373159331172712704 46768052394588893382533079412402880200975379857664
1103806598156 15378636851831070863718502496273145135908283908816989844761411651956314734592 23384026197294446691271491466358869854162461393152
1655709892608 33554432 5846006549323611672825300582383149359214826094592
1655726735360 53825228981408700216607942031995310440313730684964341990335882892843144970240 11692013098647223345630794048579868899320816205824
1655760420864 53825228981408700216607942031995310440313730684964341990335882892843111415808 75557863725914356973568
2199023255552 117330583050006646546773926249032602415799261254126619214518449445273664 229159546670780438278099326363127898133368550066077778847542412312576
2207613190144 117330583070407227187177439453429538739830729040546142651784209505452096 23384026197294446691261587946044010346812918464512
2336462209024 234659375806245513821803350717996990764794559796718987467363101142155264 13803492694384596596999006862325031951072958011411922199749035949096960
2336462209024 15378754181518959473816201183942578099768975604184641062915647533089330036736 10352619520788447447749255146743773963304718508558941649811776961822720
2336462211200 30757273703662131483206972841483283599353423468753292019423419820966473105408 803469022129495137770981046170581301261110738277831781974016
2336462215568 3414743344050354335526692043100898873929559925839616173670400 1406070788726616491099216830798517277206943791986205618454528
2336462217760 15378754181518962888559545234296913626461018705083514992475573372705503707136 3450873173997883660314499284466748510853530153483535919076174878261248
2336462228672 30757273703662116116861924614888773729239229514708359336403753542693691588608 15528929281082237543857695827894288314185755100180773632432936469987328
2345052143616 234659375806245513821803350718048958262520455673451362554148902391513088 1126037345861640
2345052143616 15378754181518959473816201183942578122865817473862378678868765244780219203584 844528009396230
2345052145800 30757273703662131483206972841483283657095440032799310589790085026982987300864 65544
2345052150169 3414743344050354335538240375928278223033348201579331807346688 114702
2345052152354 15378754181518962888559545234296913661106193402140601712216966824112026550272 281509336498182
2345052163276 30757273703662116116861924614888773735013748355547306939723177919989854240768 1266792014086152
2483564838912 895154479182736086935336136658198839457867445639805967891852951616 29230032748319470198681677249872077373659152427600
2483640633609 1707371672025177167769120187964139111516654537152884606238720 46768052396290305217137771729719368180366080780880
2483640633609 1707371672025177167769120187964139111516654537152884606238976 46768052394588893382533079412402303740223076433920
2759516487680 117329687895439584386788378104063438285421601834900647823520950074212352 40922313455909075911790169681618440655704529349200
2759516488194 117330583051626138794900490607969216672225198813862942166641726533402688 5846006551025023507420089303828067026846233963088
2759533330432 117329687898854327730838732439601678661349880057933956897826719286689792 11692280707589605713108492431746363282045376921600
2759634390028 3414743344050354335538240375928278223033309074305769212477440 267608942382367477698458724358108638917689344
3311419788300 13658973376201417342152961503713112892133236873683829153333248 23384026197294446691271491541916157119324514942976
3311487159308 576460752303423744 75557863725914356973568
3311495580684 13658973376201417342152961503713112892133236297223076849910016 46768052394588893382533079487960167466137433407488
4398046515200 63606656096226976301686302378274465322122660034978885023224814773676802224 274877906944
4398180728832 169618288787500692686191696474110240940482159100465670495517655867733311904 4398046511104
4672924418048 234661166099837534244957025458977936481401269928912110844105819733098880 458319093341560876556198652726255796266737100132155557695084824625152
4690104287232 234661389888457329929772360714434357518229295042710452362728628870525440 17254471179268078025773587573720247301560289783995201878806332107128832
4690247417856 30757273706347577847038460850517614375867804482632493937603206147952951269376 105312291668557186697918027683670432318896306687551967326898225152
4690390548480 234660270945358351509663691544263534769679972721224627606259850809477120 6901851659082232344621453780304709122883507251382093282702928981786624
4690819940352 30757273703885903029285936611445440000057757674123386668788741916641216963072 15529034592570437078914898608150990938447492695226350446122431586238464
4691178029056 234661389888457329929772360714434357518231983871553985210469665927672320 1407555273228288
4691321192448 30757273706347577847038460850517614375868156909781797759968495033999509526528 8590983168
4691464355840 234660270945358351509663691544263534769682661537246935453009801111439360 563027263881216
4691893846016 30757273703885903029285936611445440000058110101272662284459028622296913814016 1266800605003776
6871947673600 895154479182736086932308810497498307366393714904293159948011962432 286449433355149099332245028734553423226700206107368237763595149027925
6872157395200 3138550867693340381929193149568004992970896111041419149312 1321037386707054901470164006291527528383115240178224891298965532748373
6872157395200 3138550867693362682674391680191146604247032485317248549120 1321037386690381349985543135510883977823125721653453877094798399111168
8796093022208 539199756095291456498188259059240670615445467453247944469213226205216 5222680231936
9345848844800 29332645762482830331490244523241239909344816126591322083658995498745872 57289886667695109569524831590781974533342137516519444711885603078144
9346134048768 53825287646700225182086956397483093759388840267680398695525048202353669308448 114579773335390219139049663181563949066684275033038889423771206156288
9380208583200 7689611752596942019086054357445336025879062350217417906680163243068586292736 3450873173395281893717377931138512726225594177537702865367801041780736
9382356066850 7689611752596942019086054357445336025879150460365771582891294496670156420608 281509336449024
11544872091648 117329687895439584386391580409528098143127956999935513060705823939887104 401031829213427549143424644529868171028790975684055649500814470064725
11544872100352 117330583049921905673346206058720524834584891398643388249976813370998848 57289886684368661054145702371425525093331656041290458916052736715349
11545157304320 117329687895445861488126967090291956529427093009921454852927906778185728 114582395858278449811179615795314747802090769576687411737219321036800
11545794857984 6277101735386680763858386299136009985941792222082838298624 2622522888230672129952613750798735406494543648522313448114880512
11716957044736 15378988840894743523498286659990115173261460242901757239763596938685343334400 6901746346790563787434755862277025452451188355075405730735602083561472
11727694528512 15378988840894743523498286659990115173261636460509602413468009128025862963200 563018672898048
13194139533312 822752278660603021080272184428491580389198422630043509560705056 549760008224
13194139537408 161760502755182499371571233908301301128739912674870224371220660355104 274877906976
13194139545600 42404491316006731371302786067100401946325166442511751460297913236883243072 32
13194139561984 42404329556326728467464017516946765829452529282988275012703585525783593024 1099511627808
13194273751040 970558902769701693214322002088885664309149396036118578363277720420384 4398050705408
13194542186496 14135747076307092059746881792517223854767666276410130418429485937047109632 4194304
13195079057408 14134776518227074636714270491595407153531848707403292722481166168887394304 8521219309568
14018773254144 234659375790879168772783160819056196286255913999871026121411647879774208 630193124246138982390640635926678108767088803599049254587322665874073
14018773262848 234660494733978147192891826205069318159140121992014656487861582894727248 57289886697707502241842398995940365541323270861107270279386443625113
14018773267200 1118943098978420108665386013121872884207992143630366449935014953040 437117160431117672559507450190797215549101862579286408859693721
14018915873536 439986553396521375683857852953314921604456248353179870947047868196716560 437087148038445354992102291799789234415757274753718908019146752
14018982982400 895154482321286954625649192426691456934398707875189270989431111744 437103821589929975862882935350349223934282045767923075152783957
14019058466816 234659823368118760140826626973461445035409597196728478267991621885755424 114584144206870603592599584204481946959028432605786426612851397623808
14019771520256 447577239591368043466154405248749153683196857452146579974005981216 4370871480384453549921022917997892344157572747537189080191467520
14019771520256 439986329607898441448968426535730368036729838749758173977646839774576640 437087148038445354992102291799789234415757274753718908019146752
14070312870432 234661837465696921297815828382502686617649023971304782265316140094944768 3450873174198750915846873068909493772396175478798813603645632823754752
14070312874800 2461674817752524239072174375810046808509107268814464231311734306304 803469022129495137770981046170581301261110738277831781974016
14073534095906 234661837465696921297815828382502686617651712805276805113453611854165504 281509336514568
14073534100275 2461674817752524239072174375810046808509135475509466411702595712512 65544
16406775070720 234659375790879168773576756208126876570840514864035967801084828360638464 20705239041175160384433762724602057403524146366487327930484638032658432
16418586230784 234659375790879168773576756208126876570843203669801295647041909258452992 1689056018759688
17592186044416 70673882594426382298213764542298124505373209858573257302926004882679791744 6871947673600
18691697672192 46135910555493171614079734809121220386324599460934918100428162169660413837312 977298066734427506451487592076878446008734227883156052379197056745728
18691697680896 3844659212957764301173279309782419994615822731391160077720057520373312258048 57289886717911923452618277701468289919003468845338288267597879181568
18691697689600 3844659212957764351390476313838101603770262879549831274803263955121188372736 50216813883093446110686315385661331328818843555712276103424
18691697691648 15378636851831057280018338052077836046106069345561388072211109963960699322368 1091877840069817725590537255258442395075418502916194941802968262902016
18691697693952 30757273703662114434494641396422079115810878886958276690828972773504947585280 1321037386740598163868636581621570293208787052982272720650510675214592
18760417148928 34601962249041852570572630860520082727489430314855645672572739586349850427392 1725436586697640946858688965569256363112797088768851432683900520890368
18764712116224 34601962249041852570572630860520082727489826795734678576092167651853101694976 140754668224512
20890720947200 75325220824640169166290001765665840504318276208511816826880 1091884422037830196531612429024486309091777102530838632566709414789120
20890788056064 50216813883093468411601655099744942171827243694456293032192 6582018229284824168619876730229402019930943462534319453427990528
20890930662400 25108406941546745356178743727167181555043305262607182594304 1321043968708610634809711755387614207225145652596916411414251827101696
21990232555520 3291009114642412084321088737713966321556793690520174038242820224 2199040032896
21990232555520 6582018229284824168642177475427932643072479180806967814900416768 4398080065792
21990232559616 63606494335312844979856629296500420928607285504871610941685421798236094592 274877907072
21990232576000 63607141372387352037890497454954421027240850982187119886802645623513284672 128
21990232584192 647040365516172676280242775088836347531798872302635637397863520010304 1099511627904
21990366773248 169617318228597922984498482152108152054817849951069634376939292590012891520 4398063288320
21990903644160 6582018229284824168642177475427932643072479180806967814900416768 50331904
21990903644160 169617749577871570050807962032887915486669650078502965365863691299802054656 16777216
21991172079616 431359146674410236716133743029644993699092062603860251540562932400128 8521231892480
25787699317952 30757273703662114409490252589711605965893207964258922371623790622885604753408 15528929280278768521728200690123307268015173798919662894155104688013312
25801658125516 30757273703662114409490252589711605965893560391408195423049077130323950567424 1266792014020608
28037546508288 2923003274661805836417273185746849081511091634176 920014762034744867823037934252140385491750689981280298431052605554688
28037831720960 53825228981408700216426293422840053826232633250882691884374579047384855085056 114586355353619503963218283058294178468704205976501423743224634146816
28038402146304 53825228981408700216426293419917050551570827414465418698627729965873763450880 6582018229284824168619876730229402019930943462534319453427990528
28140625723392 29332421973859896096697094526015859571355064358004495975135603545079808 12078121927367080359551069634416214728123746919546556275621069875863552
28140625732128 7689347758337502462268659844522427507332873346129088597401922791324946268160 3450873173696582777015938607802630618539562165510619392221987960020992
28140911984640 15378666184253031064641222991950328998806175337193819190307870447046347456512 6901812166972856635676442061044327746471387665267085450715181394952192
28141341407088 7689318425915528602372563147427901491473301991064730592905947655721401188352 301300883298560676664117892313967987972916526854186918240256
28141555829952 15378636851831057204745126294855802982946603982129461185811895311442802376704 65820182292848241686198767302294020199310191679719979579311390720
28147068174336 29332421973859896096697094526015859571355400458725161955880238657306624 985288046960643
28147068183074 7689347758337502462268659844522427507332961453252507580924225162819644948480 281509336473603
28147354501120 15378666184253031064641222991950328998806351551104556436686494445400632590336 563024042262528
28147784021879 7689318425915528602372563147427901491473390097852048855762269282580987641856 24579
28147998739660 15378636851831057204745126294855802982946780195704097711524538565161975283712 5369364480
30786325606400 42404976595046740082819091717561310296943077921082180803080896370182193216 1099511627776
30787265101824 14135207877373749046950986625338436798525547799465896582732706731819794432 8521215115264
35184372088832 223788619795684021733834034164549709864466709999076134964963574289 5846006551025023507419470333808244192448811674112
35184372093200 223788619795684021733834034164549709864466709999076134964963582464 19845726260569768587660667392
70368744177664 29332421973859896096697094526015859571355380612998907162127705609207808 766247770432947491720480872623726675118708632141771264
70368744186400 29332421973859896096697094526015859571355380612998907162127706680721408 2601219031668337128430974762299904
140737488355328 3844659212957764301186281573713950745736692447706992759554402629610085810176 44602511244162009098462121823779598251353600
140737488372800 3844659212957764301186281573713950745736692447706992759554402770055516389376 151414340876922402137600
281474976710656 1707371672025177167768779240983220280595255865815227118387200 5363798699682478043379951067557954400712201254557842944
281474976712832 1707371672025177167768779240983220280595274274278703995289600 18208751526635448563262051114417664
4503599627372552 1707371672025177167769120187964139111516654501124087587274752 603408919985970031858151646683376
76842668642009088 1707371672025177167768779240983220280595254674613125678891008 290807604790885438723839080534114304
144115188075855872 1688493363881222550011988590493371845843207516730436015354126794752 649042059077011063461772884180992
144678138029277441 223788619795684021733834034164549709864466861409951491972963237888 657655646061902267569709136
153720521656107008 223788619795684021733834034164549709864466709999076134964963573760 316951335775529997875382583296
288230376151711744 221314202190639602075171368533147234578360895632891709404496107241734144 649037107316853813854282230792192
289356276058554368 234660494740807633881786134049374392747728422892094269138831321491046400 1809260021673968383103516609934483440368363123570745126703700232389328445840
289356276058554882 29332421973859896096697094526015859571355400458725161955880237516455936 86200240815519943827147311882384
306244774661193728 234660494740469455025749884226288737642378428893049596540577201172512768 30757420368457462512858054116969789614168586148466433539780992844043185553408
307441043312214016 29332421973859896096697094526015859571355380612998907162127705539870720 41543445470679699986812819155714048
576460752303423488 29008095109531513923196861616376674330654919312394382135066113768388577722368 37779796554085616844800
578712552117108736 30757273705900005729562108882581449615101665984940827797577498426842881720320 22430833597013339561435806812762447687684698388506921739821732562330096
578712552117109764 3844659212957764301186281573713950745736695048926024427881134491756912443392 5017629229840571850800
612489549322387456 30757273705900005488476627034172084489638266798283841621456258919659246452736 381324171149226772545629991702949958992924765089528758259006138549796864
614882086624428032 3844659212957764301186281573713950745736692447706992759554402620521935011840 2418202134122058271948800
1152921504606846976 15378636854516536008638382782256321311934535158184096915509316475063971616972 23384249204746431997490527424623905594681136775168
1152921504749977600 15378636854516536008638382782256321311934535158184096915674993208137586153472 79383662073552393307934425088
2305843009213693952 30757625692725809265101773080731757000104600762324701039600495645483588911104 6129982163864968847006979889968089623054621514787717120
2305843009499955200 30757625692725809265101773080731757000104600762324701039692539086444276219904 20809752254709311733182962084085760
4611826755915743232 49980833761367643753464950840801264008135892567938756414367074009106416274005 44601490397061246283071731693201903505637376
4611826756488283200 49980833761367643753464950840801264008135892567938756414367075834906657466880 151410875357009140514816
5764748260522590208 15378636852950000303723546403524973153769518340150304588212991193265161112149 44602851526528930036925585200638829833259008
5764748261238260800 15378636852950000303723546403524973153769518340150304588212991755046883469824 151415496050226822678528
6917669765129437184 30757537695459879148555122863562340108629681780081459066599680186231169351680 44604212655996613790779438708075756160880640
6917669765988238400 30757537695459879148555122863562340108629681780081459066599681309804257607680 151420116743444504842240
9223653511831486464 117331478226593781595289551957330884815882301833413947513188494684459144 6130005548069572103041916134212442515267014292418854912
9223653511902791808 117331478226593781595289551957330884815882301833414186823213698370310144 20809831638219974410219260877996032
10376575016438333440 1790324324710520400465182192329566527898259037295401416763774079112 70152658413980760805346523838115345254089054294016
10376575016652769408 1790324324710520400465182192329566527898259037461077588055666266112 238150683408147852340886573056
11529496521045180416 117329687903976442746914263942907334490337623854971907977586958028767232 9194973245775153886441406895564452422242768246756378624
11529496521402747008 117329687903976442746914263942907334490337623854972000019904346699333632 31214628381988266782789156238034944
147578456189371156488 117331478226593781595289551957335317126634326019508435950069872406298624 689604557211967963455991129833472
2518057408729995804672 117331478226593781595289551957330884815882301833413932027561175693656064 332348831602214912939621380767350784
4722366482869645213696 3626011889324624251855066158301580012766879356240500585657177726806369763328 619031410406967442837340160
4740813226943354765312 223788619795684021733834034164549709864466866132317974842608451584 678477900149982029010102435399032380191205753056577757534266266001046823280
4740813226943363186688 15378636854516536008638382782256321315003068391329703698334465987491494100992 2630647671053937383995080704
4740957905081384042496 42291339341815431593013559673273045865725914433382271506618664361252358193152 2261564243047972306452317284323333234863794251886113526312896395749474959360
4740957905081384042496 42291368675356350259259748504213909821539056126211074376099584386410196500480 452321475845184798364870706966699056704825029793751695638205767887660048752
4741247261357442596864 117330806845368049494997755945310954462306818581313542744549821626974208 1356947172959061429277240433998114322966672298229300761696880495903373320560
4741536617633501151232 42291251344773293511005937528191798544749143529256959928689157811431177977856 8627235590337074407250102032409732066179416528990375626488737765056880
4888391683132734343176 1790324324710520400465182195398089356167738541170122052571991375872 7891932978439280826498744448
5017514388048998039552 223788619795684021733790913583013488542376631168822381297207869440 11534124302549694493208976725900019563090349137064872256769027107028499169280
5017667510436328636416 42291339341815431351925472269096039510476118861001546883856052968448107479040 38446592131815529209812232929201346572916553624965170521551655794258005196800
5017667510436328636416 42291368675356349921072743625122068934329529873079921320758690094136655085568 7689465089368141572227370309094646132838904359114211382334913335922241044480
5017973755210989830144 117330806845029870638984113725677761761472869690810047895026681719554048 23068101940304044297786791306904858150239705354843238465530257904487918206976
5018279999985651023872 42291251344773293510997788662742134170150781888752607141879617448752143400960 146663005035730264923723254376818255593634121177278024582177070640005120
5037114053627314438144 15378636854516536008638382782256321311934535158184096915498595619798412951552 1267817433467075746219576786944
7555171462357310242816 1790324324710520400465182192329566527898259037284680597850818609152 3803447464255244936771511779328
9444732965739290427392 7252106770208699970649993593357368512876696713434457868157555128137360080896 66113130760175032991744
9481626453886709530624 29332421975567267768722271693784990393143506468538819330150944796049408 678477900149981526841963604464571273328050598369049760075103839832648991008
9481626453886726373376 30757625692725809265101773080731757001809356476909257708265052117343433392128 689601926569314423906657208631296
9629200406476385943552 1707371672025177167769130821788105390843637731580569830031360 13164136892197414524131974833089575362524776255628978978161697040
9629204910076013314048 381321485661886020929087406005975305249408319400880998512995444388265984 8627235589734472640652980679081496281551480553044542356607581814792464
9629204910076097529864 117329687903976442746914263942909039225242297392483920329141388002197504 1034402889851463031788348106637376
9629494266352071868416 205326953817019272676879661682111016999487807543866271189992624762126336 20705397008809194198084314463872601863002050837383152630237180295380992
9629494266352071868416 7689699747401193903136836285188243005210425726176192118688202968015849914368 22430833595607268772709190321663230856886181111299977443432368678379792
9630072978904188977152 7689318425915533724487579222959404799035998105962182081327421553141291679744 5176336088266273607638928268436062637717805413480683584901385098895632
10035028776097996079104 29332421975470168851247357074855938343569366491281058525219202508259328 11534124302549685956350233476128941946181185685677928823202363836432688087040
10074228107254628876288 30757625692725809265101773080731757000104600762324701039594539562270352998400 332347563787199592651009598892802048
12396212017532818685952 1610272754555914449703194373342976690721171363831572645019648 223790327167356046910980896175942078052300905944107873169278238720
12396284075126856613888 381321485661788922011544668576688865986286044097999704461870760867135488 146663005025486034891572191370205516344791001817744479324082372215832576
12396590319901517807616 205326953817019272676840098376069207791584728603919210129713409042677760 351991749149756301368557979975972076601249727149309009999054205016342528
12396590319901517807616 7689699747401193662055799199004179593486664672293569408196736617268081852416 381324171125323569137277511354186900745624153250617152656785175560060928
12397202809450840195072 7689318425915533483406542210250052607815051729226162129663638578079859736576 87997713500526651330145861374210170244582713959526310990906671379775488
12592285515984624680960 117329687903976442746914263942907334490337623854971902021576450553937920 498521345679590389378930673581031424
18890042392230884278272 39886407420258124978264654055492080802998780332235425006674402568941739180032 37778931862957161709568
18963252907773419061248 3844659212957764301186281573713950745736695130055662842487816187545917587456 13164237325825180711024196205720346695090878650926613187035939104
18963831620325569856516 49980833761367643753464950840801264008135926383964780395962108774842326056960 5017514388050073878528
20070057552195992158208 3844659212957764301185540767764020457665513363938985530017399421434551336960 223792034539028075011129638882424191032992402672363596187577614336
20149071096595882180608 49980833761367643753464950840801264008135892567938756414367073890959831859200 2418146787134437702238208
23611832414348226068480 3626011888691439240399607702047084291331864914049297766883264221048572215296 81129638494886947933369992740864
23612408875100529491968 3626011890590994274765983070810571455636908240622906223205004738321964859392 37779112006942256529408
23612552990288605347840 27666174828864316634765184553807709365621685562567785416079286797860864 180143985094819840
23612841220664757059584 27664275273829950259396421066643404322295111954111463675562013405216768 81129638485442214967630702313472
23704644847268933043204 15378636852950000303723546403524973153769528745026432018574295426892465963008 5017667510437404508224
23852367981596223995904 26912614490704350108303971015997655220156865910389639897414713312821423112192 200867255532373784442745261542655228835592616134401526350112
25186185150223196618752 15378636852950000303723546403524973153769518340150304588212991156912557916160 2418220583117931795185664
27449592851210503716864 26912614490704350108298785374348143203658593547572898710121795950041859358720 3414743344053277338812411696634250862261994198877545386999808
28334198897217871282176 7252023777382878480799215404094168582663729828098595533766528442097144430592 162277846014805312844949148925952
28334775357970174705664 7252300420135616780301809368304835016706952779218136648403284062231196598272 37779003920551199637504
28445458074212296229892 30757537695459879148555122863562340108629702590012323949506678856192947650560 5017820632824735137920
30223299203850511056896 30757537695459879148555122863562340108629681780081459066599680113525338931200 2418294379101425888133120
37778931898141533798400 11534241633132732460376239234064760755756266350055629078817504522795339617979 5846006549323611672814778016491359896290902147072
37778931902831638090000 11534241633132732460376239234064760755756266350055629078817504944141275067904 19845726254793902065557962752
75557863725914323419136 293326010052679441455220347435738249834182382705454831827802457155833992 6130034777522499345938484006422592460054871001356304384
75557863735294531993600 293326010052679441455220347435738249834182382705454887053192898501742592 20809930864882907000088469841117184
113336795624055857217536 263993588073697430342447721406416052539877341250670157068229070191464584 5846006552045870608182285724198374770143557390336
113336795638126170083600 263993588073697430342447721406416052539877341250670157068229079835152384 19845726264035288500922290176
113343713364189730832384 263991797764739064870273850734142736142198425516990164459149350482870272 2722258935367507707707014873852655243264
113343713378260902508400 263991797764739064870273850734142736142198425516990164459149360126492672 9241386435364327424
113347172163887923462144 1790308958365472173870672273316397678915733679992609079719708594312 70152078594605599009144843905603333629343481008128
113347172177958450759808 1790308958365472173870672273316397678915733679992609079719708659712 238148715066768211222059880448
151115727451828646838272 38446592130025235617799232007201685444709192745781386372844970903074850735138 17538108850951629140936900192937466092679717715968
151115727470589063987200 38446592130025235617799232007201685444709192745781386373010648478821048665088 59537481586132420214954917888
188894659349970180636672 11533977639320870143150212764609520305539176762849911698661360158760184579106 5846006550004176406656654943418113614754065957888
188894659373420702077200 11533977639320870143150212764609520305539176762849911698661360580096476333056 19845726257104248674399044608
302231455185132270387200 30757332368506080910370838260849503454184333107840254622064069259790207156224 6130046469624800973955952128544768906161067390171873280
302231455187468732598400 30757332368506080910370838260849503454184333107840254622266563481601440743424 20809970556638238338606619238072320
377789318911046593806336 58664843952841907209469720555338056865660422067783581921701092573577216 7662542010401487532084920646210663378982333142133654528
377789318922763264592000 58664843952841907209469720555338056865660422067783637147091525347311616 26012408619672072361981679752987648
453347182636960917225472 30757273703662129775835300816306115884906708430638467433738013373924751966208 64306518060185957948792896606428905752087635234816
453347182658057796585600 30757273703662129775835300816306115884906708430638467433903690668780088721408 218304502920727879247907065856
453354100165988558307328 30757273703662114409490252589711605965893539581655942076435221036880686481408 446017626229547830338425023946892887711617024
453354100187086296451200 30757273703662114409490252589711605965893539581655942076435222160444131115008 1514117994956526769475584
453357558930502378848256 15366345048226594509919013168848982525357302792337044065484800 70152524609509569621607674622920265648378537381888
453357558951599472642176 15366345048226594509919013168848982525357468468508335957606400 238150229175521781313465028608
4835703282964323939387400 30757332368506080910370838260849503457934770707739339556572500059493792481280 689609160746296398682424162123776
82509187265541109815705600 30757332368506080910370838260849503454184333107840254622050965963969027637248 332351050234965081276272120407523328
154742505054787722438246400 29121449966547267542873982756203731937517834857692047024677179715731868090368 4951760157141521099596496896
154747227277155404007604224 27664492917518664697039341207394691421708485427605793650757661894901760 618970019642690137449562112
155346967965157986979020800 2909272545803956584665855673879148868973132210976746711621270765568 1809260021673968684404399908495160104486255437538733099619758712215000154304
155346967965158262930669825 11534241633132732460376239234064760755756274153891337285610472809110981050368 657655645870499283406422016
164413911620711955090636800 2909271430833760839529150001004975219463027389220739179121089708032 30757420368457467634973070192501292920368069386565644074821358126924210110464
165056153462980361165209600 11534241633132732460376239234064760755756266350055629078817504495530263183360 316951335683285018507766398976
309485009821345068724781056 56191690964349691297862612616493721974944490604809155128604691928186880 8665580274997661924293869568
310693935640960249802784768 293326010052679441455220347435739272675125337656692862674110421632286720 689607845424969628907757201522688
310703417556769860667572224 42291573999400927172790237277575923872332661902518284888114761770069858975744 1809260021673967680068122246626237890759947724312106523231552037707386470688
315529638923924573742172168 58664843952841907209469720555339079706603218252000287415132737794736128 862009642367300645071069315612704
315539268413684566670180352 2909272545803956584665855673879150167037443248811507076131836657664 22430833596712038678137246136098329795370730400534004528420402283774144
328837858270200008177352704 42291573999400926154910810074082311049318759507594464082973675671690510598144 30757420368457450561256349940729615232639462498160514083978191733561690685440
330112306618519679018205184 293326010052679441455220347435738249834182382705454828254196152143970304 332350416327457421131966229470248960
406211471980835304219082752 2909271430834143960491340897812560439189303765365805176228264542208 381324171144104657529554460199643419227319744940530253366194321150181376
412621493884060788833910784 58664843952841907209469720555338056865660422067783578348094788116414464 415437941171487892491694906942685184
464227514732017603087171584 422123340970305637502997147623342961460801879182609003838531698688 162261133810107860762629075107840
464227514876132791163027456 276643174861640472899601713663581666565912580342993819364623972583866368 4951760157213578693634424832
464232237098500472732385280 27664697397170920565033924063791027665256572755990646284565851936915456 619040855139933182127767552
464255849939721137489444864 27664275273829950259396421066643404322295111954111463675562013405216768 70835497243044678205440
464255849939721137489444864 276642752738299502593964210666434043222951119541114636755620134052167680 72057594037927936
466040903606118512733454593 263993588073697430342447721406416052539877519863417737214857921354006528 657655646176744058067681408
466045791853123507438520328 1790308958365472173870672273316397678915734891279611935783705903104 7891867750752236175538323584
466050385521927847646593024 223788619795684021733834034334690893334839693736152046672008970240 1356947172959060927109101603063653216103519739690202182767259786811854045472
466069349353549001088239367 263991797764739064870273850734142736142198604128526457602922137648103424 306244774661259392
470886236234164415619923968 26912614492270870446873759168134493459308713879440907960340939136719682273280 6901799003338132577092852390176357810752640929758273056666497398636608
470886236374338954021830656 20488460064302126013229569861457264690123652778966837960376320 52656547568789658096527899332358301450098802788755169246005198912
470886236378842553649201152 2909272545803956584665855673709007685502759383372912639791870246912 8627235590035773523951541355745614173865448541017458415087407486500928
470886236812876967737032704 26912614492942236306260811233335995561802363009034308558737893061247507628032 10352672176733414470810230321314870536978236345236015207415123095355456
493251769890911963267989504 223788670012497907750262599676333241234219161138504624682855038976 23068101940304035760928814304904258079250120734364582676521491017253022334976
495168460081500040183414784 263993588073697430342447721406416052539877341250670157068229069567426560 316951335830876985495952293888
495176015099241875837550592 1790308958365472173870672273316397678915733679992609079719708590080 3803416028347012189081382682624
495198683688144934006685696 263991797764739064870273850734142736142198425516990164459149349858836480 147591966988185894912
570625383448424871979122688 26912614492270870446868573526484679598739687967369535128303552619122314444800 117330583056748253810953368663065851699645321956125366838414533954895872
570625383529489665271791616 19323273054670973396438332480115720288654056365978871740235776 895161308669424187643834381042409455874760251742830937701045239808
570625383601547259309719552 2909271380616946953512678314911655466771184859251056935735442538496 146663005030608149907647722873511715828029101028279519689365253240389632
570625384060914421301510144 26912614492942236306255625591686052339488728432996665021810019763013938053120 175995427004468046004336231077408256344740045554062178842152950409723904
618970019642690137449562112 7365101989535277096122214392195574017366707614972709912827793750113724137472 17331236107859049762911158272
618974742009173007094775808 3626011888698021258628892526215726468807292846692370321621934914777796050944 619045577506416051772981248
618988909108621616030416896 3739090963555549186313795298247333607849402161086234298251027312162514141184 75557863725914323419136
618998353841587355320844288 7252024640101171829619688836361654641953717220904490240811696918923730485248 18569176147144430037810282496
621387871281920499605569536 38446592130025235617799232007201685447777741586241181651521758018303336382464 1972976972640273950367023104
621387871860631947916083200 38446885453797400391912174985033613076571847005261388522147789401816932810752 22430833595707702400475377213884603487657503773957616321745894670090528
626223574564884823544956936 30757273703662129775835300816306115887975252068660199072939586050843585019904 7234262280025617392870686848
626228462952064356651927560 15366345048226594509922081691677252003649890510116788285472768 7891917925896116676277108864
626252019444246483724077064 30757273703662114409490252589711605965893560391408195423049075934055299547136 50175450125275400044672
657655646482847820362547200 38446885453797399374033871714104065422133847648449577738045358478436062986240 381324171127030940809302688521955690620431339810539410199800958630756352
660224613237039358036410368 38446592130025235617799232007201685444709192745781386372834249993280387284992 950858843343429324398703673344
742733800502580467852115968 30757273703662129775835300816306115884906708430638467433727292482306590113792 3486488874131598514950638665728
742741355597200156520349696 15366345048226594509919013168848982525357292071518131110019072 3803440209814883533458405064704
742764023186902231738744832 30757273703662114409490252589711605965893539581655942076435220964175480094720 24181615463311365208276992
773712524553362671811952640 6582018229284824168642177475427932643072554738670693729223835648 1298084737124041409325713028284416
773712524697477859887808512 29121173321683912538519860604478079765357897099268496514127379076405157429248 649042059077011171548163941072896
776734839247078762536239361 11533977639320870143150212764609520305539184566507007006463306459216663805952 657655645947060477071736864
781570542380857761447542784 26912614490704350108303971015997655220156865910389639897414713312821423112192 904629148039706172028542037758305418616408710190412716034067391783448346624
825280766700019719201619968 11533977639320870143150212764609520305539176762849911698661360131495732183040 316951335720183010254812872704
899440809793284105981394944 26912614490704350108298785374348143203658593547572898710121795950041859358720 15378695516675004924534350467607789665688356317581145582720007181550894448640
928483363662932424045625344 862718293348820473432267486059289987392805894707045168476826586054656 18569100589280704123486863360
932091289417401808583655424 42291544666755162985726784533570396053007577865676976655559279572453053956096 8627235589834906268419167571302868912322803215702181234921107806503200
932091436995857997887438848 26912907814924105780981658238714593070060797345454325285608014822269383606272 10352672176532547215277856536872125275435600923441052310295420654862624
932114993049502111269650432 46135910555493171614235378884567408948840341560667954109853794250551011049472 52656346701534125722743456587096758814677007825858049543564706080
936927140274316514586263552 1707371672025177167769300964269640074709076326016909796442112 5176336088366707235405115160657435268489118172693566043894228208075040
986493504753047828539899904 42291544666755162014729460918974973593704082696993753640776645827805147299840 146663005027193406563597368537974306219598188377666736867098155286528000
986495866008346857400434688 26912907814924104809987297847918891763042029241237811520707048142066941952000 175995427001053302660288799745145508542145550176635142868967363513942016
986518591865620911538307072 46135910555493171614226489213168245491986160367267826360208793057214616043520 895157893926080140212502118294606861379382824706857752114149457920
1063867118463683124581629952 1660489951562893112286095278315394809627286112072065467023360 87997713502234023002168115561005043512084106387874097821215219221790720
1237940039285380274899124224 117331030632280473506994312611574763306630370094041390702766293573438566 3831262236190919440342584179999843489074462903131701248
1237940039285380274899124224 117331030632280473506994312611574763306630370094041445928156728490249216 13006174541246652834964437119008768
1237977819370164736667680768 3133040677139576304273676478303695938102533939987065889509490040046 23384026197294446691259112065965439585163608588288
1237977819370169426915098624 3133040677139576304273676478303695938102533939987065889509490154496 79382905019175608262231851008
1238015606372759701054029824 117331478209520064875037780279643092406050099027461388855036223500587144 6130005547489752727880119932532510003255389546845569024
1238015606372769081333909632 117331478209520064875037780279643092406050099027461444080426658417414144 20809831636251633030578142051303424
2475880078570830918542426112 11534182966946053021809941709472704519049825380107602821008723457594339756629 766247770432944429179178584177555504726975547904622592
2475880078570830918542434848 11534182966946053021809941709472704519049825380107602821008723878938132130304 2601219031668326731871234977431552
2475955638740329473335361536 410653907634038545353759323364222033998975328581984700269787878528909312 6129982163463555433433428673420444037815804383236980736
2475955638740338853830197248 410653907634038545353759323364222033998975328581984700269787893530099712 20809752253346613854969879819452416
3713820117856211193441550336 117330806838538562806897047274234261033970844785545624029185647254702677 766247770432945790308646267931409358234412474232244224
3713820117856211193441559072 117330806838538562806897047274234261033970844785545624029185651540797952 2601219031668331352564452659595264
3713820123620994638336229376 1118943098978420108669170170822748549322333549995380674824817871445 1361129467683753853853507436926327621632
3713820123620994639051913072 1118943098978420108669170170822748549322333549995380674824817912320 4620693217682163712
3713820129385637345742553088 117329687895439584386788378104063438285421522451995628648510822436831232 9194973245195334511279610693884519910231143501183092736
3713820129385637346100119680 117329687895439584386788378104063438285421522451995628648510826722885632 31214628380019925403148037411342336
4951760157141521099596496896 23068013942590542063768242962358595350035502313104585531420069109207325212672 2298743311388036268331658245098809977567330450725142528
4951760157141521099596496896 23068013942590542063768242962358595350035502313104585531512112269266436227072 7803657095307801946327723213324288
4951911277480658946670723072 53825228981408700216607942031995310440313694267897898633761636814541201342464 89202980794122492566143463386403807011274752
4951911277480677707660394496 53825228981408700216607942031995310440313694267897898633761638780777229451264 302821750714018281029632
4952062390902549241080578048 30757332368506070666140806109786496841508887208518571050528874368427496833024 6129982163552758414227551165986587501202208190248255488
4952062390902551577829050496 30757332368506070666140806109786496841508887208518571050620917809377469005824 20809752253649435605683898100482048
7427640235712352018138923008 11534036303717240623351038115330904268929220053882204276477532144241475846144 766247770432945109743912426054482431480694011068433408
7427640235712352018138931744 11534036303717240623351038115330904268929220053882204276477532565579910610944 2601219031668329042217843818513408
7427829130371842725807915008 11533977638873292903558844721141852237210077343120978278663207888830257430528 680564733841876926926753718463163810816
7427829130371866176329381744 11533977638873292903558844721141852237210077343120978278663208310166549168128 2310346608841081856
7428018025031192695988551680 58664843947719792193394189052031719142710761225997814324255411218415616 7662477704329444972356519683652481974023473942210036736
7428018025031204412659337344 58664843947719792193394189052031719142710761225997814324255413361442816 26012190316683269629058958615397376
9903520314283323674169704448 15378636852278646395938198514563645432730556093098868625006823494960099099682 5363757777146011279495063840921097961914817805952221184
9903520314283323674169706624 15378636852278646395938198514563645432730556093098868625135683301079959749632 18208612604886128049420925354901504
9903671431163697007423389696 15378636852278649810681542564917980970289038059539429815518555125414335874082 23384115400275240813751678209428825988970619863040
9903671431163715767983671424 15378636852278649810681542564917980970289038059539429815684231858487950328832 79383207840926322280512880640
9903822554961317893341446144 23903203408352480348762909373765083928333582121413179657420800 6130005547578955708674242425098653466641793353856843776
9903822554961320229874958336 23903203408352480348762909373765083928333839839901855934054400 20809831636554454781292160332333056
11141460353568703949068828672 447582361706384118999171374666822369389775205765749715611282310178 5363769469069907626489020819787914408001925043909051392
11141460353568703949068830848 447582361706384118999171374666822369389775205820975106041913033728 18208652296035818196857647030879232
11141649248228018734877376512 447577239591368043467668068329099419728933419998152269929927148578 35076039296622234770730545025874913096208576693248
11141649248228042185398814848 447577239591368043467668068329099419728933419998152269929927164928 119074357531073759002188858368
11141838142887333520685924352 5122115016075531503306337722949660841785767597445681355161600 7662512780368740914026556572320580922182851687622919168
11141838142887345237356710016 5122115016075531503306337722949660841785822822836111985868800 26012309391040798392471351963173888
14855280471424844773766201344 15378636851831065741603486420741641826842974706929374014496939594575935176704 5363734393298221307766085250695172776755477182693804032
14855280471424844773766203520 15378636851831065741603486420741641826842974706929374014588982473742042005504 18208533222586756995933917367273472
14855280477189452296800436224 15378636851831057204745126294855802982946769790827971038217610518440343240704 267610303511835161452284243666648347361445888
14855280477189452297516091520 15378636851831057204745126294855802982946769790827971038217611080222065557504 908469872835272525252608
14855280482954059819834671104 8536858360125885838843896204916101402976279329076135591936000 9194973245462943453661978171582950300390354922216916992
14855280482954059820192237696 8536858360125885838843896204916101402976371371393519976448000 31214628380928390655290092254431232
158456325028533178786715273224 15378636852278646395938198514563645435117195364406812050925948819586687172608 603404316341255705885664499204096
158456334510155129073797431296 1707371672025177167769130821788115294363952014622769023025152 678469272901227856344381069333544659743941014171297405671755253657976717600
158461160879381088501143699456 23903203408352480348767682631497947561233163015737226221846528 689604557156775305187440317169664
158922375414050603034734493696 170141183470372752045970345915077099520 1356938545776127438904367309618825369821704175691759968097599868650372743456
159077717640628326229684029448 15378636852278649810681542564917980973357571292685035084234951067761861722112 2630632618510773233773445120
159393252021229039111997751296 1707371672025177167769300962971565860075369418884285714137088 26328273784394829048263949666179150725049476952817771289662996768
2535301210491487579091402489856 1610272754558837452977856179179384060386603929870884510105600 11533977639320873557891329907380970983899327859164151703310818189945369264128
2535794452226349714956674400256 50216813886016449385348121222068700994251409595024141189120 23067955278194166461448330844825218948576702161138314648744632589700827185152
2536365065213739244683165433856 1660489568439007895813880688728638022049990207387284921122816 447580654334712093821939491436544442020990968879815607594539548672
2703661045799347363048329314304 15378636852278646395938198514563645432730556093098868624998485043897419431936 290805386104935764335292608596148224
2703743557504439784882214797312 23903203408352480348762909373765083928333565444583759504474112 332348831575615298281142566042730496
2704321275449698456033680162816 15378636852278649810681542564917980970289038059539429815507834270148777213952 1267810179026714342906470072320
5070602400912917605986812821504 844246681940611275005994295246685922921603758365218007677063397376 405650667953111979239494823968768
5070602400913061721174888677376 29121173323372405902401083154490068355851268945111704030857815091759284224000 649037107316853453566312041152512
5070757143417828278521175212032 14617291753836168579533903087325133903326400098125435752924202575806894964736 2475880078570760549798248448
5071066628427649623589899993088 165986073766320671862016029397008049276732132526547964662375918962999296 162261752709291934152127808536576
5071376113437470968658624774144 14617125766918155576921429796289742600030437443071305446594322192210868568064 1947113797830638931459485921705984
5090409441541483690385198809088 117331030632280473506994312611575786147573205970619071035845050607075328 431003834700181478506012715515904
5090409446282296917328553574400 447582361706384118999171375891707265579790128616425127734673408000 678493429145082992239611236220382377663921645038667314987165363110288654528
5090564793250117397177503318016 1790308958365472173870672273316397678915734929058543798740867612672 1809275550603248963172921636695850227793523452708199229145154034433395884224
5090564793250117397453463388160 3133040677139576304273676478303695938102536059739320887621485330432 2630622583481997133625688064
5090720135624703106824372750344 117331478209520064875037780279644115246992934904341890938828996533551104 689604557146740276411340169412608
5090724985551289314447340863488 2237891320071856292869843649208104944495525057674968926475541020672 24156270183409679624995935101667586158483518204752561320748117892628672
5248865766570012365572286709760 26912819817658179079178352071899511715089617914934919669150024369434995458048 904632598912879567310435755136236557129134935785828193776218140409145065472
5248865766570016869171914082312 447582361706384118999171375689663312146268272783406356208688300032 603405631642512494669324829605920
5249176470135147591622258065408 26912819817658179079178352071899511715089617914934919669150024369434995458048 6901799002936398066028104821290867287667350279127717543412393431793664
5249176474728527040514338324480 26912819817658179079178352071899511715089617914934919669150024369434995458048 52656145834278593348959013841835216159448172233241915142038355968
5249181296208936290146028881928 5122115016075531503307360563892417334549963503372262761824256 862006354089071292574652283502624
5249642501409119269796421044232 447577239591368043467668068329099419728933722819902983945926475776 3945933875299556894103846944
5387515055987489344409986662400 447582120626828718189593519650051978432944331966484497805172801536 11534388295466410868110627180412651504637118332663629258346333381773777436672
5387679469898956933977746702336 1790308958365472173870327308664107908339013049350579050377662955520 30757684360255232374037940412459154186527166476404561604728525868287198756864
5387921267460082669263528132608 2237891078992300892059920828314159886771957381317063548182835757056 410656593117964553626242968403539959744030689466312912518982018319515648
5408560031637826421034273734656 117331030632280473506994312611574763306630370094041387129159988977598464 207718495158740402869323818298507264
5408725092828249734501097275392 3133040677139576304273676478303695938102533939987065889509490032640 1267805342733140074031065595904
5408890146462502349443287744512 117331478209520064875037780279643092406050099027461385281429918904745984 332348831570779004706873690638254080
7922816251426433759354395033600 26912819817658178399480744105847667195226998533138337677531472484459417174016 15378754181518952644326543850470204008093001412304743519532010919967349276672
7923145091645959258391432921088 26912819817658178399480744105847667195226998533138337677531472484459417174016 117330583049918767122852659991990692200416575716436336666351401672114176
7923145094302371469798901022720 26912819817658178399480744105847667195226998533138337677531472484459417174016 895154479182736086935163305882910227128520562712658874568762458112
8112221077437173784082603048960 447582361706384118999171374666822369389775205762176109306963820544 290806020002770874229052495770943488
8112633698930981002202794950656 5122115016075531503306337722949660841785764023839377036673024 415436356414809476066602368110690304
8113046358203720083280148561920 447577239591368043467668068329099419728933419998152269929927147520 1901708014136608102793644867584
10141204801825835211973625643008 110657101095319801037585684266573617289180447816445854702248053620867072 486777830487640234289922106720256
10141204801826123442349777354752 138322431677502177061075862826086079968879211775255274900319663355330560 144115188075855872
10141204801826123442349777354752 29121395498597814508713124383945456794407034920326951558143281355609761382400 649037107316853453566312041152512
10141204825438676432638382702592 27665330582182376023490178559512462679698763958809420198071609734463488 81129638414606825810977080999936
10180818883083256737046456173058 11534182966946053021809941709472704519049833183903618666826852096798168711168 86200240815519599301775817965568
10180818892564593834657107148800 7689377090759481444279772617148456830755140816764337471690618693891223715840 678493429145081987903333574351460163937612633747729625206334602575832170784
10181129586500234794355006636032 234659375804538142149778173550279923145148051748310554641207558368395264 1809275550603247958836643974826928014067215739491476173071230406523021705504
10181129586500234794906926776320 410653907634038545353759323364222033998975606422152267382323325230383104 689601926524156794414206543724544
10181440271102695825183676039168 7689611750135285982421922395322007110678285964816085782245259901449592111104 24156270182405343347334066179453859850770301481696487397120207518449952
10339275208111496055957485518848 1118949928465108209377841247516176885214270532816350268321762902016 2940033515949201167132976015525800108334044277358252066521901730624790692032
10339275208111496055957485518848 1566532290171492328377012623067600485789003968390346887887069380608 226177129688643208584393358652264099099354177145753218099056292905716121792
10339430555079750570220523094016 1118963587438484410795183400562751190057397281918202912880403152896 1809251394491035196199665615050332258204439873540290884950098794053518852288
10339590747379615880648469774336 13658973376201417342153046574304843126749101852644558640250880 157969642706368974289583697997074904350296408366265507738015596736
10339590747379909740524155699200 1566532290171492328377012623067600485789003968390346887887069380608 20705397010014397731278557170529073432257922789274819169999492195909824
10775030111974978688819973324800 7689377090759481203198735593135302913302992182005763249437961353339586215936 11534388295466393794393523807678760619355726395844770242247204252517687885824
10775358939797913867955493404672 234659375803761350809978856598847506748554931930248468201753620066074624 30757684360255215300321220163610479773460365424416704799632208556435737411584
10775687759947994304345861521408 7689611750135284964549545571991901760809740736937693497906163106959652290560 410656593100890836905994119729126892942978701609507816201670166858170368
10817120063275960283111859683328 11534182966946053021809941709472704519049825380107602821008723430329401999360 41543445470679533945849957446582272
10817450185656499469002194550784 410653907634038545353759323364222033998975328581984700269787877558190080 332347563765436271566799659572658176
13310331302396408715715383656448 1118949590286252218343225066785880567310488570499249476162266595328 49980569771136419841420666212239189416013880726742312815432315820694692691968
13310331302396408715715383656448 1566531610479070043537684317441707820633471466381303490088970223616 3845011204706934545947355255177549500590617626511257498580327921790102798336
13310495716308335672445135486976 1118962472468288665658822692340867311124014339870160128743426752512 30757273706347598335492586732422253789694650813339376047044499699372014960640
13310737513868011248650903617536 12882182036447315597625554986743813525769370910652581160157184 2685483926008272562931503143127228367624280755228492813103135719424
13310737513868389551019602739200 1566531610479070043537684317441707820633471466381303490088970223616 351991749170244761432860105989197555098935965868376100515243601864687616
15271228324624740427431654982146 117330806838538562806897047274234261033970924169207697580980814882013184 86200240815519752424163148595264
15271228334253655981231693957128 117329687895439584386788378104063438285421601834900647823520950065823744 1034402889786235344743697146216512
15271228348329529952838617302791 1118943098978420108669170170822748549322334307049757459864816189440 153122387330629696
15429684654393792973286039093248 447582361706384118999171375891705967505575570467381721024914522112 678469272901227856344381069333544659743942312245511963820222199615398625312
15429684654393937651424068370432 205328520349309444169208038694734084599973596547834661536880511831506944 452312848609594662157718989238451089718020393022548020540335906201878413344
15429684654394227007700126924800 205328072772069852801164571026665755500553867614177954764656740938022912 1356938545776127438904367309618825369821702877617545258832252549359630041120
15429684654394665545713842126848 5122115016075531503307562606547776641762644882045425374199808 26328273784394829048263949666179150725049401394377584623002599456
16225680094913786704146133417984 117330806838538562806897047274234261033970844785545624029185646977351680 41543445470679607741833451539529728
16225680107505764779087445884928 117329687895439584386788378104063438285421522451995628648510822159482880 498521345648154481146182983451934720
16225680120100125574890986143744 1118943098978420108669170170822748549322333549995380674824817868800 73795983494092947456
18697846358383898060125370318848 447582120626445594304399348180660922299298290388852461386132881408 11533977639320873557891713031266165155198579029911543071305229868605980540928
18697846358384051182512700915712 205328520348629751746883636060386649499405362075385591433203498012901376 7689318426363109256705790636194604852163060339366153948825417190417742430208
18697846358384357427287362109440 205328072771390160378840168500860228670958900463658972061089265103142912 23067955278194166461447947720939980175446771562223701594733420633552182050816
18697846358384888852043391827968 4881035077550836795220269435414591403492332935050430211162112 447580654334712093821917190521204727937380125871415468850522619904
20282409603651670423947251286016 14504047554765756961598430808188337165327459656197191067533056884194288861184 2271629875627876697528758800744448
20282409603652246884699554709504 18130059444512504554423802603992914325717681973898493532372843614839190323200 144115188075855872
20282409622541136355425832140800 25382249207547026014924574386613482768807345572668813734921425429016766054400 18889465931478580854784
20282409627263502838295477354496 3626011889746747592825371795804577160390222317701302464839786730644901462016 81129638433496291742455661854720
20282409631985869321165122568192 7252189763034521460500771782620568443089663598770320202548581814177575731200 162259276848102829323056591142912
20361637766165934761540795236352 11534065636363008225157834909690767626515955714021233837657591062144149880832 2940033515949200162796698353656877894607735266067314376741070970090334208288
20361637766165934761540795236352 23068013942590542063768242962358595351740252825052621600883224331454443945984 258600722456593826681427601653760
20361642611350844179751460997128 30757332368506070666140806109786496843213642922904670456645493314968268832768 689601926534191823190306691481600
20361948474324449436482846851072 42291339340025122634648087499402373592409516754466536577560120562511490580480 1809251394491034191863387953181410044478132160323567828876175166143144673568
20362259173000469588710013272064 30757273703662114409490252589711605965893561040445302739902529500367340699648 157968638370091312420661484270767191133573352292341879827641418016
20362259173000469589813853552640 53825228981408700216607942031995310440313730684964341990335882884596774207488 10035028776100147757056
20520094091194467940327510509576 15378636851831065741603486420741641828547720016399655294797043587465586147328 603401685738742434563118499659840
20520094100823668346803980666888 8536858360125885838845600939820695557583272505620437936373760 1034402889816340431071997589487680
20520094114898534075044326443016 15378636851831057204745126294855802982946780195704097711524537967027649773568 30105239450687773900864
21550060203879899825443954491392 11534065636363007984075673953113548540487904041150649594366278546594033827840 49980569771136402767703562839505298530732488789923453799333186691438603141120
21550389046755837535888460480512 42291339340025122393560000095225712201812010952662533834505473918070444523520 30757273706347581261775866483573579376627849761351519241948182387520553615360
21550717879595827735910986809344 30757273703662114409484326142112163661324106911511884240139195371476410695680 2685466852291552314082828730060427315636423950132175501251674374144
21634240126551305684137094938624 23068013942590542063768242962358595350035502313104585531414113044171084267520 124630336416874895411818747744223232
21634322645812799332501539520512 30757332368506070666140806109786496841508887208518571050522918285214954291200 332347563770272565141068534977134592
21634900371312998938004389101568 53825228981408700216607942031995310440313694267897898633761636687307090165760 4836293574268875404476416
24337901172350653047185424252928 15378636851831065741603486420741641826842974706929374014490983547716134502400 290804118309265692139739822432452608
24337901184942861720501406924800 8536858360125885838843896204916101402976273373065628394455040 498521345662663361868989609665363968
24337901197536223315321996443648 15378636851831057204745126294855802982946769790827971038217610482087740047360 14508954518790120306376704
25353785717089141392605876060160 14617126629629866907512618404388586481844996903234127598900819975308230787072 1947111321950560360698936123457536
25452047212448231678869348810752 223788619795684021733834034164551007938681575397088833381014175744 678469272901227856344381069333544659743942312255415559692945432879298527520
25452513258092940379773640638464 223788619795684021733834034164549709864466941690181700756931870720 1356938545776127438904367309618825369821704175701663488411882915247612248352
25452984158551758903157354135552 1298074214633706907132624082305024 26328273784394829048263949666179150734952997267100817886902501664
25611285103278327984874529488896 26912614490704350108303971015997655220156865910389639897414713312821423112192 904625697166532776746648320380374280103682484594997238291916643157751627776
26937575259867389169853941153792 223788619796067145619029686542801605922305744182999714439259750400 11533977639320873557891713034189190730775724580412427100060479088861055549440
26938068506619765693768211103744 223788619795684021733813214328212019165518166887095029658713849856 23067955278194166461448330847748222223238507997555587834491481671211885264896
26938639147055910405174514941952 383123885216472214589586756787577295904684780545900544 447580654334712096744942766098350278438264154626664689105597628416
29473775896116126868904330919936 26912614490704350108298785374348143203658593547572898710121795950041859358720 15378636851831057204742157084745375323283711222857547645908003443134439620608
30542456649249191498587251409410 11534036303717240623351038115330904268929227857578990733967315235745770242048 86200240815519675862969483280416
30542456653990149403668635451392 87997265926701803306166815081355141320613989778368503960798749465247744 1356938545776127438904367309618825369821702877627448779147112056709172969760
30542456658730528596197902385152 7689406423181455304175869314242982846614712172175318687186500306465382727680 678469272901227856344381069333544659743941014181200850428174574340859248928
30542456668360601575102091362304 7689318425915528602372563147427901491473391558185540318682539507715917479936 26328273784394829048263949666179150734952921709237091972545528096
30542772178887826066884935026696 58664843947719792193394189052031719142710800917450323911760475032911872 862002408155196069578951844970528
30543233384089017289901904758535 11533977638873292903558844721141852237210085146778073283643403475270737330176 76561193665314848
32325090310837823493376921567232 87997265926460723367628087673953163151930168174837426985252631665967104 23067955278194166461447947723862983450278718582101444012212533479531427659776
32325090315854878514263927816192 7689406423181455063094832287500931340708768244802933474757688780281314541568 11533977639320873557891329910303951957815935164958283277781530897180597944320
32325090328252081323714768011264 7689318425915528602371464659413257387545616314634758637330703527649648574464 447580654334712096744920465353151747815122543350528314829768228864
32451360189827265967248954621952 11534036303717240623351038115330904268929220053882204276477532116976884776960 41543445470679570843841704493056000
32451772811320842586994476318720 58664843947719792193394189052031719142710761225997814324255411079741440 415434454706795376356491321512296448
32452185470594580869054780669952 11533977638873292903558844721141852237210077343120978278663207861565805035520 36897991747046473728
35494216806391432048224220741632 29121173321677330520290575780309437587882469166625423959388708382675933593600 81129638414607258156541308567552
35494216806391432048224220741632 29121173322732638872716339874066930456940826570277428657345230892272262840320 81129638414606681695789005144064
35494681062239354156728648204288 165985651642979701556378526399860425933770671724668782053372080431300608 162259276829213363391578010288128
35494990518914976604579501703168 862718293348820473432267486059289987392805894707045168476826586054656 1298074214633707483593376385728512
35494990518915264834955653414912 29121174184395623869111049212576923647172456559431318666433876859502519648256 649037107316854030027064344576000
689601926524156794414206543728896 223788619795684021733789519786438580378430285186430340774613753857 5857424532569994256457360225619860744057915484672
689601926524156794449390915817729 631954097305874928165093956393222929404003583837335983035686871043 2281788416
689601926524156938564578991669505 210650294345822517240958437719457234940208904920137583561189359616 657655646061761255203405824
689601926524156947536593874321408 223788619795684021733789519786438580378430285186430340774613745664 93718792521119908103318421265563831273644548423680
1379203853048313588828413087449088 234660494740406684008391632884468658966320298301124794624798558982766928 6321577173098282924457929828665103278235182638045409792
1379203853048313588828413087457792 29332421973859896096691259937448077607361614339955797626010173945544704 767744348109574342290242356322148664060095893191340544
1379203853048313588898781831627266 220883896301865457765794324019592656573288360483800868279232650469704016 6130011394031522998798479041259302380574015323751133696
1379203853048313588898781831635458 14475971274216975924673083044862243633616012447820661064596646216187201323008 299067162772480
1379203853048313877129157983339010 27610355380495648979806904348764698698083061585692273352532211743588352 86200240815519943827147311808512
1379203853048313895073187748642816 29332421973859896096691259937448077607361614339955797626010172871671808 12283909569753189476643963901395194144905361438372003840
2758407706096627177656826174898176 30757273705900005428843585862170778586910633816036365842716789318594588573856 81296580525409022504789911021223177247700302298624
2758407706096627177656826174915584 3844659212957764301185516822521194428152101514766686306436405519390435442688 44689625523935763022482259924332142540121600
2758407706096627177797563663254532 28951556005565113389510840771483205044087993571556015575666914711504831905952 75998620364195951985379538214357802664226891890176
2758407706096627177797563663270916 10856833501296978716377955388624969084882854756771261393127768211406901477376 8704
2758407706096627754258315966678020 3618944500432325703081250566801286587755143048159857652863102057655612473344 5017629229839495987200
2758407706096627790146375497285632 3844659212957764301185516822521194428152101514766686306436405378635767218176 715034008382972208359721176418544101883904000
5192296858534827628530496329222152 1707371672025177167769120187964139111516674103041465717358592 5363798699682478043379915572915602284828065737559768591
5516815412193254355313652349798400 1607134203688221109321276478631372857513138635105214151000064 5374274869017795383308391970518953070540617151439568384
5516815412193254355595127326509064 1607134203688221109321617425612291688434520012620302536146944 603408919985970030307001631768576
5516815412193254355595127326509064 1607134203688221109321617425612291688434539614537680666230784 5363798699682478043379915572915602284826420664353161216
5516815412193254427371246387724288 1607134203688221109321276478631372857513120186109340627763200 85988397904284726132934874937223235098653863277043384320
8275223118289881533392690989779980 1607134203688221109321617425612291688434538461616176059383808 1345807936764416
88269046595092069685018437596741632 3334710296924174161232281001814088198986816792853519269888 26912937150255340235074643545535117897500766816670656449058766168928894844928
88269046595092069685299912573452288 1707371672025177167768779240983220280595273121357199388442624 5363798699682478043688896434590771056227741205797011456
88593565148750496411801593617317888 1607134203688221109321276478631372857513138632853414337314816 85831255364254966034007125564252987342935282232510644224
166153499473114484112975882535043072 108603300783199598787937653717896426935066921779742134744997953664 191563404109873576437423143709872146231296315361329152
166802536580431337566542194576195841 223788619795684021733834034164549709864466861409951491972963246593 5846006551025023507419431648182005265333332519429
166843101399638640907425273450856705 210650294345822517240958437719457234940208904920137583561189368321 5846006551025023507419431648182005115782571229184
177187130297500992823603187234635776 223788619795684021733077289736660508601847488184097633729016504320 29332421982396754456817134358310432164598687122370668206454132831158272
177187130297500992823638371606724608 223788619795684021733834034164549709864466709999076134964963581952 5846006551025023507756190024591865805579374034944
177227695116708296164451081737207808 223788619795684021733789519786438580378430285186430340774613753856 93547522797945346867748834948349937331262902501376
332306998946228968225951765070086144 14234851840255537812332564148112120471233091571514361085296371782647808 191561942608236213633033041187058480256907212700516352
333605073160862675133084389152391168 234660494734041702847965630717666669818987654269863059856228579717153104 60073949375436880513854812228762041538291303530690558598024459524844892681
333605073160862675133084389152391682 29332421973859896096697094526015859571355400458725161955880238657437696 766247770432947491720475802021325762180836447005782537
333686202799277281814850546901713410 27610355380495648979806904348764698698083061585692273352532212884570112 766247770432947491720475802021325762180836447005704192
354374260595001985647206374469271552 29332421973859896096597906520363566183461353971266045048129651254231040 3844659212957779667530563552538027720320684724394974630757813896730101415936
354374260595001985647276743213449216 29332421973859896096697094526015859571355380612998907162127706613612544 766247770432947491764615395921272886358208055787651072
354455390233416592328902163474415616 29332421973859896096691259937448077607361614339955797626010173945413632 12261460904603786718097379386642035096772642598276825088
664613997892457936451903530140172288 1865790500405973852138053848021351854405463778461530336171966042295213490176 11150627811040502274615456667279754579148800
667210146321725350266168778304782336 30757273705900000667564414542578704722221684448919735393987920145241255968928 1607492065174870827519681217306125485545689658033345406024838247218703
667210146321725350266168778304783364 3844659212957764301186281573713950745736695048926024427881134641307673690112 44602511244162009098461826669119019457603075
667372405598554563629701093803426820 3618944500432325703081250566801286587755143048159857652863102207206373720064 44602511244162009098461826669119018316595200
708748521190003971294412748938543104 3844659212957764301173280803437093346798646587721783056548449649194570874880 223793741910700097265292739011875598279025575796235786761378201600
708748521190003971294553486426898432 3844659212957764301186281573713950745736692447706992759554402761259423367168 44602511244162009101031147989457419055923200
708910780466833184657804326948831232 3844659212957764301185516822521194428152101514766686306436405519373255573504 713727294186365899499409659961117416148172800
22596875928343569839364720024765857792 223788619795684021733789519786438580378430285186430340774613745680 2753735991812209034599572026650264019624488139621461504
22596875928343569839364720024908464128 15378636854516535106498108744880235841533976705963626266230502113784465817612 23429921566474452372485471064785136753277568811008
22596875928343569840517641529381126144 210650294345822517240958437719457234940208904920137583561189359632 2298772541643792720353438473101851891177317254652030464
22596875928343574562884124399026339840 14475778004257120808682705668086631498210889522547133381174172816079547531264 2630647671053373329150836736
22596875928343574856879108073763897344 15378636854516535106498108744880235841533976705963626266064460587904083689472 374878745063591237959770167684233231855529775595520
22597565530270093996159134231309582336 42291339341815431292292742381780384695813321864801014344232453140672518554000 7901930133049692295630782963446161288544394314388602880
22597565530270093996159134231309582336 42291368675356349858301462869930379064099600759680363239082452992856107778528 1580419093268466845247078276161825611821857027724996096
22597565530270093997312090920296939777 39808472337717581691355709375359152663730059730280136706156140893972337787280 7662477704775459195763209600990465654683561100606177280
22597565530270093997312090920296939777 39808499949126215265868005456689402938643469600334455357550229993089585381856 1532524771166246800775819438788096060938102606185688576
22597565530270093997312090920431161601 7237889002128553172237436237048323801827029505960968735247029898187697602566 2281701376
22598944734123142309747962644397031424 117330806844967099621626593134676348536873840941301604120757867487691088 4741191146120381467723636179704910635625812387520638464
22598944734123142310900989702128567043 110442474779882861846566706624533861780956114141031774869103803486962000 4597515852719618555904613308919670690334048861221350912
22600323937976190623336791057484480512 42291251344773293510997525265071033907537502466217852222664762575763233833120 33066658528386120921683472593354112978164847275520
22600323937976190624489888483960194309 39808389506862085677351981407223736842501145879160523230695498472847287779488 29230211154961623177518590002930001390386064453120
45193751856687139678729440049531715584 29332421975467030300379481046769354085992987197468917848148310520496128 2370612106573434320229202136417489507459573904945726464
45193751856687139678729440049816928256 30757625692725808763908313316394351408530493614369857486755931803281585078272 6141954785278767614286249753518311068975171199460966400
45193751856687139681035283058762252288 27610355382102783183495125458086316123695353274126793401181311300796416 2298772541643791018940305794194825309342018573241959424
45193751856687139681035283059030687744 138052619503655628189103485577574371319355068764081047312995308844777476 598141170614272
45193751856687139681035283059030687744 193272487663469542858648330441352890886581431099845913467725489722228736 2281701376
45193751856687149125768248798052679680 28951887327723179608108780658368024486512649443476331702785109949298503581696 689601926569314423906647526080512
45193751856687149713758216147527794688 30757625692725808763908313316394351408530493614369857486663685697863736623104 98271276564460281828580685658219546418026645674619043840
90387503713374279357458880099063431168 3844659212957764301185516822521194428152101514766686306436405378910645125120 2923049270820751371062407420808851260296677835776
90387503713374279362070566117524504576 3618944500432325703081250566801286587755143048159857652863102057930490380288 44602170961795098063523695744963781849007104
90387503713374279362070566118061375488 18094722502372278809752075351247391376495172475739497169235648575612592857089 1140850688
90390262121080375984636536925808772096 49980833761367643753455009022783912197607978848388133011784057547514239426565 44688602682993006529718060444799256814944256
90390262121080394879290755912072037380 47046526999871910072626188216760656711702428548333465242281187457234601246720 5017514388048998039552
90390262121080396055306578670552875008 49980833761367643753455009022783912197607978848388133011784055717693887610880 715017642927888104475493984631176139783536640
112984379641717849202588207647576719360 210650294345822517240958437719457234940208904920137583561189367809 1345814781781504
112985069243644373359382657038492537089 7237889001075301700508323650843531613229743331259924210646341980381750763521 2281727488
112987138049423945824001256950717236224 15378636852950000303720487398753725311540598960958896651677773781434810540037 44689966470916681853403659750843104448514048
112987138049423969442174880311098377220 14475778002782554284054114853409938539617858367340475136053096148428396691456 5017667510436328636416
112987138049423970912185686744316772352 15378636852950000303720487398753725311540598960958896651677773218416137601024 715039463534666909654463573681000089250693120
135584013977767515663365976975625700352 30757537695459879148549004801508992457915278372662550053669878246688993443840 44691330258840357177089259056886952082083840
135584013977767544005059004710124717060 28951804496657030085490822796549431584329427132833132453364989251150592081920 5017820632823659233280
135584013977767545769064794818080669696 30757537695459879148549004801508992457915278372662550053669877120641982791680 715061284141445714833433162730824038717849600
170146375757327766559315834212280698888 117331478226593781595289551957335317126634326019508690774995792661385224 6130005548069572103041875569238488870092726600688336896
180775007426748558724141132235049009152 842609213054308510069380358964957001219277792372858415125054390276 4563437568
180775007426748558724141132235049009152 842614034456919574732708323817233838094343095988243263653232541700 9126805504
180775697028675082880935581625964826881 842604391651697445406052394112680164344212488757473566596876238852 2281736192
180780524242160751969273073850543769600 117331478225290694506885784487127196160297331949775484203134676655210504 6141978215155645486055629232459657793667125220214833152
180780524242160751978496727362375518216 110443106745230107147312419483741576983171559963657214674861269459140608 689604557211967962891927678877696
180780524242160751978496727362375518216 110443106745230107147312419483741576983171559963657469499787189714227208 6130005548069572103041875569238488870092128382810587136
180780524242160754330528372879337193472 117331478225290694506885784487127196160297331949775244366188316557574144 98271651442490327776890757323911736666627325064611102720
180781903446013800292085626144207153674 14475778001729312455130224396531802280725125866389561218683178490697479094272 34816
180783282649866848605674524926038789132 14475778001729304419459205955426255672637997804931119045990870409817182175232 5704288256
203377400170504321808637793875452233728 1790323422573305367860300049779816325383159899739158673124269031432 70289675324945566978794001129433132749014343684096
203377400170504326541380851761401858056 1685216818974413331917651396312488390146867150041214251212340199424 7891932978437588664117624832
203377400170504329187407480953101090816 1790323422573305367860300049779816325383159899573117710262559834112 1124634805199129071660711910003908532862208694026240
225968759283435698393647200247658577920 1607134203688221109321276478631372857513120222138137646727168 68296553227874381058055891495208550605529600
225968759283435698405176415293811261440 1607134203688221109321617425612291688434520048649099555110912 44601830679428167221615475912759468378563072
225974276098847891648002513900008374272 381321485661785783460674600296146285374332359276938489360270385005723648 33066658526280623776360165850674252911099785519616
225974276098847891648002513900360697856 117329687903475255405206145296398692822603321647388883679566766537179136 9212932177895808483875801802336293172546401018417547264
225974276098847891659532010421137770504 358934619948050570941177977643262700500692092302434073631567852249022464 29230211152919928975992959222149524062214459236864
225974276098847901104264976160428197896 110441421530018266937668722941666881920393704784941693473230359655088128 1034402889851463031788334120697856
225974276098847904044286589026864988160 117329687903475255405206145296398692822603321647388791434587394625503232 147406914846332935742013863240270542223774204391503953920
225975655302700939961591342313095823360 205326953817019272676838819562136543251531300379690583382071210116382720 72344882991323358084013044156443876270173059022848
225975655302700939961591342313095823360 7689699747401193602422901696084903645142534624638364577603191769631939362816 81296580520496195832368861954970170424548491534848
225975655302700939973120909202969397770 193272487663469542858648330441352890886581431099845913467725482219798528 70152613809768104808740160755580747254418030723072
225975655302700939973120909202969397770 7238247935484602671001849688022435081445638012995394608840509447062689939456 75998620359431998848486399725870022231826479718912
225978413710407036588768999139270721536 7689318425915533423773644709705716820133638923651945152234053637384580366336 21009178027726730762357991824600273532737609015808
225978413710407036600298706766632652302 7237889000864656227565112198265901140362562933194780609286926528309996027904 17538108851291911507869599096219399519811454116352
248565635211779268245694056823595040768 842601177383290068963833750877828939760835619680550334244757471236 15971909632
293768351893511221950068745007024570368 26912614490704350108298617757648360997064710603366804145054837652374515875840 2923003275533779401652177998372399535000932860928
293768351893511221965057181963860217101 25332611503026279921568753967609006114286001337119003570041714405513432662016 680564733851780447241685279008698156032
2892488387874572031508369181607626539008 117331478204441301092425504963868177670937813811556481591895532899467264 30757391036259261906412401655081482901367950165678861033156176722271076876288
2892488387874572031517592835119458025472 117331478226593781595289551957330884815882301833414171835234138212859904 6130005548069572103394993667504970112267083114847666176
2903122536359405016918326421245889871872 117331478225290694506885784487127196160297331949775484173861279076777984 98092061436199227031683762771036990845048452813217071104
5444517870735015415413993718908291383296 233223812591472969310956580548145601944894132408341387688899055816275918896 182705824021836670906763101860631904250715176960
5465785518667574069380454631872776896512 223788619795684021733077289736660508601845075054824887340312297488 135606661399109386419637459861386661123476084306091347140761685267156233735
5465785518667574069380454631872785317888 15378636854516536008638382782256321315003068391329703698510883842097709946892 23384249204746431997490372680643255396318730387456
5465952321204154500718021174067353092096 42291339341815426530976479603914277666771803197069995240578478181776554459536 75091000257452205495591493240865005678207672192265634757781258209047347200
5465952321204154500718021174067353092096 42291368675356343493185706607410358634819686156162250312397878903042352349664 15019349220965550547079322435894725852678828286965113868489109968077516295
5466285926277315363393154258456505483264 117330806838602118461574004636212405085143503559519029322350925891764560 45055749320449735561008356892292759416964317976974541714435537806807068167
5466619531350476226068287342845657874432 42291251344773293510862929055138799712151261521260535868423381439456772882592 1149169475109447961023787721724717037293848511986916932858326268046855
5467114746663358985254511360437672509440 14475778004257120808682705668086631498210889522547133381350590670685763377164 23384249204746431997490372680643254798109980491776
5635931894424901835939770466085066016776 1790324324710520400465182195398089356167738541346539308975162200072 70152658413980760805346059606763672454962031038472
5647895270905519737233008087800048027656 1685216818974413331917651396312488390146867150217631507615511023624 70152658413980760805346059606763670660338063245312
5806067885588512532843829239304545107968 15378636854516520672253724146862868315125041470436095875284321337208154980352 117330806838538562806873663025029514601973433796527054326182704901521408
5806067885588512532844982160809151954944 15378636854516536008638382782256321311934535158184096915664616879411752435712 23384249204746431998837419032203232141066335420416
5807397113584297448716733046364825452544 15378636854516535106498108744880235841533976705963626266230481847517423173632 374193659637670932334841061274433958126787246424064
8698556273463084564352198420912171646976 1790308988377864846182185768983813085141573696354132205513805463552 351991972952035070428778938838373429428488827266763410378401645273808896
8698556273463084564362574995928609980416 1790324324710520400465182192329566527898259037450701294514204639232 70152658413980760809387193523075388855699470548992
8710519649943702465635059467610715324416 1790323422573305367860300049779816325383159899739138406925945864192 1122579551534656979058984895230888190859667484704768
10889035741470030830827987437816582766592 466452963170933558861193086716893505646542657024721901928398496713221865472 19513152048714295248843753488567316317732864
10931571037335148138760909263745553793024 29332421973863230806894830694519364580416083029696545276284564236402688 22528449246710754423086987139110445723779915685276517657100749210634830850
10931571037335148138760909263745570635776 30757625692725809265101773080731757001809356476909257708363062900653865566208 6129982163864968847006939325148879663382627006110892032
10934229493326717970509022720875345018880 28951887327723179608108780658368024486512649443476331702883120732608935755776 6129982163864968847006939325148879663382626995842056192
11101712220795617370492596567461437898752 3334710296924174155798396955045352110537642815150780055552 7019158928847449541255940559603135127418174925916883989341282817
11101717413092475905320225097957767118848 381321485660181983966069708938882158781948535160728636877917525712568320 1149169475089439699242242676787880973678063413795292333074432251142657
11101717413092475905320225097957851334664 117329687903976442746914263942909039225242297392484018338728283216543744 9194973245775153886441346048335637630299721874162747396
11102051018165636767995358182346919510016 205326953817019272676185345642544963284227263743102053434285894194429952 687483885058117776180750153498440545146191522686393510181979934949376
11102051018165636767995358182346919510016 7689699747401188841217145277410136470423833573531774106334288610911074648064 1607492065128184883362742779120174670442191095586221339862418874442241
11102718228311958493345624351125224292352 7689318425915528662567889504625371744063448580041965488235053508536142135296 1034588827579753403212117651204807549487031493347560081377435595317761
11115010017568878722487519448237720537096 110441421530018266937668722941666881920393704784941791482817254869434368 9194973245775153886441346048335637630299721859329949696
11612135771177025065687658478609090215936 30757625692725800744812957086995861943344779247092360639862258713639214120960 30757273705676211987645278803152247304527500840863248296075256734816126631936
11612135771177025065689964321618303909888 30757625692725809265101773080731757000104600762324701039686774408551692500992 6129982163864968847360056076371578608094825037873283072
11614794227168594897433466092729650905088 30757625692725808763908313316394351408530493614369857486755920544145076125696 98091687243253300319390339630751506019714576126824153088
14504624159051597097196027660216716754944 117329687895456257937876246952260426138854486326059114276482872613273600 46135910558402430501056764294570147315571138869866902930223288126614450208768
14504624159051597097207557156737761935360 117329687903976442746914263942907334490337623854971994255296823396663296 9194973245775153886971021175168401494518395301722587136
14517916763527999914351792513975540776960 117329687903475255405206145296398692822603321647388883668307767468228608 147137530864523116780495992527370857627042228893535698944
21778736096937954119592426779163305705472 2565479731745193079493189005370973800390735217051018892190019830208769556624 11150372599265311570767859136324180752990208
21863142074670296277521818527491107586048 3844659212957764301173280803437093346798605130476553192534102960550331809792 862718730492854746354564273978513506531244519914413428648117503411202
21863809284816618002872084696269446054916 49980833761367643753464950840801264008135926383964780395962110719012491143685 44601490397061246283071436545296724152942592
21869126359059034495581675142844493464580 47046526999871910072626188216760656711702428548333465242281189401404766333445 44601490397061246283071436545296723011960832
23224980290875240135346611369967118974976 49980833761367643753295939934506283229161359335578158570455766775035791974400 223788619795684021733789432674152648618183789973406195249951277056
23224980290875240135351223196723034718208 49980833761367643753464950840801264008135892567938756414367075720556844195840 44601490397061246285640699059882989361037312
23230297365117656628051589989786250641408 49980833761367643753455009022783912197607978848388133011784057547290899947520 713710958638911700775789608624250100853506048
27222589353675077077069968594541456916480 233223812550746731517256731002668981800682972307691292021495755286901686272 23945242849724065819111925666432264889188165126979584
27223253967672969535006420498071597088768 233223812672925444898356279639098842233316452609641579023705656875024384144 11150425768385142967402775288606591966773248
27223420121172442649490533473954132131840 1779478658745323326090206948374447692384438396726297345563634595528848 53169119831396634916152282411213783040
27223752428171388878458759425719202217984 1779356480031942226541570518514015058904136446439295135662046472830976 23945242846936472669295597773740300105107119938732032
27329594803484192072252539328142231372804 15378636852950000303723546403524973153769528745026432018574296025095510993413 44602851526528930036925290043726451225823236
27336241105722393480836186503282165974020 14475778002782554284054114853409938539617858367340475136053096746631441721861 44602851526528930036925290043726450084806656
27499907981778100270149421704548978786304 26912614490704350108212965624059653427590235913335872347738720723852322668544 862718293405706707909209280482425131833846157811156282888686892237826
29031048176463752668190440609271664082944 15378636852950000303671543322413759835877888893896369667114286765423366021120 223795449282372122442460507791116581499306171070512317265187176448
29031048176463752668196205357532186673152 15378636852950000303723546403524973153769518340150304588212991719862511378432 44602851526528930039494630965982228954218496
29037694478701954076768323036151076093952 15378636852950000303720487398753725311540598960958896651677773781366091063296 713732739368850632407283010406739854579728384
32667107224410092492483962313449748299776 466447625101493463034513462005337963601365944615382584042991510573803372544 47895966308287377325636492009451497567051678495014912
32667771838407984950420414216979888472064 466465418666293782456778877710523103751954985979846976994348131038531682304 11150393866913244129421825597237145238503424
32795380322151766141632993960015016690692 30757537695459879148555122863562340108629702590012323949506680052609306460160 44604212655996613790779143542156178298703880
32803355852385752466090697863719838483460 28951804496657030085490822796549431584329427132833132453364990447566950891520 44604212655996613790779143542156177157652480
34837116062052265201034269848576209190912 30757537695459879148451115808655430046484823853960005846793030360417855078400 223802278769060223151131582908080514380428552167618439280423075840
34837116062052265201041187518341338628096 30757537695459879148555122863562340108629681780081459066599681239434909450240 44604212655996613793348562872081468547399680
34845091592286251525485056082515901546496 30757537695459879148549004801508992457915278372662550053669878246551553310720 713754520098789564038776412189229608305950720
740454430419962096534082077639158787997696 220884738896614304241110403416057064699778954565682468058509753244000265 1495344940580864
740454431109564023020459940185734171852800 2909271342954336541192575612541445121393883864866836548474076398032 6321577173098283807065319029849242885901451702388758528
740454431109564023020459940190407096275200 11534241633132732460373944927974705034805595182991851658538584398257567522827 5857424530865259351863205618620728189248373522432
740454431109564023058238872084151657300225 2738473112106136982785771549762051401722976978202948836242459984336 6130011394031524019645579804074692770236218657250318336
740454431109564177800743926871874095546625 10857081996812554807888617652193541460467741476376142143170992382045612670976 657655645870358271040159744
740454431109564187434371560897689262489600 11534241633132732460373944927974705034805595182991851658538583975983897903104 93718792493844149629811947553577518993707714478080
740477027295890440103922595280688303341568 28951556005986409156799874741301793954674631204561368081946468590016517996556 9126805504
740499624171818783673763112922217818685440 220883685645142575128524198623868467413604253521157867370591947297161220 598143452315648
740567414799603814383284665846806364717056 28951556003669255918995827051651251139760601620219070127824955170843434950657 1345811359203328
1480908860839924192992606291552401105092608 293326010052378729050151133018602897018153289414378883608143578818478088 6142007501697347977473479463601416111525681123488169984
1480908860839924502553173976614590207754240 276105239012132658989271634483113594915547012593465654663851514559201280 689607845424969627638645905162240
1480908860839924521820429226722190776336384 293326010052378729050151133018602897018153289414378828261155947509972992 98272120027157567639576361025468082754017003785997516800
1480908862219128046116477744177099407630850 7238165106735609600456346892296603637411296511277870182581243138121819054091 299067162755072
1480954055970984733180598609811517875421184 42291573999400926070169673243758442692354501165671151814083795600959772557584 6321577173098280468044593618140570151731771062140027904
1480954055970984733256158779451362076852738 39808693218875436158854597198435149852503391413584658481142249675973229281552 6130011394031520616821910594690058136683799123545048064
2221363291949488216013066231742808201367808 263993588073697430342395209753190989974897556501883670076817762419933192 5857424533592835199213852989819340276943640662016
2221363291949488680353917903486464303300865 248494883626815607398400066806384043940627075942469821273458395207172096 657655646176603045701353472
2221363291949488709254800787619880038825984 263993588073697430342395209753190989974897556501883670076817752755011584 93718792537485363187422305492755618641606648791040
2221363292639090142650559821816258195628546 220885160197202995886144885332932503614248834983492308333676875622735883 299067162824704
2221363293328692069174716616265649111446275 2317153237804047689650542814914029584342297954121513419173083045899 69632
2221408487080548756201058549997252047273984 223788619795684021733789519786438580378430285187006801526950723856 5124315031359152672932097197759780681357281513760113664
2221408487080548756314397651535513734152963 210650294345822517240958437719457234940208904920714044313526337808 4597515852719616854494076778442062638040467256622728192
2221498877342669836577043186548196914525952 263991797764739064870221339437032698466254529059602178634091565509902336 2727575847350647371198612087695267139584
2221498877342670300946236839620332411356935 248493198424460840818262139138882288282747554271230460172789905692295168 306244774661193728
2221498877342670329848883747487885868138496 263991797764739064870221339437032698466254529059602178634091555845046272 43641213557610357939178099647898934312960
2221566668660056793810718075122477109872640 1790308958365472173870316158291508643027442281491442726196910030856 70289094373110688069709114794647350358675749408768
2221566668660057258156302345773646713489416 1685202354766580137927667501755657879521671239361100668489514876928 7891867750750544027143110656
2221566668660057287059831247564239265595392 1790308958365472173870316158291508643027442281491442726196909965312 1124625509969771009115353728582108327572391508049920
2961817721679848385985212583104802210185216 38446592130025234715654369462669507212582199990779441252984631822380940935170 17572362969801144041602676291983074166258750455808
2961817721679848386136328310556635151990784 32570528114246311823380234908115928054494985516500304568041272317905343741952 149533581377536
2961817721679849005106347953229180415508480 36189445004744572083711983896484766647547175462104190249151409326401328775168 1972976972639850911116558336
2961817721679849043640858453444381552672768 38446592130025234715654369462669507212582199990779441252818589451972549541888 281157807516818304665644793648701819333402710507520
2961817724438256092081839760742936687411200 38446885453797399289292375708243521296338353708911695266663333875499652874240 81296580520847112023256079745416813769059335160832
2961817724438256092232955488336606629200900 36189721107877079665778544307488556062330093047423006231085657506667816812544 75998620359772281215407338189333435119855080588288
3702272152789412409005672523295209306460416 11533977639320870143147918511031162324029181705056919489682077239720533835778 5857424531547153313700867461420381211172190307328
3702272152789413182907091880101054511055105 10856833501718277697935396734885776638704343614359990768429581340089216139264 657655645946919464705458176
3702272152789413231075230014342070815162368 11533977639320870143147918511031162324029181705056919489682076817456529145856 93718792504754453019214537038372043905682448056320
4442726582519772579204492465834952727986176 27610355380495648979806904348764698698083061585692273352532212817461248 1046740773922304
4442726583898976432252806054733734559621634 7237916611220031901811480940506921940208984179381300997999556929033378856960 299067162781184
4442771776271629266344173501118011758673920 14475805612084683307973982074109495115719270275701016303725761325853940252672 598140029763584
4442771780409240825262438370554454562832384 42291544666755161983343688842543606403213976592305524059978940651122301337600 33066658526631539967247383641120896255610629145600
4442771780409240825489114267787968706053638 39808665608309403761725591186068733328467810483291175449428134450348402147328 29230211153260211342913897685612936950243060106240
4442839571726627782722792615188336715429639 7237889000864651406162501133602573175510286096319715305726204396820561395712 26112
4442884762720076763539164810911958760947712 46135910555493171614226201870254333137825218177200235677236864546927741501440 2923187256681667279293095688118206436183912760320
4442884762720076763765846472647442864243459 43427334005187908436975006801615439053061716577918291834357224695165884563456 178406642152978836912753057924018101301560320
4442952560933482986014407643628305039491072 26912907814924104778601621552458828690605570533238778834233319135479720837120 39095352780621514504838241231721434219495972422656
4442952560933482986241092764515331081571854 25332887606580100949400588918863586977447238290651744837975726218626440626176 35076217702583823015729294672123939536671411815424
4443042947057992507472141246209055858838540 14475778001729302812325002267205146351020572192639430611452408793641122791424 5704253440
5575186304824952643918757196694794318907400 30757332368506080910370838260849503457934770707739339556788122347061595340800 6130046469624800973955911563300019124020059856445898752
5923635443359696772272656621078085931892736 220882843058429399671649224774012146415175117881449032974803287074144256 1196268651089920
5923635443359696772272656621078085931892736 14475888443150831223457736247706978696285066974052527118699665387196630171648 897201488317440
5923635444738900625320970209976867763528194 14475888443150834437726143624149197339519918198635903987776588619548748939264 299067162807296
5923635448876512184163679521488072398080000 30757332368506079807752568533121632855413291786463603007611482332827035631616 6142019216635786913358169203072089473871658133865103360
5923635448876512184465910976673213258401800 28951556003458621695992041416621385918215400508195745568289433749042839420928 69632
5923635448876512184465910976673213258401800 28951611224169384294424204718651192769230222286610605387171660348996284579840 689609160746296397131285981560832
5923635448876512184465910976673213258401800 28951611224169384294424204718651192769230222286610605387387282636564087439360 6130046469624800973955911563300019124018414795790221312
5923635448876512261534932048879734593945600 30757332368506079807752568533121632855413291786463603007408542252178786484224 98272307466172590613731396858314177878317343480993546240
5923635449566114110990067771122604174219529 3214268407376442218643234851224583376869076923232352118767616 121856
5923635451634919890562538154470776921672716 28951556003458607231784208222631402023658569997570549657443279203458304966656 1345802232467456
7404544309716436377156285813040473503172608 58664843952541194804447183202859984650617347252451011157335990344089600 7677507912765552937420973201362208283878076016083616768
7404544309716436687019084953287803466156040 55220710765812700570678472025494249673002998236688106742925331095617536 862009642367300643519933286711296
7404544309716436783355361275601925370281984 58664843952541194804447183202859984650617347252450955810348367626633216 122840126604248846998736433231437699842666418280301854720
7404589497951477652480501811639462538575872 14476109325993868760112759950057331527404949189378458918732639180194932326400 598134325510144
7404770279854923665902993049057589377105920 2909271342954336541192575612541445121393883864866836552872089354448 81296580524186132748667788418150983449699583891456
7404770279854923666280793897256810384263690 2738473112106136982785771549762051401722976978202948840640472940752 75998620363175104884616722823966987539388785858560
8144998734619583061874902853995562295885824 220882843043965191838455234790117589584664492685538186820257702539689984 1794402976600064
8145224705447672276730198633929671199162368 19285610444258653311855317743576474290157442665657651760726016 183982551552641189788851532380279226354403328
8145224705447672277145778413745834715054851 19285610444258653311859409107347500261214240583789194661330944 178407322717712668886159669890291207006881792
8145224710274885762399296194829117005234176 26912614492270870446868405909784887635569780666015816141359850037796812095600 24114960998511450791553219213934532134767727511552
8145224710274885762814875974891571125750282 25332611504500831981989511588295715178322201981700465904482677490441758179440 23384204604617164403930474105713900636920413718528
8145224710964487688923452989243323548958720 2909271342954336541192575612541445121393883864866260087721739419856 33066658527163231165561349990281919180164128868352
8145224710964487689339032769340962041563915 2738473112106136982785771549762051401722976978202372375490123006160 29230211153940776076755774612539186265547958421504
8145224713033293468495923372485943180132352 26912614492942236306255457974986256194929096407151106996919141060120653332640 36172349506491399866734934395135608062538414065664
8145224713033293468911503152689134789004814 25332611505132782865026979140018590491480573686521092619243090241125326258336 35076217703264387749561268078735905809777117136896
8885453170556360570148892104592874608265216 30757273703662128873691967774159539316705119800489208069738960102050842542080 64432116728272258647911206356631070161995525328896
8885453170556361189572258929902393673910280 28951556003458620088857837728400276596597974895904057133584930043967725109248 7234262280024066246083346432
8885453170556361305175790502324116146618368 30757273703662128873691967774159539316705119800489208069572918013151787614208 1030913867652356138366586535968377120340081628938240
8885588751811930631567928292913024059049984 30757273703662114409484134580169555425216812118133490451491244155123483541504 446888754405777415944551803060080263416582144
8885588751811931251019636234648787831949320 28951556003458605624650004534410292702041144385278861222904816461244899786752 50175450125264641589248
8885588751811931366624931776972558730002432 30757273703662114409484134580169555425216812118133490451491243029086137745408 7150220070492438655112879024411409296769679360
8885656542439715662277446387073097710700544 14464207833193989983891488307682355717618247715946927359000576 70289541259137517999774411975251798351243898851328
8885656542439716281705545955159027749259272 14464207833193989983894556830510625195910680113582722825322496 7891917925894424517123506176
8885656542439716397311723482433822859984896 14464207833193989983891488307682355717618081674984065649868800 1124632660146200287996398483521954639333789343416320
9625907595459507254451940895029859165667328 26912614490704350108298617757648360997064710603366804145054837652374515875840 3160784110424403750313510726175955970686784313462095872
9625907595459507254943067009251889639325696 25332611503026279921568753967609006114286001337119003570041714405513432662016 3065002773744876363940384486057853467639858204342484992
9626020588114372091082151130874218438380556 28951556003458605624650004534410292702041144385278861222904817587282245582848 1345802232397824
10366588004293179757984832809800526064517120 1607134203688221109321276478631372857513120798603287996661760 18086197054161039647451078040576204170013223961600
10366588004293179758513749385593417013464590 1607134203688221109321617425612291688434520625114249905045504 17538108851632193874780634114926393091555185411072
94778167182024194946618872343773973997158400 30757332368506062165860252889475703275076630644437177173332678174247787429888 30757596360751404107932554254749435407703988808978875103526475185818116816896
94778167182024194946921103798959106267545600 30757332368506080910370838260849503454184333107840254622253881274681887031296 6130046469624800974309032018846872661490640941054164992
95126616326075754486863794668567260666265600 30757332368506079807752568533121632855413291786463603007611457562891645878272 98092716261007801522696842652572376334146235199041568768
178405961754398484605400230294162774582886400 1978886506258926912861934626427625723446613022989013647395088310463763579296 1461501637330902918203684832716283019655932542976
178411406106115720147701160174905800339226624 1779376637462769411315587630597460025359523260823538001474257315430672 182687704666362864775460604089535377456991567872
179102860042501603685890074943749347921100800 2909252147577229731636566322420811008530426659738530093200805200336 60073949375436840301171819907838399099866542301439093859793492043693135884
179102860042501603685890074943749623872749825 11534241633132732460376239234064760755756274153891337285610473257773533722123 5846006549323611672814739330865132228174491418624
179146416185508048628458469166246926240186625 10857081996812554807888617652193541460467741476376142143170992830708165342731 5846006549323611672814739330865132078623730171904
190253232652151508973727589337134521332531200 11534241633132732460337236030533813499594856509971412934075856085464182251520 29332421973859896096691248519466535959682585719394296823801613786284032
190253232652151508973765368269032662866329600 11534241633132732460376239234064760755756266350055629078817504917752392015872 5846006549323611673151497707176983181529882558464
190296788795157953916258204627733682166169600 11534241633132732460373944927974705034805595182991851658538584398206026735616 93547522770719434444084295581597709219070744723456
356811923176489970264571492362373784095686656 4421458404237900726412182504226087773471405184650647809295293949673504 2557627865329080106856448457253495284397881950208
358205719751398134210917474754414858593107968 293326010052679441455220347435739272675125337656692921479862567432425480 6130034777522499345938443441255214520665010059157176320
358216651656040542519918910796762441395994624 42291573999400908478457462588695215503795162456919472212502089359567947301136 60073949375436857170882733759542948562883751781409335035991378315158504450
358292832037329894457639656517643305578659840 276105239012132658989271634483113594915547012593465713469603660359340040 6130034777522499345938443441255214520663664102305955840
363780906056223086854836231951109652912015368 58664843952841907209469720555339079706603218252000346220884874466951168 7662542010401487532084869939761112361297420393860056066
363792008102048955633069399680758743985815552 2909252147577612852598757219228397526321014073718356459216558883024 1607492065114649882745815248726850997168675308376982575273463078557708
364216467486206406642105567494316518837061640 55220710765812700570678472025494249673002998236688165548677467767832576 7662542010401487532084869939761112361295775335486324736
380506464949928757352453193027062668195790848 293326010047567330569043702344437251961687796757162883712744905232154624 30757537695459879148548992828784817609283764146571068734986015192090641694720
380506464949928757352528750890788582519209984 293326010052679441455220347435738249834182382705454883594428384010108928 6130034777522499346291563223280176909404511902566973440
380593577235860517599099816926565200857923584 293326010052378729050151133018602897018153289414378883601388179376111616 98092529164534838166550131082429633921479296855845109760
475284632131952952299072065370836642192949248 58664843947729796324086585563210829209928150207129050546637863066271744 38446914786219358885455560913523227682529197229007967260706866100717473497088
475284632131952952299449854689747688786755584 58664843952841907209469720555338056865660422067783633688327011392552960 7662542010401487532526269583102721308462894115534667776
475720193561936272085963611595132461524189184 58664843952541194804447183202859984650617347252451011150580590902771712 122615638068787865918694022297778893703313061178983317504
535217884764734955396857238543560676143529984 27150825195799899696984413429474106733766730444935533686249488416 47891033736079995803563062734103132935738771940311040
535217884930888454869971722656536558678573056 17793591951144618065315402169553580063148098231123396292154150977798176 1461501637352170566136243486682743932620418056192
535223329282605690412272652537279584434913280 1779383630857138026441267502927444533010870213169740071195732722319392 182708611614986487234655793825415985295903424512
535250553035033861801151111296705303637131264 1779356480031942226541570518514015058904136446439295135662046472830976 20906948623622459195189735880607838911856640
535250553035033861801151111296705303637131264 17793564800319422265415705185140150589041364464392951356620464728309760 21267647932558653966460912964485513216
537308579793899737896807549698164482465857793 263993588073697430342447721406416052539877519863417737214857931622912008 5846006552045870608182247038572129087628637179912
537314215558991626218212151902088372955678728 1790308958365472173870672273316397678915734891279611935783705972744 70152078594605599009144379678088583597548042784776
537319511698542146205808985740511789317095424 223788670012497907749548976000121444764060432628917663307696963856 158133961472848334210455860372827413423221126955959051823763500706633630722
537341375507826962823811857825208886634940167 263991797764739064870273850734142736142198604128526457602922147916939264 2722258935367507707706996859454145761288
537439248222837943086098125683890231818846465 248494883626815607398400066806384043940627075942469821273458405476077576 5846006552045870608182247038572128938077875863552
537444895951265747206196717784552758416017416 1685202354766580137927667501755657879521671239361100668489514946568 70152078594605599009144379678088581802938907754496
537472051912376531637841498196604498559043335 248493198424460840818262139138882288282747554271230460172789915961131008 2722258935367507707706996859454145691648
542894867977748022738528137057965897330720768 26912614492270870446782753776191194455746859473548787873122494935234508750960 229161295032711433247946747790704224125920573023214236583255989585924
542894868139358262460424646995977595577696256 40016523563090089869580763460544225326451713781809360666624 1748361930994969116670608910874533450180540778316226985122629636
542894868144550559318959474624508091906916352 2909252097360415845620094636157350072368211302164437317233420533968 1149169475049227016249921753145442548916834162330554102106951099385860
542894868644958169060253487324134675635503104 26912614492942236306169805841390426324956840999354323098286969597255445643424 343741068368101652387361786381600898922155769264432196761391423064068
570759697602080266326180782364197189528322048 263993588073697430341555023301589988935221000521299878214236693420113920 29332421987518869472892665861616769887548347964156491036045644258082816
570759697602080266326294119159821245385539584 263993588073697430342447721406416052539877341250670157068229079231168512 5846006552045870608519005415040795380009068920832
570768395981166599113244141739014914465333248 1790308958365472173864618317893284068814779905472781069832132034560 351989063699977726536496399575748665444056790877493756097863395907207168
570768395981166599113357488911178802388795392 1790308958365472173870672273316397678915733679992609079719708655616 70152078594605599013185480193987610376837777063936
570794535072516579186383802281252140206784512 263991797764739064869381158683272095651152185741394405433166861288079360 13658973376201417342150233927865762244762194212244030471798784
570794535072516579186497145994616329937616896 263991797764739064870273850734142736142198425516990164459149359522512896 2722258935367507707863812198479186362368
570890366031018471515358021554298883024093184 263993588073697430342395209753190989974897556501883670076817762418753536 93547522814280894321947558568401274198578197168128
570899076373440720101115360449315412002209792 1790308958365472173870316158291508643027442281491442726196910030848 1122570273292194673206874809965976075608356389126144
570925211477066148000300098939283562400055296 263991797764739064870221339437032698466254529059602178634091565508722688 43561459877863262986803564979507452444672
713623846352979940529142984724747568191373312 579525837253892078357129326221504625344555614109567850090079489846377709824 5115278031403358744336038450225263217157269880832
713629290870850675544558398718466476482756608 233223812557328749746541555171288858530912374327622311041893800654619541760 182710005411561395398602139807808025818497548288
713645624424462880590804640699623201356906496 346302887414856677431061200394698551441824796180470580660788126706512691200 22300745198530623141535718272648361505980416
713656513460204350621635468687061017939673088 466448487819786811854986891349820748229547501013907625655593948088557895680 5480653440736084473886959658404333972071253016576
716411439502796268421834949508829717186215936 38446592130025235617799232007201685447777741586241181651698176770214119621634 17538108850951629140936784135468487277971780141056
716411440170006414743560299774997391684403200 38446885453797381697592784286580715400501299874593983772885354408279600529408 1607492065131519593659666953276314014378155278618158773159734543926274
716585664074659788915279313035286611157319680 36189445004744572083711983896484766647547175462104190249327828078312112014338 17538108850951629140936784135468486829317214437376
721986625807621221065753706705524511505123336 30757273703662129775835300816306115887975252068660199073116004503652845748224 64306518060185957948792471061588904336615080792072
721992261734323349109054818847460100241917960 15366345048226594509922081691677252003650066927373191456227328 70152524609509569621607210392454036564789572210696
722019420520733226510169989433315748217030664 30757273703662114409490252589711605965893560391408195423049077130461389520896 446017626229547830338422072449826695675187208
722509299523536301099745224011959824415721480 28951556003458620088857837728400276596597974895904057133761348496776985837568 64306518060185957948792471061588902691545297190912
722514947413290391207289202664452497137240072 14464207833193989983894556830510625195910856530839125996077056 70152524609509569621607210392454034770169027362816
722542102212016281253656751080122450450778120 28951556003458605624650004534410292702041144385278861222904817657650989760512 446017626229547830338422072449826684265299968
761012929899857514704906386054125336391581696 38446592130025220281336568750154655498550315910748319332734042895085415186432 87997713498819279658117213137264956184344993525762837283795341261406208
761012929899857514705057501781577165038419968 38446592130025235617799232007201685444709192745781386373000272097318656819200 17538108850951629141947064402929069310568369750016
761187154471721035198199633853130401715847168 38446592130025234715654369462669507212582199990779441252984611556010819076096 280643995734075581155654438324010376157413941182464
855791097081881709651525258397899310388740096 30757273703662114439398639099814314225479701718101058243268948329238240428032 322658879612315787280022488950608871010860386995999193336014281633693696
855791097081881709651978605580536271305965568 30757273703662129775835300816306115884906708430638467433893314304869882920960 64306518060185957952496838893801226025201504878592
855799795549886126140997540911301784963645440 30012392672317567451090529016326793790881351135681673428992 351991301586175683376713737470075406970542972715393490159815895419977728
855799795549886126141450898470232287342493696 15366345048226594509919013168848982525357458092214794495983616 70152524609509569625648336600978209206731387437056
855825933489195240726722321373335137659387904 30757273703662114409386246427496746774389172701774264452387597193556566999040 2237899856930216418755236476975454351944082661928274196529984569344
855825933489195240727175675473501126217695232 30757273703662114409490252589711605965893539581655942076435222090075386937344 446017626229547830364114854411028372796735488
856313770797796789685063428521697662382112768 30757273703662128873691967774159539316705119800489208069738939835715080421376 1029029887631061627879798272280464608890294179463168
856322481228853168238778567169363679480119296 14464207833193989983891488307682355717618247695680729035833344 1122577410401781062323882567862062318109364924186624
856348615180478295469755728919975851334828032 30757273703662114409484134580169555425216812118133490451491244154986044588032 7137153147848994871020882889807480515987505152
892029807941224925661428730905934460239216640 6582018229284824168619876730229402019931019020398045367717855488 383126990907451712899471400087078549693405265286660096
892029808107378425134543215018910342774259712 1978868712558372467460669712237518516148653447955715602219054021567787827456 191563404109873608338895042547853095922665762089598976
895514299545297872107725024452579341058965761 11533977639320870143150212764609520305539184566507007006463306907868947563522 5846006550004176406656616257791881443038027858946
895732080260167837543737782201533537397506305 10856833501718277697935396734885776638704343614359990768429581788741499896834 5846006550004176406656616257791881293487266594816
901089485678127991312677616454197857101021184 26912614490704350108212965624059653427590235913335872347738720723852322668544 30036514681005868996301955291410608814459075518654082092489643696607723520
951266162552009023678633975391259857724112896 11533977639320870143111210453777434619869260780369044146013544215041745633280 29332421977274639440741602855004094441649026280584845376862621404233728
951266162552009023678822870050609827904749568 11533977639320870143150212764609520305539176762849911698661360553708197265408 5846006550004176406993374634142936231149679149056
951483943266878989114457838480864083882016768 11533977639320870143147918511031162324029181705056919489682077239668994228224 93547522781609799413550111328298600463947607834624
1070468436636694320886206961049434802035359744 862718293348820473429344482784628181556398525041612602437514754523136 5480631139990885943263818122686061323709747036160
1074628091826046957263479210571759833080397824 42291544666755145945214157786114972008430460596072382083327895411696013934592 1149169475092774409539166850944020317614027596827229766371747920626690
1074628261972422714591245769887594045293723648 26912907814924088740521034572366598621236040074166169313191483569494686695424 1206459361760469519108874370239468655012145194947838746460815637365762
1074655420253232685392532100145292613236293632 46135910555493171614079369641245120161583261565718638310409235526603981717504 862720041754298861690629254466778630623439606224184865926409336931330
1080203448272055370376629699455756135670218752 53551907303902836738869444408998154882091561957133918404608 171877116252496924900942981479132333962842757671947436207938772157442
24263210776001317977990861480641417318506692608 117331030631979761101960105814874858496822846514073724991400985917702150 3838745170245979829874477887041754811020243173573132288
24263210776001323049831202432844403580218638336 110442685428570073465395726473649963812578762661502174273491121718951936 431003834700181477941963250466816
24263210776001323365505912450616373679495315456 117331030631979761101960105814874858496822846514073669644413361052450816 61419922723935677277992077196502777157792262591212421120
24263210798598193906334431320006137343272550400 447582060993979108130907003402313054875433109734103561112517607456 2753787327264897556665661330720615084692291885578950656
24263210798598193907572371360444439122786942976 421305410094256099145244840291191306755483113400997579571393986592 2298825155925745786255634637878834204840230252756178944
24263951253028613868430927623151908870900678656 1790308958365472173870316158291508643027442281491442726196909965440 6321628508343295055030320930294372543894045159420172288
24263951253028613868430927623151913543967703040 3133040677139576304273053277010140125298023992610024770844592553998 23429698123461037407452822474482912756993494089728
24263951253028613869668905442522073883528429568 1685202354766580137927667501755657879521671239361100668489514877056 6130064008090467932150635132744051054976454313222707200
24263951253028618940426053582716835274348855296 2949104120841515241373418128072401289162924668881926169856651034624 2630622583481433084160638976
24263951253028619256110397522108842848647380992 3133040677139576304273053277010140125298023992610024770844592439296 374875169975376598519247790214310075974830857912320
24264691865642682144344606056206043570155554816 117331478209219352470003573393914431373983603374644097852082535145209864 6141978214574693651176720147573323007884734881620557824
24264691865642687216494507585317745532801910792 110443106729158765110430208390525402727048643079312014548658244097671168 689604557146740275847290704363520
24264691865642687532188487210371468749608845312 117331478209219352470003573393914431373983603374644042505094910279942144 98271651433195098418828211965730314866422035247425126400
24270615568880807237706430940232851758824554496 2237891019359451282001223161693821697902875391225546287309427572896 84402271503514301449841372823004672332073869088768
24270615568880807238944748781519493496834461198 2106507764860836237072912342046849186277154352762098248060908863648 81844626912498716557422216290163707083617944573952
48526421552004015159834771274871663050100843008 11534182966946053021807647415052093019931748977492590035824750333261993910277 767744348109571273767414086843856065621497236015808512
48526421552004025303515453179565936318420615682 10857026774837892050515722934939093304753601900611717329103461816254989336576 86200240815519599301775817965568
48526421552004025934864873215127820546739273728 11534182966946053021807647415052093019931748977492590035824749910990472085504 12283909569753140380278711589742512569543257552070901760
48526421597196387812668862640012274686545100800 7689377090759481143565838092225591716288853646880625063829305657730327904256 2370666365051696664859887505282917094559875351760094208
48526421597196387815144742720888878245573885952 7237944221575417218863071812074598669759959099317951993833631592733487398912 2298825155925742383430667364183086178663720294161597440
48527902506057227736861855246303817741801357312 234659375803736242403035848374154832687943897579751342785186484163969024 6321631431346566377815431935858885556573446030229521408
48527902506057227736861855246303827087935406080 410653907634038545353677639124273086503062600759381166764142435237625856 6141954784876570190139312694750848524971977888126468096
48527902506057227739337810885044147767056859136 220882843056822265467961003664690528989562826193014347209450490406371328 6130064008090464529326965933262936735707076978710430720
48527902506057237880852107165433670548697710592 386544975326939085717296660882705781773162862199691826935450964410236928 689601926524156794414206543724544
48527902506057238512220795044217685697294761984 410653907634038545353677639124273086503062600759381166764142420203405312 98271276558025123042229692717940100556346060416567214080
48529383550508977658087605083905479837264904192 7689611750135284879808241128073965871121541590778204815172090844214491873280 87325274774837086560846937336017351732944678437888
48529383550508977660563636287427557937647980046 7238165104418474041128539773078263360288948662144145008180841043223893770240 81844626909095892888222735175844437706283432297472
72789632328005333137825632755513080368607535616 117330806838538562806873708697391242622348349511249122655744568850948101 767744348109572637555337762167541664927541083649378304
72789632328005348353346655612410339898639254018 110442474773454325031813822187247392078506947387293694098046652921151488 86200240815519752424163148562432
72789632328005349300370785665744194226234589184 117330806838538562806873708697391242622348349511249122655744564555415552 12283909569753162200885490394921482158593081501538058240
72789632440993160789176102736308751525868500736 1118943098978420108668947598932192901892151425932151703873068769285 1363787923675323685599306043847633569792
72789632440993176004697149211523784788729300743 1053251471729112586204792188597286174701044524600687917805946798080 153122387330596864
72789632440993176951721280734877417564425682944 1118943098978420108668947598932192901892151425932151703873068728320 21820606778805178969589049823949467156480
72789632553978230032820476089926765855880775680 117329687895439584386765039749792310429446457359823190504040695782178816 9212932177314856648996892717449958386764010679823271936
72789632553978245248341508402798186901084112904 110441421521982595919227617395058794792332246342769093410128846974353408 1034402889786235344743697146183680
72789632553978246195365641396135710065350934528 117329687895439584386765039749792310429446457359823190504040691486687232 147406914837037706383951317882089120423568914574317977600
97052843104005271911963445922565669274026770432 11534065636363007924443135627740513112305001103640081611249767383190447587600 10272512095921880231127450094428585611055522313893069824
97052843104005271911963445922565669274026770432 23068013942590541562576312758752588071450216968693085315906860662761258745856 2303233044418091026668228273591004317754090221677314048
97052843104005271916915206079707190373623267328 10856916332573773711939124703021192459933257465479604243890223762038899867920 9961221016163496144659845086784976138714223666335335424
97052843104005292199324809731377614320874553344 21713722223304723245456481455721963664015382516540759474325380511869842751488 258600722456593826681425449975808
97052843104005293462023649802465494717981261824 23068013942590541562576312758752588071450216968693085315814614838863485468672 36851728710689456426691910978178525677892124935779778560
97054324080658808426966720517334615023211773952 42291339340025122333927270207910068537521813221773572062741010414475608588560 6321547029627010518171905663852617149041951635423642624
97054324080658808431918556235798732655997059843 39808472336032379336589129237431485161974401850758465466795040225482822910224 6129982163998773998763546517705125581670866981786502144
97055805012114455473723710492607635483602714624 30757273703662114409484134580169555425216812118133490451491243031285161000960 2923555218977443034574931067609820238549872559104
97055805012114455473723710492607654175870812160 53825228981408700216597235515296721994129421206733608290109677271466096197632 89377205365986013059436120889598513629888512
97055805012114455478675621770088295534113718272 28951556003458605624650004534410292702041144385278861222904816463443923042304 535218565329468807177364690401496286508368896
97055805012114475761704214330867341097395421184 50665223006052559843137507935218012228572002674238007140083428807178574626816 10035028776097996079104
97055805012114477024441590088435371394589523968 53825228981408700216597235515296721994129421206733608290109675300900741054464 1430035285855776208950987969262352279567073280
97058766784647900280834749280816597396241778688 30757332368506070164947346403794976927754419998226457928779671701542129631232 6141954784965947395505298707810284645861576401756356608
97058766784647920568196424768122536332185634824 28951611224169374651618982589324536839525668612860474780051584627181067698176 689601926534191823190304539803648
97058766784647921830972334448272590600103002112 30757332368506070164947346403794976927754419998226457928687425596135019905024 98271276559455158328085468926891088525608412696134287360
121316053902603465818297877242571806617299320832 223788619795684021733789519786438580378430285186430345172660257040 2753705848110960895286082585126246601459319679962072064
121316053902603465824487577440151629496410210304 210650294345822517240958437719457234940208904920137587959235870992 2298743311388036948897933560009219748801521104134882304
121318275288493670438710508461757083844580737024 223788619795684021733789519786438580378430285186430340774613745936 5124284887887882723059409243471827678667462087043728384
121318275288493670444900321997285523480763237123 210650294345822517240958437719457234940208904920137583561189359888 4597486622686870236435712701457130083027535114864182272
121326420580995262711430141432840487242427269120 4398046511104 2923117566852921871095778454521439359868252210176
121326420580995262717620370551607789030948179470 4398046511104 89203661358856344346675707668374469323277312
145579264656009287071798217197437332324127613440 11534036303717240623348743850083458180611519267528738830904468578519197417472 767744348109571955661375924505698865274519159832593408
145579264656009317502840262910943550639295169026 10856888722007738100541711314212557292662825310602744343136011237390324596736 86200240815519675862969483264000
145579264656009319396888523017593315264720535552 11534036303717240623348743850083458180611519267528738830904468156253044998144 12283909569753151290582100992331997364068169526804480000
145579264678606852602068311193596466555437187072 87997265926401090901138443140308062257978961592406754120905683898466304 4741161002649109763269993789328005399719270406586123264
145579264678606852609495951430461775262563468035 82831066146308349550485376374258948371086059822380380780004686239367168 4597486622686870236434414627242420818256676576458458112
145579264701201659724632308562577943960571871232 7689406423181455003461934783485529164366461008494965019626931667903235227648 2370581962872187935496667130982424322511127999504466944
145579264701201659732059948800596068619197153280 7237971831930797714512051618978947434458657182379537686106984124945266638848 2298743311388036948896635485794510484030662565729158144
145579264927180073435039345151346943099842592768 7689318425915528602371033645042388856304203029533372612872810762219336761344 2923095266107723340472636843245302985592422810624
145579264927180073442466985400894775385829805582 7237889000864651406162501133602573175510286096319715305726204120259027271680 89203661358856344346600149804648554999858176
145582966928164834891913319497138284359608989440 11533977638873292903556550467563583284456304544300058919309216558171306328064 681893961837661842799653021923816784896
145582966928164865323729266630577910009772902151 10856833501296977109243751700403859763265429144479572958589306172966837420032 76561193665298432
145582966928164867217825694875397803711032983552 11533977638873292903556550467563583284456304544300058919309216135907301654528 10910303389402589484794524911974733578240
145586669200317624304322325169661544384543328256 58664843947719792193382519874896155214723228679911595252020347891089408 7677443481095713419568102706100403455867994283974870016
145586669200317654735674233682019709284777986056 55220710760991297959613808697529397396166123171384546705064423487176704 862002408155196069578951844954112
145586669200317656629818830064973844002342174720 58664843947719792193382519874896155214723228679911595252020345743343616 122839095697531414713090505300014610489957487495442595840
182687704666368057072319138917163907953320790024 15378636852278646395938198514563645435117195364406812051063162839436642763778 5363757777146011279495028346549548476285093073914167296
182687715597933902110608742850444641202545360896 3334710299847177430460202791462625296284491896661871689728 22527300083380649616158303727702606225659977952556690776393039906502624258
182693280022803680891715219750790845470932729856 23903203408352480348767682631497947561233437442580520043020288 6130005547578955708674201860124703068094462635005968384
183225024178061406921666413075275889246308663296 50216813886016449385518262405539073746297956401691555266560 158132812305121646914434579567744876891546743571977262047977620740656874498
183404121571656372008315043247127369543292323848 15378636852278649810681542564917980973357571292685035084411368922368077480962 23384115400275240813751523466333619506146271559680
183767907944493736685368002057303829876777680896 53551524180017620266654853524167152671088750135331243687936 7456249411596191820423592787321768489963310120495940735621940226
194105686208016060639339085099486652200403339264 15378636852278645694272861151100122001116633639433608388088928495610026278914 5374233866554499582775292073788903063152836159234637824
194105686208016060649242605413769975874573043720 14475778002150614650956073119234828477781465948561667462932771739862581641216 603404316341255705321612882477056
194105686208016060649242605413769975874573043720 14475778002150614650956073119234828477781465948561667463069985759712537232386 5363757777146011279495028346549548476284494868587216896
194105686208016063174640285556017512787847675904 15378636852278645694272861151100122001116633639433608387959784961476690706432 85987741864871993324405276584938790266141129974921297920
194105686253204295680614031523860778597585256448 1607134203688221109321276478631372857513120222138137680281600 2370579039891214018889361336850849851798420764275786752
194105686253204295690517551840449663806008786944 1607134203688221109321617425612291688434520048649099588665344 2298743311388036948896635475891065727611346280859583488
194107907616497624372683092903681335800100814848 576460752336977920 5124281964884608061253572826198641931818380575985648640
194107907616497624382586726557065916260980687619 576460752336977920 4597486622686870236435712691553609768744492915671188480
194108648048334616416068640151434477027521988608 15378636852278648908541268527542340643669590902179323414366198706038328279042 23429787500666403393465881910603802355507123978240
194108648048334616426591286324607329454014892040 14475778002150617865224480495677047121016317173145044331972796980467653935104 2630632618510209182156718080
194108648048334618952027501271350065243164246016 15378636852278648908541268527542340643669590902179323414200157180157946232832 374876600010662454295456741202279338327110424985600
194111610024228910947447420985215273166295793664 22499878851635095530497870700839220005183940891472998114000896 6141978214664070856542706160632759128774333395250446336
194111610024228910957351243540176591068227436544 22499878851635095530502643958572083638083280176684235506057216 689604557156775304623388700442624
194111610024228910957351243540176591068227436544 22499878851635095530502643958572083638083554603527529327230976 6130005547578955708674201860124703068093864429679017984
194111610024228913482825995055312651662615642112 22499878851635095530497870700839220005183682605530768788684800 98271651434625133704683988174681302835684387526992199680
194116052615239829576936317963023378875991195648 1607134203688221109321276478631372857513120798598889950150656 114292191116034678505268774590278357194130432
194116052615239829586840367184658841929210990094 1607134203688221109321617425612291688434520625109851858534400 89203661358856334443155393385332270130283520
194822277339205467101516869981316622923402872840 14475778002150617865224480495677047121016317173145044332149214835073869693954 23384115400275240813751523466333618907940944609280
218368896984011861801917753325772755866560233472 26912819817658178377510720414015688382543312554277186427479774690548159348736 3160796167812911730262585907891137171762712084148649984
218368896984011861813059213679341178340652351488 25332804775513954641051038433487212718498867204591922457595522674692538236928 3065014465757975011163730116851826489645031061045903360
218368896984017378617329946580128069518910031872 447582060993979108130907003402313054875433109788765997191680507906 5374245581314184789821971624802546983372638066168579072
218368896984017383699073807846614379454791682056 421305410094256099145244840291191306755483113400313028029987160064 603405631642512493823250632015872
218368896984017386540146198006633886467342991360 447582060993979108130907003402313054875433109733419009571110780928 85987929301026956637152149402472394246441677085516759040
218370377960665398316921027920541701615745236992 26912819817658178377510720414015688382543312554277186427479774690548159348736 183981147887877640917689745806901182979899392
218370377960665398328062563835432720623026144003 25332804775513954641051038433487212718498867204591922457595522674692538236928 178405961588244985132305816238739092603404288
218370378118848357028811685893655641234912313344 26912819817658178377510720414015688382543312554277186427479774690548159348736 24114960997107786028004348052147958756724353007616
218370378118848357039953221816617357065104722442 25332804775513954641051038433487212718498867204591922457595522674692538236928 23384204603256034936246720251860249084806010241024
218372599256169478427812428095856950521672763392 447577239591368043467579039572877160756860570372860681549227507714 35144547185873450073016895554524022157414057919488
218372599256169483510330190781555915930311067656 421300588691645034481916875438914469880417809840275167122378719232 3945933875298710819906256896
218372599256169486351450749079700691944283832320 447577239591368043467579039572877160756860570372860681549227491328 562312754973975201168274274806259638874221020446720
218376301528321578238294909611585796340063406080 4821402611064663327963829435894118572539415905315642453000192 7677478625642898611124213885334115180237129774216004608
218376301528321583320348633677212072130931329032 4821402611064663327964852276836875065303560037860907608440832 862006354089071291728578085912576
218376301528321586161517360113482117146325549056 4821402611064663327963829435894118572539360558328021883289600 122839658010286377777988284171699931955071449741729464320
242632107760013179779908614806414173185066926080 1118949527515234861553384884038107427383581478413616717175992615248 10655633058135081122933223919866283601187938847711926272
242632107760013179779908614806414173185066926080 1566531588509213969684291887440420482259014588146567352385823309936 1173389243358441691534368376775046498810935843504625664
242632107760013179792288015199267975934058168320 1053257900265927339089229475066988623867798262681458974956504219984 9961221016163499547484812360480724164890733624929916928
242632107760013179792288015199267975934058168320 1474563310360183438234474315358179930623281376081303628625211293808 766317923046758280673769579452920960017714722233227264
242632848214445668547784683579943187332326227968 1118962384588864367322259454249936478366441583375393822277166432592 6321544106623739195386794658288104136362550764614293504
242632848214445668560164121751728958867547095811 1053270757339556844858104048006393522201305738841848167752945107280 6129982163998777401587215717186239900940244316298778624
242639512530286138684309276231519088709006786560 12857073629505768874570211829050982860104961777105101173817344 551947654657923569366554597140837679063209984
242639512530286138696689054425220738835284295680 12857073629505768874572939404898333507476160389192796440887296 535221968153138006658479009670873621020645376
242639512530293034703574517799463230774444032000 1566531588509213969684291887440420482259014588146567352385823309936 72344882995534352374659657641803596404303182534656
242639512530293034715954295993165232744442432010 1474563310360183438234474315358179930623281376081303628625211293808 70152613813851493211791422317141701910761241155584
266895318558611373686243046126420310528339476480 447582060993979108130907003402313054875433109734103556714471096608 2753702925085385318140532084242217846210099424887063552
266895318558611373699860386559712415056845111296 421305410094256099145244840291191306755483113400997575173347475744 2298743311388036948897933550105623876078292238315045888
266895318558612063288169570283214724734883201024 205328520348607781890808503854023983672013559394278729949423595939692656 1580386026609939160958538367124813150995567884564972544
266895318558612063301786910716506864447760924929 193273962226779903042086564915668249066512054381221994771354107431092336 1532495540955092519717375762075020057762488277322974208
266895318558613442492022618596803553147970650112 205328072771368190522765036274984410794852802533708357088742046712201552 4741158079645834931322973911585587920606424427340514304
266895318558613442505639959030095763229592552195 193273540926191211397052082998792810152042173963412154496186985052373328 4597486622686870236434414617338900503397173624962040832
266895318558621028113214384321542109419951620096 4821402611064663327963829435894118572539361242875165243604992 91991275776320594894425766190139613177201664
266895318558621028126831724754834706529666502158 4821402611064663327964852276836875065303560722408050968756224 89203661358856334443079834945145603503440896
291158529312021332551302531022052321474430109696 15378636851831065240413085731190324318990799215931032791438797603632496771072 5374210437035131896257780322408986421325320040633894912
291158529312021352848567415145147590195447597064 14475778001729310847996020708310692959107700254097872784052471332135130628096 603401685738742434563112044593152
291158529312021356636663935358483007505828937728 15378636851831065240413085731190324318990799215931032791346552061246207688704 85987366992562110340125088560229521483639683652664688640
291158529425005712193020380218875921598972430336 15378636851831057204742067290084777712608406059066745225745622077561741770752 268132979885881714501993961974839388523235328
291158529425005732490285287959568212190579296264 14475778001729302812325002267205146351020572192639430611452408230622449893376 30105239450681318834176
291158529425005736278381809642878547874648424448 15378636851831057204742067290084777712608406059066745225745621514543068872704 4290127678174107432031933496836880788168376320
291158529537990091834738229415699521722441009152 8035671018441105546606382393156864287565693175526070755000320 9212932177582988265094850756628266749432806220712937472
291158529537990112132003122995056971228549285896 8035671018441105546608087128061458442172600063101512680734720 1034402889816340431071991134420992
291158529537990115920099646148342225286306201600 8035671018441105546606382393156864287565600930546703138816000 147406914841327812241518646508942084331355971413019197440
315431365995612593221135651189233454999752671232 26912614490704350108298617757648360997064710603366804145054837652374515875840 3160772053035895770364435544460774769610856542775541760
315431365995612593237229362826057620603914944512 25332611503026279921568753967609006114286001337119003570041714405513432662016 3064991081731777716717038855263880445634685347639066624
3105690979328256970229425361591786435206453395456 15378636852278634467627463335683747095293874380789444595469711414210951397376 26912731820839822787474362090066281340644755155466390070159383452325792186368
3105690979328256970239328881906069758880623099904 15378636852278646395938198514563645432730556093098868625127612815363339730944 5363757777146011279804006850887820883038885465173262336
3105785760387662575159158735763444335475286867968 46685944156938438257251934025397234785815435099949269778432 30757391033797587088659877416009799141952271030878839343448708574521612828672
3105785760387662575169062558318405653368628314112 23903203408352480348762909373765083928333823699000791438196736 6130005547578955709027319958362922422608370231876255744
3106451998064224713332642800821669799847390085120 15378636852278634474296883929532095417758436384417620993443344999917989937152 117330135472679175754808461656731492144027579245157134107596955047690240
3106451998064224713342546472252833496854813474816 15378636852278649810681542564917980970289038059539429815673855529762116616192 23384115400275240815098562110106052492098252308480
3117108960869904973796445307774109179453535944704 15378636852278645694272861151100122001116633639433608388088912732942611005440 85830600523744668775200717272032130207419661051435679744
3117204090389087805214890936997868763179240128512 22499878851635095530497870700839220005183940859947800722407424 98092061428348406486655734062503305150181701703828504576
3117870153831773808415940956124695356220077244416 15378636852278648908541268527542340643669590902179323414366178439771285635072 374191518504795015599738733905608085376484685905920
5846006549323611672814739330865132078623730171904 54301650391599799393968826858948213467533460889871067372498976832 119726944880966232510704963338534263111723821886865408
5846006549323777826314212445349245054506265214976 1978868712666975768243869311025456169866549874890782523998796156312785781120 191561942608236107294793378393788647952342390272950272
5846184955285199917799871616611313265515778015232 1045984138575718208632401736740906913324697303744929261238691573757766533472 730750818665451459101842416358141509827966271488
5846541767208376407770136188103675639299873701888 10676166031016849159149120095497519827531552445366215749505965086474272 47891216402877692275157446440863520129595425534509056
5846898579131552897740400759596038013083969388544 1045973462355385541391642788226842588945921558724950434133071000420181082368 574686558575526987335839237023782301998536998785122304
5868842512406907030911671906376324000805854117888 117331030632280473506994312611575786147573205970619129841597189561306118 3831262236190919440342558826833096419575760503424679936
5868842517872692549579245975756778632678631014400 447577299812695941217339629939559336292549253276497362116103110688 135606314285399430822795159095324233675233939616335882132254508737556486156
5869021620732568248646351434494155839831975919616 1790308958365472173864618317893284068814760600438599098722498379904 60073602266123500736684515008025998844915732563830992609728859025750726668
5869021620732568248646351434494155840107935989760 3133040677139576304273676478303695938102536059739320887621485452302 23384026197294446691258957323460528912697965674496
5869200718296804804803210590410394249876727924744 117331478209520064875037780279644115246992934904341949744581135487799304 6130005547489752727880079367558560195003869186700083200
5869206309881461808681200770506725560200921612288 2237886258178168115081957947832843405107309853715096460838601490592 802063658433524518883255281963009347173996915310860669927903402235916
5870269760099612990793968132385058876217135988736 110442685428570073465395726473649963812578762661502233079243260673182726 3831262236190919440342558826833096419575162300379693056
5870448911982746402404555937467829058307597828096 2949104120841515241373418128072401289162924668881926169856651156494 23384026197294446691258957323460528314494920687616
5870628053112430844930586524020073246885090166792 110443106729158765110430208390525402727048643079312073354410383051919368 6130005547489752727880079367558560195003270983655096320
6051530217073269895687132510465859378262845685760 26912819817658167150828613887874515063142298825917080223555654715801977487360 30036629260779204386521094706449199711133871753850323310449821832041201664
6051530217073275087983991045293487908759174907912 447582361706384118999171375689663312146268272842212108343078568962 5363769469069907626488985325338994260208170838127559682
6051888433895072311986980195935971974916455006208 26912819817658167150828613887874515063142298825917080223555654715801977487360 229161295019372592060250051166146848382063840895464503393993311649792
6051888439190878257433806930094677314771594772480 26912819817658167150828613887874515063142298825917080223555654715801977487360 1748348592153781419973984353498789593448413028583037722444693504
6051893997979326118773987346697810487915757701128 5122115016075531503307360563892417334550022309124397152075776 7662512780368740914026505866064458035636279521402962946
6052425731372653583319518338980373945905657677832 447577239591368043467668068329099419728933722819902983945926493186 35076039296622234770730312912117542583910484952066
6064375446307629051443210737798828852091709032456 421305410094256099145244840291191306755483113459118780164377428994 5363769469069907626488985325338994260207273533560061952
6064739662775109741034440650111967573483219585032 4821402611064663327964852276836875065303618843613041998692352 7662512780368740914026505866064458035635382216835465216
6065271178387722376179354836940122960355655682056 421300588691645034481916875438914469880417809840275167122378736642 35076039296622234770730312912117541686605917454336
6234217921739632760462593114555394755719837253632 117331030627168362621412797067676381539902469234590245228699539673759744 19223413394476716945511963394711666872681418107405123943633920817434248347648
6234217921739632760463831054594680135994736377856 117331030632280473506994312611574763306630370094041442469392214401269760 3831262236190919440563258143366336405780149953045200896
6234408180778175610429781873995737526358480257024 3133040677139576304263082056313247120425864834577366872206231060480 117329687895439584386764994077866143838730342877577187295206455145136128
6234408180778175610431019851815107691095147937792 3133040677139576304273676478303695938102533939987065889509490147328 23384026197294446692605990828707932726119530233856
6234598431097071077094517599256790999995659583488 117331478204407953989456263222255854860919672929566613423966997706768384 30757391033350009849068509372542220276603965733642471763501896184021710274560
6234598431097071077095755614863163759696713613312 117331478209520064875037780279643092406050099027461440621662144328433664 6130005547489752728233197465791641024488604253154181120
6235645169432338720343651400524844250856220000256 117331030631979761101960105814874858496822846514073724984645586476122112 61307678713109771435012860289538201104647079544943017984
6235835472028353764186748399150040579821474414592 3133040677139576304273053277010140125298023992610024770844592553984 374190091082877737776337182326390836876282978893824
6236025765912697117220655517260097237302967795712 117331478209219352470003573393914431373983603374644097845327135703629824 98092061426920984569377910660951725932933201502121492480
9339908901067889730692018476147181190926290649088 447577249595498934238677063170164022645959573328645646018590818304 26912790485236196682418531479450076945926851189842022469354771726061080150016
9339908901067889730703159936500749894875359477760 447582361706384118999171374666822369389775205817516341528092491776 5363769469069907626797964503188880804838532166012895232
9340384185699933414597722456142867009130886856704 10004130890772522483696843005442264596960450378560557809664 38446768124109489585975077457280630349849398816079370289222747092648542076928
9340384185699933414608864294285754342651572781056 5122115016075531503306337722949660841785819364071598165327872 7662512780368740914467903825614185423546986466121875456
9340860167230264552585399609129748847596780126208 447577239591368043466154579473321017203694976368195267458033008640 175994531846574119924197845452336774240061954877556329495870690335653888
9340860167230264552596541258377976866331657502720 447577239591368043467668068329099419728933419998152269929927163904 35076039296622234772750863170027852138799091941376
9352754130302243694140096708298953430309755944960 447582060993979108130907003402313054875433109788759241792239452160 85830787617362799187156751504887460886480843868081225728
9353229850495717036847033921414136761177662816256 4821402611064663327963829435894118572539415898560243011944448 122615170331174012321521801876300985714766965825259700224
9353705614245333345434094457841269843311900753920 447577239591368043467579039572877160756860570372860681549227507712 561285136635206971633971589236287146559301331451904
11692013098647223345629478661730264157247460343808 7117425920127768906166282074056060235616545785757180542648185891323904 143671456956177123006390898912649418886082721675739136
11692013098647555652628424890698490109012530429952 8896850277222700632457095053603648979787516649022588017144447987875920 42535295865117307932921825928971026432
11692013098647555652628424890698490109012530429952 1978883810121924053589670649977529536167076835425881139172343710086607142912 191561942608236107294793378393788647952342390272950272
11692013125870975773800867540189023582966662561792 1779424357094931726290812979547588744170970863265407474496262096552016 23945242826029555947145037416531513915868727755145216
11737685024814147666896504675427781086000860627458 11534182966946053021809941709472704519049833183903618666826852545458439367173 766247770432944429179173513575154591809369561091801088
11737685035745385099158491951513557265357262028800 7689377090759476382360082700438412471195815502117320660250320447363054829568 22528964857876199419265341281751585200689985735470119423650347973141349378
11738043241465136497292702868988311679663951839232 234659375790905846455158645556154916643328664237572362210276513891221504 60074464984416866426868861127216607597920334839792420516812179924609156098
11738043241465136497292702868988311680215871979520 410653907634038545353759323364222033998975606422152267382323341204127744 6129982163463555433433388108601236734474956488734408704
11738401436424464049068576002286871917604758355968 7689611750135267288206537859083968626112458830781558232612530723876946051072 1664781951799214703229374472571762351776272876738767753248802260665346
11740539520199559667790735542051932602981173690882 10857026774837892050515722934939093304753601900611717329103462264915259992581 766247770432944429179173513575154591809369561091801088
11740897823965492804809111874935658116615195656192 386544975326939085717296660882705781773162862199691826935450980383981568 6129982163463555433433388108601236734474956488734408704
11920372729480176926598804416842183379068699803648 1118943162534075182378554758140351299352849174998788473272066376016 210696512480067417106468222880984142192971064178606795792856925692457752588
11920372729480176926598804416842183379068699803648 1566520361912760230600760118745402245530380299147273917437646471280 120587999655009828629534611742099633819667003739410720477029597821535885324
11920551832340553033275651169592260212805773295616 1118943189211757557771948004527526939715666059299930994478306820432 60072800207710153005150539102755862568192158917457304084007612077716379660
11920736521487940178184418088739102522927204007936 26677682375393393246387175640362816884301142521206240444416 5245085792984907350011826732623600350541622334948680955367888908
11920736521488278975554437486241864137812685619200 1566520361912760230600760118745402245530380299147273917437646471280 687483885098134299743840243372112672377761719069642709749767968757772
12468435843479619895185781231096436717814143778816 11534182966946053021770938704322309034042526535652385472881174023787574763520 3844659212957764301185515325943517801307515875412449273289325122195820642304
12468435843479619895188257111175007548732686204928 11534182966946053021809941709472704519049825380107602821008723852549383299072 766247770432944429223313107475101539569484766702993408
12468816361556351220859563747991475052716960514048 410653907634038545352370691285089926568458955597724630673815117559234560 30757273703662114409484122607548142410460127003299594186314600977566565138432
12468816361556351220862039703630215382190295875584 410653907634038545353759323364222033998975328581984700269787892590575616 6129982163463555433786504859800812316555878133623947264
12471290338865031896077536217642017403875914416128 11534182966946053021807647415052093019931748977492590035824750333210453385216 12261460904603737711455016790471174942762040652392824832
12471670944056707528373496798300081159642948829184 410653907634038545353677639124273086503062600759381166764142435235790848 98091687236829901691640134323769399542096325219142598656
17606527537221054697808176581804105086806714745346 117330806838538562806897047274234261033970924169207697580980819445983749 766247770432945790308641197329008445307799288164681732
17606527548322438505827491624449197100375413688328 117329687895439584386788378104063438285421601834900647823520954629750784 9194973245195334511279549846655708955210864460174493700
17606527564550816303828949085394210957143522313991 1118943098978420108669170170822748549322334307049757459864816232965 1361129467683753853853498429727072880644
17610809280299172658584703674436991479198309679618 110442474773454325031813822187247392078506947387293694098046657485122053 766247770432945790308641197329008445307799288164646912
17610809291413848989950783119642696076889128503304 110441421521982595919227617395058794792332246342769093410128851538280448 9194973245195334511279549846655708955210864460174458880
17610809307635580607408496793914085407753926510343 1053251471729112586204792188597286174701044524600687917805946841605 1361129467683753853853498429727072845824
17789215247352869476178050392598962011747330818048 447577299812312817332145458470166982084688653549821914589257793824 135605512222615178263773760398377575121324032344510841660742694326715565058
17789215247353036278714630823936528553941907013632 205328520337381185436415946402663708686472794123401200708203331840901232 15018200051490447768538892496521313414329406366819190826422846273148437506
17789215247353369883787791686611661638331059404800 205328072760141594068372480270384980563986213574862367194802927045706064 45054600152722981374621708372893331332113685650277031700952311834322682882
17789215247353875483694391515451989795411117211648 60220944773865968578251647434257856892164035765632803799040 874180965497484558335304455437266725090270389158113492561314818
18702653765219252655648374345651831473533981032448 117330806838538562806500291467902948036388425122505100680687250099445760 3844659212957771130672203426652188876424479808293571654386431244211056541696
18702653765219252655652088165769687684727422582784 117330806838538562806897047274234261033970844785545624029185651272359936 766247770432945790352780791228955471475584006296174592
18702653779723522440439376440862211927376228515840 117329687895439584386391626081454264733845415885064180192518605016924160 46135910555493178443712872012030884690807154437830513660569007588365083607040
18702653779723522440443090260991597564721971068928 117329687895439584386788378104063438285421522451995628648510826454450176 9194973245195334511809224973455072406739916440029102080
18702653794250478019242424514835095685992879751168 1118943098978420108665386448683302543009237440920488168645082521600 6829486688100708671075116963932881122381097106122015235899392
18702653794250478019246138334958716680631215980544 1118943098978420108669170170822748549322333549995380674824817909760 1361129467683753853931906099239593181184
18706935508297370616421187618166861654732134416384 117330806838538562806873708697391242622348349511249122655744568850423808 12261460904603759492184955722102668344544530406119047168
18706935522814932924558954115926325266544200777728 117329687895439584386765039749792310429446457359823190504040695781654528 147137530855244874318190140417285592714926977582440120320
18706935537335242322818258403231349141964947718144 1118943098978420108668947598932192901892151425932151703873068769280 21780729938931631493401782489753726222336
23384026197294446691258957323460528314494920687616 932895250202986926069026924010675927202731889230765168085983021147606745088 670466799134401604366705345280952130323186385302847488
23384026197295111305256849781396980218025060859904 1166119062821610720575783404255805942577100128372873286219817610650132152400 42535295865117307932921825928971026432
23384026219072518174199018985116503190128086220800 1632577364061984375263656115684254990268819497806934506033623093502772510800 5575186299632655785383929568162090376495104
23384026224517036044934034400530496909036377604096 233223812618623794506756480245130015374368239142108118133834589502525407312 23945242831604742246777693201915443484030818131640320
23384026229961553915669049815944490627944668987392 466458301240373654687872711428449047691719369434061219813805482852640358400 47890485657634213123331000383831091556247687944732672
23475370049627628123646687625505296003223416471552 11534065636363003163224761002552912574489678084442809099867055398651401601296 97619163052544185702938405067411493718427110297741033084252764928042615810
23475370049627628123646687625505296003223416471552 23068013942590542063768242962358595351740252825052621600981234815651943809024 2298743311388036268331643033291606648518702131581288448
23475375635745503985934479683023401961763306014728 30757332368506070666140806109786496843213642922904670456743504098267291189248 6129982163552758414227510601167379607565549937040293888
23475728271745236485393362045134113939732165558272 42291339340025117572611007430049659348878519128255234640139879083054056079632 60073662926003518695334885221946471321196761193418731991090932976574809090
23476086482930272994585405737976623359327903678464 30757273703662114409386246427496746774388841043812425540272823684402654478336 862723538451483169253469202435485628202626503050242032001854226318338
23476086482930272994585405737976623360431743959040 53825228981408700216607942031995310440313730684964341990335884978307431661568 89202980794122492566142873090593448305885184
23481079040398451963175872529540235504868543954944 21713722223304723245456481455721963664015382516540759474423390996067342614528 2298743311388036268331643033291606648518702129299324928
23481084974968130333014774965960234898957147375624 28951611224169374651618982589324536839525668612860474780149595410480090054656 6129982163552758414227510601167379607565549934758330368
23481795647930985609618223749871316233230391312384 50665223006052559843137507935218012228572002674238007140083430900889232080896 89202980794122492566142873090593446023921664
23658057754293996180719006764422459911176737261576 15378636851831065741603486420741641828547720016399655294895053772559281553408 5363734393298221307766049756478364615435796999633143812
23658057765395708401514624134915056478638259374088 8536858360125885838845600939820695557583370515207328586792960 9194973245462943453661917324354137574482644805092149252
23658057781622923774056877111324733070540663851016 15378636851831057204745126294855802982946780195704097711524538565230694760448 267610303511835161452282472770210071990536196
23675184726606468023825115134954005480743116998664 14475778001729310847996020708310692959107700254097872784150481517228826034176 5363734393298221307766049756478364615435796992787218432
23675184737721472524578581664187169333853511026696 8035671018441105546608087128061458442172698072688403331153920 9194973245462943453661917324354137574482644798246223872
23675184753942041757141910061226562282931479545864 14475778001729302812325002267205146351020572192639430611452408828825494880256 267610303511835161452282472770210065144610816
24936871686958531041850372458221579022879349014528 23068013942590533543505429501056471614085651458109081866314878118737530060800 11533977639320870143147914021298132269270852923473715399814787757087364481024
24936871686958531041855324218378720543978945511424 23068013942590542063768242962358595350035502313104585531506347608966709641216 2298743311388036268464061814996586016828220278831054848
24936966476737848837222344142781581275462436388864 30757332368506062145851991107930658307682944633552647979411777417126671810560 30757273704109691649075490651015721275808432300535961766261413368066467692544
24936966476737848837227296205172483824703516966912 30757332368506070666140806109786496841508887208518571050615153131485556375552 6129982163552758414580627352372093714675644112346021888
24937632723112702441719127495982950105433921028096 53825228981408700216425931248119306855181052228104962791678295088723992248320 447577239591368043467578865348305297236367579946812390499902554112
24937632723112702441724079407260430764380591751168 53825228981408700216607942031995310440313694267897898633761638657631927140352 89202980794122492571281398119765978722074624
24942580677729354881374605602099377003424880001024 23068013942590541562576312758752588071450216968693085315906849403659110842368 36784382715238635051642873772965104045534622158885486592
24942675815960475184297687363327511663415197171712 30757332368506070164947346403794976927754419998226457928779660442405621989376 98091687238257323608917957725320978759344825420849610752
24943341888113415056746993596600162319285897658368 53825228981408700216597235515296721994129421206733608290109677271225578029056 1427421917277823401551579217248500201707012096
28042562666286788012079797819813365458085802409984 15378636851831057221366674698369244193355991359957573221127882561045879848960 26912614492047088656559399512716032280314490952477370033962819148885688057856
28042562666286788012094653100284790302859568611328 15378636851831065741603486420741641826842974706929374014583217831034635681792 5363734393298221308075026913793408903251790542680358912
28042562680791323902084799824939708099864922423296 16673551484620870806161405009070440994934083964267596349440 46135910556835910162486976142433621286852070329539616400409444759864791269376
28042562680791323902099655105422662159684757094400 8536858360125885838843896204916101402976365606785996942213120 9194973245462943454191592451168916601099214376195325952
28042562695317127440022360484032511654608527949824 15378636851831057204693123213748373387194586350887132226193798596778283499520 1342738548260792231111407671161879824590225120937543293514943561728
28042562695317127440037215764509701106905328386048 15378636851831057204745126294855802982946769790827971038217611045037693468672 267610303511835161467698126265397175759405056
28059689638599259855171050909873486182878415945728 15378636851831065240413085731190324318990799215931032791438786344564708868096 85830226336508451512748526669584455652862274925597032448
28059689653117088025133902073728866895260339404800 8035671018441105546606382393156864287565693164267071686574080 147137530859527140070023610621940330366672478187561156608
28059689667636245423092538153457151414702543208448 15378636851831057204742067290084777712608406059066745225745622077493022294016 4282287532563409136286231053527990358847258624
29230924776425999588999358083056566327578890076160 1045974325067096871982831393402705496843873713103544456725275392567217750016 574685827824708321884380135181365943857027170818850816
29344212567500320673225933601262074635902047485952 223788619796067145618316062696449924055988897333773083418816413968 135606374947490595530345899927951922743195926905375068122965956197169251330
29344749881546233696704565340867360515818587684864 223788619795684021733099590481859039224986686330961261616141697296 158133675023414995734908011835230936181534136367968448778863055368049935362
29345292792811734803266606508483348919528825290752 383123885216472214590884831002211002811821802674716672 862725749598232069624087909652077309161285954496851381375363015001090
29527801356186576147325132813587609579343363178496 26912614490704350108212965624059653427590235913335872347738720723852322668544 30036400101232533606082815876372017917784279283457840874529465561174245376
35213055074441775790543192300933077089224277099010 11534036303717240623351038115330904268929227857578990733967315684400335945728 766247770432945109743907355452081518558584424628241410
35213055079907728111747346801651098263291630190592 87997265921639909234570508532943612003653788162835933785255384264474624 45055462871016380411909023733825501478557647568068778982368605889875952642
35213055085373013222805179577018853268580678500352 7689406423181450242256179301267936109423804799572271432004802998287602810880 22528162795091980207346911826546488040219438105475398326471506718995268610
35213055096475731451117138070364477619705902792704 7689318425915528602346944730759403165811801145784108596071017742903338336256 862719167580002784799919267474601881228642882017670574407548114584578
35213418855347498408556886274489895114488036722696 58664843947719792193394189052031719142710800917450323911760477314875392 7662477704329444972356468977628472844842910474454451202
35213950588741988298561621751307795837343640848135 11533977638873292903558844721141852237210085146778073283643403923923021070336 680564733841876926926749214863536440322
35221618560598011630966608071592168107849717645826 10856888722007738100541711314212557292662825310602744343136011686044890300416 766247770432945109743907355452081518558584424628224000
35221982777065164151170450899877847573821652994056 55220710760991297959613808697529397396166123171384546705064425769140224 7662477704329444972356468977628472844842910474454433792
35222514292678939171209750363937999342480918578951 10856833501296977109243751700403859763265429144479572958589306621619121160192 680564733841876926926749214863536422912
37405307530438150937036153689318015740693492793344 11534036303717240623312035606124320767528306685873291701735445206886221086720 3844659212957767715928859376297853338865997841853010463837878183203438592000
37405307530438150937043581329553728092711631716352 11534036303717240623351038115330904268929220053882204276477532539191497326592 766247770432945109788046949352028505522534386499584000
37405782815069928515727857759397739370961216471040 58664843947719792193195813040727132366922707942532090096259302508462080 38446592129577646426598497309789513550633640720565053923441804282965824372736
37405782815069928515735285777422770563657205022720 58664843947719792193394189052031719142710761225997814324255413227225088 7662477704329444972797864916627942361647897286826524672
37406258796601411694581022327264701413300155449344 11533977638873292903519842410311280040395939763165349169645348947583712624640 3414743344050354335537558481966440561190548553061007617949696
37406258796601411694588450156395073256025963364352 11533977638873292903558844721141852237210077343120978278663208283778270101504 680564733841876926965953049619796590592
37413871016594386777452141819741394407300794417152 11534036303717240623348743850083458180611519267528738830904468578467657547776 12261460904603748601819986256286921643653285529255936000
37414346736787594258333994366760660637598844190720 58664843947719792193382519874896155214723228679911595252020347890827264 122614609046037388004915137370527496128511651400791359488
37414822500538362567221723110764533075711625265152 11533977638873292903556550467563583284456304544300058919309216558119766720512 10890364969465815746700891244876863111168
40922045845266444784199487117444715381543856504832 1978868712551790449231384888068898639418424045935784583198655976200069971968 23945242826029683553032632768455312681346514668224512
40922045845266444784199487117444715381543856504832 1978868712619667512220884637311359672992109312770201409310994810415693693008 23945242826029513411849172299223580994042798784118784
40922581095817153669068664665778430424492003033088 10676138880191653359249423111084090353424818678635770813972278836985856 47890485652059026823698344598447161988085597568237568
40922937875073222934628836744786830484826350419968 862718293348820473429344482784628181556398525041612602437514754523136 383123885216472384730770217256809027591988496430006272
40922937875073555241627782973755056436591420506112 1978869575270083798051858317413381424046605602334309624811258413714824495104 191561942608236277435976838863020379639646106157056000
46768052394588893382517914646921056628989841375232 223788619795684021733077289736660508601845075349972792519665123345 3369993334374627126344970287796790188038201155953425342410552027653
46768052394588893382517914646921056628989841379600 223788619795684021733834034164549709864466861114803586793610420736 1725436587199809085689623426676119516969390556330785074497304578271749
46768052394588894031555021963774510195301882532096 223814330804392165578198191179916038980070640729478770639331401729 5857424532569994256457360225619860594524334063616
46768052394589060185054495078258623171184417571072 671446407548839405550731463991052067907763774199857855783407478275 2282050570
46768052394589070569648212147913880232177076011008 223788619795684021733789432674152648618183638562530838241951621120 29332421982396754456729455678026601782736096817848966124506339222749184
93536104789177786765035829293842113257979682750464 29332421973859896096597906520363566183461037716271633861137547047075840 441711766194597848598431800799268800062888607697232932377966199024202249
93536104789177786765035829293842113257979682759200 29332421973859896096697094526015859571355400420039535728212105066708992 226156424291634098089311975777123562379594880704043145378749596586425266697
93536104789177788063110043927549020390603765064192 29335791967193289926665593314333955061195819021694241425238445487423488 767744348109574342290242356322148664060095893191262208
93536104789178120370108990156517246342368835142144 15380609049439616187511191005190507849732009024155131149587582387036688875520 299101522510850
93536104789178120370108990156517246342368835150336 234687454809263112390762505096727282752185209694224662871701160340750672 60073949375436880513663246449695281612631852743284757700363292210550616585
93536104789178141139296424295827760464354152022016 29332421973859896096691248519466535959682565873668042030049082883440640 3844659212957779667519071332559210134795403214325055620102803237862419464192
187072209578355573530071658587684226515959365500928 3844659212957764301173280803437093346798605135547155593447020566554324500480 25711597186431536954682628606652790381564017420679746408310275
187072209578355573530071658587684226515959365518400 3844659212957764301186281573713950745736695043855422026968217035303680999424 13164337759452946897916417578351118007849859838129973181586499075
187072209578355576126220087855098040781207530128384 3845100924723958897267912646896380157781058390811507612088853526927571419136 44689625523935763022482259924332141399244800
187072209578356240740217980313034492684737670284288 11535302774171878399373868138408440849620776865034887194460733160703980994560 8705
187072209578356240740217980313034492684737670300672 30760807400029814545722172315710362065698943502115555379844080734852972806304 1607492065174870827514383257144912415026279285226480031441364836810255
187072209578356282278592848591655520928708304044032 3844659212957764301185515325943517801307513274193417604962593391698331566080 223793741910700097264623788457492941896470099508133876208972595200
374144419156711147060143317175368453031918731001856 3334710296924174155799061569043244568474096970480733913088 3092019433623085969872071602282983601231918991043118011226525212404874767
374144419156711147060143317175368453031918731004032 1707371672025177167769119523350141219058737648886135763501056 1583113950015020013822871927431776367576845834508372449631186475529547808271
374144419156711152252440175710196081562415060224000 1607134203688221109321277143245370749971075087008744291172352 5374274869017795383308391970518953070538972267213225984
374144419156711235329189912267438138050356327743488 1606938044258990275547406610211897617937635434245774836236288 26912937150255340234994197041209216044189687578612850596800681090025013641216
561216628735067392992658156023230574247152730508288 1707567831454408001542990056383614351092177301649105218437120 1345962556242445
795056890708011187502804548997657962692827303383296 223788619795684021733075808827799668677652078021314766594763653120 57289886684368661048288277838855530836874295815670598312715129757776
795056890708011187502804548997657963255777256804624 151115727451828646838272 19845726260569619054079246336
795056890708011187502804548997658107370965332656400 11570929703307700381415184218539446763520 2151760032
795056890708011187502804548997658115815214633975808 223788619795684021733075808827799668677654495577806090673760239616 29332421982396754456723598253494031788479659303349606833530868967931904
1590113781416022375005609097995315925385654606757888 234660494733978147192890364696463219716616425635419310808151192907022336 1865800260069573294112788816432864943194370093591503345008731059013101363600
1590113781416022375005609097995315925385654606766592 29332421973859896096597712414677358172917213170409769087108861541744640 7509100025308163413121686695724805782134986273376432561403795199158722704
1590113781416022375005609097995315926511554513609248 19807040628566084398385987584 2601219031668337128430974762221568
1590113781416022375005609097995316214741930665312800 34712965670655986442856919560386710077440 282024732540960
1590113781416022375005609097995316214741930665320992 23354535888649907123368392507267957653504 1809260021673968383103516609934483440368362474520639382768451658829629825424
1590113781416022375005609097995316231630429267951616 29332421973859896096597712414677358172917530044374199916791102126948352 3844659212957779667518303588211100560453115573187765139775871572943990423552
3180227562832044750011218195990631850771309213515776 30757273705900000607342883110263483612006874848616421394772169177329672650752 23994515440319043710043113704556588674866868592484219201153395169812976
3180227562832044750011218195990631850771309213533184 3844659212957764301173255361616590690440604964671949253785532699999553454080 437097152169336127469881052406189465104389877437909266832842800
3180227562832044750011218195990631853023109027218496 2596148429267413814265248164610048 151414340876921261260800
3180227562832044750011218195990632429483861330625600 5785597270435546177657100575487033344000 8208
3180227562832044750011218195990632429483861330641984 17558792274183393489114091674714167574528 22430833597013339561435806812762447687684680438319682587120603194581488
3180227562832044750011218195990632463260858535903232 3844659212957764301173255361616590690440646497976215131493643337983374393344 223793741910700097264579098831969006133447768662550420988834611200
6360455125664089500022436391981263701542618427033600 664613997892457936451903530140172288 52564330371592461396462544465508199704699959348910803991661984973760618736
6360455125664089500022436391981263706046218054404224 340282366920938463463374607431768211456 18208751526635448561617166888075264
6360455125664089500022436391981263773600212464959488 5444517870735015415413993718908291383296 26912937150255340234988822766340198248806397395393858279178703734924688490496
9540682688496134250033654587971896135530079385029824 5785464851653846336813820229870199767040 1269116675662032
12019389465409345599307104064258711698328527262711808 223788619795684021733834034164549709864464292147436905706614161408 1725436587199809085689623426676119516969727314707194935037550619787264
12019389465409345610340734888645220417400081263624192 13164036458569648337953464419097715740637676533692889007642378240 93718792521119908103317763609917769512389345017856
12019389465409345766109640644690049120192583809630208 223788619795684021733075895940085600437898724350066363948072960000 57289886684368661142007070359975438940192059425588367684092108472320
12019389465409345776494234361759704386260775722811392 13164036458569648337284354950855865286144958361613935629800833024 336758376409860689796802805760
24038778930818691198614208128517423107300778466869248 234660494734041702847965630717666457142508313827943753405819433093431296 30813960606853067423867326323468171116994593118487191758086023670666958471168
24038778930818691198614208128517423396657054525423616 29332421973859896096697094526015859571355063700348850104777331364069376 226156424291634098089311975777123562379639020297943092502926968195207135232
24038778930818691220681469777290440834800162527248384 1725436586697640946952236488339975797556861538624194348009701800673280 12283909569753189476643877701154378624961534291060195328
24038778930818691532219281289380098240385167619260416 29332421973859896096597723832658899820596261598011898455401819013120000 7509100025308163425405596265477995258778863974530811186365329490218844160
24038778930818691552988468723519408772521551445622784 1725436586697640946864534972118579974785591982373461770869254786121728 44139593899947124177371608781946880
24038778930818691552988468723519409060751927597334528 13803558520254728255970717453125308388134277457691850654438964582154240 30757420368457462512858054116969789614168585499416327795845744270483486932992
48077557861637382397228416257034846214601556933738496 30757273705900000667564414542578704722019639846449106183521831390705637916672 382887852992532476694237298594744099980106935293506055720337801157279744
48077557861637382397228416257034846793314109050847232 3844659212957764301186281573713950745736650909332124480933374376551301251072 13164337759452946897916417578351118007852429159450311581184819200
48077557861637382441362939554580881669600325054496768 226156424291633194198923540999697307737372955590550401582327634417848156160 715034008382972208359716158789314262387916800
48077557861637383064438562578760196480770335238520832 3844659212957764301173256858194267317285193200174615554346427221687664640000 437097152169336128184915060789161673464106036227223528144896000
48077557861637383105976937447038817545043102891245568 226156424291633194187428327865526514455097112313654381231374963326547132416 2569321320338400739328000
48077557861637383105976937447038818121503855194669056 1809251394464710799212737048041746956313476066291782049854281291521306132480 381324171149226772545629991702949958992924747139341519106305009182048256
96155115723274764794456832514069692433706713494847488 1707371672025177167763334723112485265179840680894217387507712 1583113950015020013822871927431776367577154815370047618402586150997785051136
96155115723274764799649129372604520057733610196697088 196159429230833773869868419475239575503198607639501078528 52564330371592461482450942369792925837634230877214053120283990099157319680
96155115723274764882725879109161762186279145502146560 100433627766186892221372630771322662657637687111424552206336 308980861675168771401320541443850240
96155115723274764882725879109161762186279145502146560 1607134203688221109315831960760637842097706192390432336379904 85988397904284726132934271528303249128623556275411615744
191561942608236107294793378393788647952342390272950272 1793805655549779736704185780135331719244304935523806248532902412288 56539537432055013758063514709439749753201513744162271974361485115352154112
191608710660630696354978432888866906575513574690525440 895257323217568662309937920885108509117169731896269544403102597120 1748388608677344509879524209624757860417559509751637063027916800
203581332073645453071287612755548352482718354071617536 52656145834278593348959013841835216159447547700274555627155488768 895174967642800389058316395327876024533790468992838176270293401600
204329620911958875188220769092398096412056616968388608 895154479182736086932303235311198674710608310904667445661643309056 842620462993734327614290697026802420611827356670303673963983667200
383123885216472214589586756787577295904684780545900544 235117694884220729649291038573898199104789536508976332607704584983412736 56539106072908329932174196957177211685426600738351887171668620761536397312
383217421321261392709956865777733813151027149381050880 117343167868773159706288183166252942507005671099107841724003463609712640 229159546687453989739290499018605676381311091509366747738738278793216
407162664147290906142575225511096704965436708143235072 6901746346790563787434755862277025452451108972170386555162524223799296 117329687903976442746516735497526106307231278852795774842233998742126592
408659241823917750376441538184796192824113233936777216 117329687895439584386390849658709432691668852526896571437762911804588032 110441421530018266937294532850555076858357751337425986130793101067812864
766247770432944429179173513575154591809369561091801088 30817346503864579476591875007957984753062974129304545867557055362945874132992 3291084439863236724479104394587779501962464959532493295111372800
766434842642522785419913731555467626302054298762101760 15380403698895835589022604743967105680278247322302263030448581982252255150080 30036400101232553611177839057674549495646012721322223614325284651084546048
814325328294581812285150451022193409930873416286470144 904625697166532776746648320380374280103671755200316906558262375061821325312 15378636851831067448923053597529369341770758513316978490534545741355287576576
817318483647835500752883076369592385648226467873554432 15378636851831057204693021446466362761762419838405387411490460376050962530304 14475778001729312455081178552913387295166340130928998710127473949784452104192
1532495540865888858358347027150309183618739122183602176 15378636854516520672253724146862868266225900766799964394254628510779884699852 13480101888618860639985472466951655002312245052294925617324918177792
1532495540865888858358347027150309183618739122326732800 15378636854516536008638382782256321314997086845066261969889351157959920556032 6901812166972856635676442061044327746471308281605011898955266918055936
1532495540865888879625994959708963150079652086811721728 15380403701581622022932189768513882816777515239343627876784942434080883048460 23429921566474452372485471064785136155137539047424
1532495540865894324143865694724378564073370995103105024 223814330804392165577485874017852035443238783678825909493014986768 135606661399109386419182496411218244809229950752542935012314514382186802695
1532495540865894664426232615662842027447978426728710144 15378636854516535104732667895492024323979376787270435521319651837670271844352 117330806838538562806522944959320046142384726258349987408225126397771776
1532542308918288913204050749219456822696542179386458368 7690201850790803779363710782803082960442358922305147247879463456211782913030 2281963520
1532542308918288913204050749219456822696542179520680192 42296198181353778486554202139559930447328395080095802422793719368002433974672 75091000257452205495352040812590772578340098829809939123920424995264921600
1532542308918288913204050749219456822696542179520680192 42296227518264817337004640407369179467248173409075963227291902191439133540832 15019349220965550547031428113792505808207569449591384317605355546538208775
1532635845023078091324420858209613339942884548355830528 117344286940489952684473591179655674793720434276820384435427318958129488 45055749320449735560864681598891996505145295106189301769143774280507780615
1532729381127867269444790967199769857189226917190980864 42296110174201691177856348099355485685591231724084925190586292673613190398112 1149169475109447961019951274351292539549683629396492821270547485224455
3064991081731777716716694054300618367237478244367204352 30757625692725800744812957086995861916178350462046062849552983035402830479360 3533694129788167743681844386442647187238344962032746216323105770330783744
3064991081731777716716694054300618367237478244653465600 30757625692725809265101773080731757001806033366354511983862719258369066008576 1809251394451541881620423475795906341351472746759390795442142500295011336192
3064991081731777759251989919417926300159304173623443456 30761159427295285533293439603396359876094917703174071082983366120487876296704 6141954785278767614286249753518311068975171189193310208
3064991081731788648287731389448757128146741989937774592 146679855093289667202019509575587074616744173255781802623084102314264580 598209890877440
3064991081731788648287731389448757128146741989937774592 205350543770353029486700075246182950710080574976460145863810273694842880 2281963520
3064991081731788648287731389448757128146741990206210048 29335791967196428477439921819649830518151763966886104053275971624632320 22528449246710754423015147574180802422491019343053853458983193878931063810
3064991081731789328852465231325684054895956853457420288 30757625692725808762927504197481753745924673443825914544382278951455434997760 30757273705676211987553341043315686570589322944663161833585397676029815816192
6129982163463577296575462778897514256293483979875549184 19225504623843608817147786638912308303721513902593914033754137371855594463745 1140981760
6129982163463577296575462778897514256293483980412420096 3845100924723958897255675131234602449582973760877503395799821234425730957312 862718730492854746351641269309863716955280176017300322351602674582530
6130169235673133789006918180259824418701472448099909632 49980833761367643753295939934506283229160820454461694536265881565727967805525 25711008708143844453359996160451608170073308345323942179897344
6130169235673133789006918180259824418701472448672449600 49980833761367643753464950840801264008135926318046601011982393301861505477120 13164036458569648337239753460458804039861886925068638907929853952
6130169235673133874080106058923707698359389554777015296 49986576044658242058114165227883762012648890037821147408975316849264472268805 44688602682993006529718060444799255674093568
6130169235673157013987209055499959765312842415218884608 49980833761367643753454989567171353779192072950698210069704638725034019430400 223788619795684021733120497430482661684181795786611660671084920832
7662477704329471620719328473621892820366854974844436480 223814330804392165578242792670313100226353863281751519190990201345 1345969402045955
7662524472381866209779513528116971078990026159262007552 7690201849671732125341749954911868997090793421173377931470705860256831906305 2281989635
7662664776539022647365265207410133602320211570283511808 15378636852950000303671543322413759835877723085197847750537946228815623618645 25711793345860767788456839422053184452060920445798347817781252
7662664776539022647365265207410133602320211570999182400 15378636852950000303723546403524973153769528724744022413446886075182776101376 13164438193080713084808638950981889330512517475817084606138714116
7662664776539022753706101018632670848439041641588737024 15380403700014907243093611415476511587023813758146383652002807960906942685189 44689966470916681853403659750843103307628544
7662664776539051678413441671162801792760820841947594752 15378636852950000303720481412443018368600816339864588612663027758003084369920 223795449282372122441791552133163035300566200748641281388268486656
9195160317404911505723612234560442785938950692467113984 30757537695459879148451115808655430046484492233716691192280914770358019686400 25712577983577691123553682683654760734048532546272753455665160
9195160317404911505723612234560442785938950693325915200 30757537695459879148555122863562340108629702549447156571567290191375048376320 13164839927591777832377524441504974621163148026565530304347574280
9195160317404911633332095978341633998518693728400458752 30761071419919375917752641165510870267844017888863256144883655361429958164480 44691330258840357177089259056886950941163520
9195160317404946342839674286825643820208799268676304896 30757537695459879148548992828784817609283743336640203852079017575332603494400 223802278769060223150462606835843408916950605710670902105452052480
12259964326927111037007959677671705200637216693420032000 895265861056725934352978885631534318977170914013514322290052990980 4563961860
12259964326927111037007959677671705200637216693420032000 895270983760220297576983514601703469820224190545419269605708302340 9127854080
12260011094979505626068144732166783459260387877837603072 895260738353231571128974256661365168134117637481609374974397679620 2281998340
12260338471346267578013836360519648837402944896199819264 117331478204441301092425504963797545818310527805079498487506595050160264 3533707609864345353834340527461754142732895666107725202903399153069064192
12260338471346267578013836360519648837402944896271124608 117331478226593781595289551957335308486652353262810650777062534075715584 1809258296250544818018489503900727632218760414027810513528972816653999538176
12260338471346267748160212117847415396718779108480256000 117344958404312339491933873264041862435284936401526777662232572386148360 6141978215155645486055629232459657793666527071058264064
12260338471346270470502224235091680345772126503826358272 117331478225288144434305737975443822992673877996969929012097340017803264 30757391036259261906320463544527525393204982667705238387786194240485128667136
12260432007451056926280582226837571913965121477315398144 15380403698895845834481704305115261666781298943580154689441718576762994032640 34820
12260525543555846104400952335827728431211463846150540288 15380403698895837296642547033075253951831017025508399228555210331236901847040 5704943620
13792834012212156436372183387669958021021684018383421440 1790308988377864846182185720084838190203961719066655074483926204552 40440254245408441066114180874549167306872958985492287152901670506504
13792834012212156436372183387669958021021684018597857408 1790324324710520400465182195392107830186706417557268669570754875392 20705410173649121789862146841397043367976426422302287056479381312180232
13792834012212156627786207077556378546798431195291977728 1790529110642970518615569420933617520177314865511613243813271765000 70289675324945566978794001129433130954596536025088
13792834012212165134928456850754522373220104930555068416 1790323420807870504782795388052713096024030547219154917909139095552 351991972952035070427726785979074682822578043180268313060595471390605312
15324955408658899685295691067120462328783958683626242048 3138550867693340381928528535570112535034444207511278977024 7019158928847449541232245837054688913581734510334434907114316289
15325329553078045294730530414820267204640423140567023616 117329687895456257937876246952233260041689367087928905929402591857868800 5300541194669396895806411580772387626038893215246070282412471090044110852
15325329553078045294730530414820267204640423140924590208 117329687903976442746914263942909035902172307775451831157279099084341248 2713877091670731205935861454272808520787502803409805880251427876686760937476
15325329553078045507412202037265341696878083282103699456 117343167876808830725103478803942205961010129836632341135997503405555712 9212932177895808483875801802336293172546401003586453504
15325329553078056396447943507296172524865521098686466048 381365295573515907596306663570864654393546090219098939362097495772495872 1149169475089439699238406229414520278877696207166767604225546924859905
15325329553078059799354689466417364400668083357283778560 117329687903474274608059945455603176889789751584360345291425205714944000 46135910558402430500918857654815640661871423459769036257446820304426364829696
15325423089182845574568313616286329042111863467521616384 205350543770353029486005599354875313927313356980457487263479222419587072 687483885058117776178557884316885291870918639285530381166224906649600
15325423089182845574568313616286329042111863467521616384 7690583214743491366913245311498119110748445592938253732161812123352930713600 1607492065128184883357444818959110473458308633357121191669696862626305
15325610161392423930809053834266642076604548205191917056 7690201849447917854144199872527888628022580582418147168256894233368437194752 1034588827579753403208646582028372730232543100619179207364509440418305
16857450949524794009439556761844840892857329678326693888 895257323217568662312971170681252400905415453127006076763960805380 15973744640
19923050015937712314180465863944699510201490006083656960 26915706473067712280789725918642217147080816326142523770598748640980116701184 862718293405706707906286277207571917166045760260025568632694657532930
26052424194720110592091899461555256121518565077121236992 223788619795684021733075808827799668677652082743681249464408866816 812759409400360981776571313159347699129864412794876704905326757990753165680
26052424194720110592091899461555256121518565077263843328 15378636854516520642241229707263272467701997408800654072825975130906639204352 229161732106520630481444365308112444707055157787666411251691541233664
26052424194720110592091899461555256139965309150973919232 3062551686882165054214357949822334402560 79383662073551795167904661504
26052424194720110592091899461555260862331792020619132928 2573984881069135994290176 678477900149982029010102435399032380191204211580449400979559784790232195440
26052424194720110592091899461555261139032953126119276544 15378636854516520642241229707263272516696842852651853211634189910193242898432 117330806838538562806499515037753571690012320170947275823865156763385856
26053219251610818603279402266104253779481257904424615936 42291339341815426470755254966517423906575407770920589418736560147717347606528 2332238125643221441028952199458437398453286172727210931011362806873047695360
26053219251610818603279402266104253779481257904424615936 42291368675356343429629771672895217628083877469486810997163378554050766176256 466457384683640222351060228997337297541347424102185055021873360967292739952
26053219251610818603279402266104258520439162985817571600 88279187815309470607748009316843520 2151677952
26053219251610818603279402266104258520439162985951793424 17558923639301827000952257053182262247424 2261564243047972306452317284323333234863793440589729333022414609162971381760
26053219251610818603279402266104258520439162985951793424 23355022315259342881005206878258278170624 452321475845184798364870706966699056704824867521476467677318323873901502832
26054809365392234625654407875202249095406643559031373824 117330806838538562806499515037753787024947570477900155888955196941795328 1399352634832325497979441509998484290873876759864207649007599356662899597680
26054809365392234625654407875202253836653904916617114416 23354535887300397738042417335093549858816 1356947172959061429277240433998114322966671811438471894198732200212175053168
26056399479173650648029413484300244411332029213638131712 42291251344773293510862649195113255683124652190593985179751170848318233247744 9759554995934145269789105649817850690189556742868819600799592683200880
26056399479173650648029413484300249152868646847282435408 486427958947716947670612300722601984 8627235590337074407250102032409732066179403530601072835402041307226480
52104848389440221184183798923110512243037130154242473984 29332421973859896096597712414677369471355177961164708412159011374235648 699681197247961848593062279542018020934048626742426819672909606849647493408
52104848389440221184183798923110512243037130154527686656 30757625692725800728139202065481701651826237793923101237195566423985629429760 60072800206398851538178123219785952740185618544745397504914887714449391616
52104848389440221184183798923110512279930618301947838464 1701432604029810944170180171924789788672 20809752254709311733182951816429568
52104848389440221184183798923110521724663584040969830400 1683802158609313859596158238720 564055920082944
52104848389440221184183798923110521724663584040969830400 2357308634182957720343066705920 2151677952
52104848389440221184183798923110521724663584041238265856 5796098675957503010128544479396044472320 678477900149981526841963604464571273328050354967136112785348361145334907168
52104848389440221184183798923110522278065906252238553088 30757625692725800728139202065481701679045836347845330619418116791633975443456 30757273705676211987547199088530407802975057504661898231828155687792438935552
104209696778880442368367597846221024486074260308484947968 3844659212957764301173255361616590690440605045801587668392214395788558598144 862731869018779544530046172597651646049569052303799555360229532123424
104209696778880442368367597846221043449327168081939660800 220697969502304001315162294405038080 1075838976
104209696778880442368367597846221043449327168082476531712 44220723538361554441810994616336384 13164237325825180711024196205720346685187353613628569771856380192
104212877006443274413117609064417015117925031618268906496 49980833761367643753295609189092790116090419139042134377240282912721888870400 437087148038445354947413689116796227886039214308919652277813248
104212877006443274413117609064417015191714259712922895424 33750107844597615317466954848010240 151410875357007999664128
104212877006443274413117609064417035188595073363013009408 49980833761367643753295609189092790116090959074849468555105644967071810846720 223788619795684021733075808827799668677652229137042218423410491392
130262120973600552960459497307776304311658960102424576000 2569262514586266349076480 1269123130613808
130262916030491260971647000112325301969766331067757232400 88279187802463158034816677571461120 2151702576
130265301201163385005209508525972271239443596695532749824 15378636852950000303671441555131741805901418202076057405248704632972032081920 437100486879633051644036840169320544177173431814239138351185984
130265301201163385005209508525972271331679568863896814656 10384593717825233894320135892631552 151415496050225681793024
130265301201163385005209508525972296327628026489132285952 15378636852950000303671441555131741805901584335293133003863603805302298771456 223795449282372122441746862166692118618712948504386488510642651136
156317725395883495597301407987527527360962161772796593152 30757537695459879148450912272344457619748395972294127718206045579750303334400 437113825720820748340659991221844860468307649319558624424558720
156317725395883495597301407987527527471644878014870733888 20769365697504967608881570790768640 151420116743443363921920
156317725395883495597301407987527557466660979615251562496 30757537695459879148450912272344457619748728241580120419748397823786137681920 223802278769060223150417915505584568559773667871730758597874810880
208419393557760884736735195692442049119722473206717612032 28927324258269241961119159494416395141120 4303388736
208419393557760884736735195692442049119722473206717612032 46283718813230780971560620184026994442240 8606711808
208420188614651592747922698496991046777829844172050268432 11570929703307702950677698804805795840000 2151710784
208425754012886548826235218128834030235850063235464038400 117331478204397949858564714265180063729000246500216420741314096098443264 60073029367693870910770159309203847163513529372017145957017219753712812032
208425754012886548826235218128834030383428519424772016256 4423670770051429396463953848835705405440 20809831638219974409621111721426944
208425754012886548826235218128834032597105362264257462272 117331478204397949858564714265250833821339096613861804034235606377693184 30757391036259261906314321566312369747718947848304416949966937334525791830016
208427344126667964848610223737932025699643261355437329056 34712965668298677808673961840043643371520 32832
208428934240449380870985229347030021015858003286102641856 5785641410029446124604860690692644536320 5379227712
234478178207606659418327117590389286357368628312727881728 1790308958365472173864606470628378875402248745598585264529370775552 687484322171943496929016594343261205577342283553005626554742214819968
234478178207606659418327117590389286523393828575745935488 3062541302288447380096191081515088609280 238150683408146057923078914048
234478178207606659418327117590389293736138315390376738816 1790308958365472173864606519623058186036374703348392195564704366592 351991972952035070427656496303749737255599487329822288075698797933494272
260524241947201105920918994615552561215185650771212369920 11298437964171784919682360012382928896 20157584616177290990077086463168412273865860273750273008395624720
260524241947201105920918994615552570844386057247955877888 5796098675620125663797050686352442523648 13164136892197414524131974833089575362524695974786280644870676752
260530602402326770010419017051944542478887193389639401472 381321485660178649255770261390805667546361743433722173169746999269916672 9759554995312712197985824254198107537291997767674679480757826743181584
260530602402326770010419017051944542478887193389991725056 117329687895439584386390849658709436014738842143928758607953096867840000 90109200309379747072089149848901845416772554019466210867723191231608553536
260530602402326770010419017051944542663359137726719854720 1701411834683920479831137374752385007616 31214628381988266782789141406941184
260530602402326770010419017051944552108092103466010282112 5796098680006031166106469995919267856384 8627235589734472640652980679081496281551467554655239781693667470745872
260530602402326770010419017051944554875171268516496015360 117329687895439584386390849658736655281023795254573869635758949964709888 46135910558402430500909644722637744853387578872595081952541056692564185317376
260532192516108186032794022661042537794812579044246159360 205326953817019272676183986902741507210420496525658521108592992939147264 21352440665334481516774449290868620671220849824034819160447171849879552
260532192516108186032794022661042537794812579044246159360 7689699747401188780995766493494572186741495810809636494235557694941119381504 23994515438869033209168790448110521318105897650364558921055941309767952
260532192516108186032794022661042547424306845396675603104 2361641424320456551305213640704 20705397008809194198084314463872601863002043409686248520161095158071296
260532192516108186032794022661042547424306845396675603104 17558526954228043082248049426953351987200 22430833595607268772709190321663230856886163161112738795134397576126736
260535372743671018077544033879238528426663350353459675136 7689318425915528602346510723233181381085247887030374556982070307954232393728 6200814884423631945190082705720004092088522797002209620683298101534992
260535372743671018077544033879238538056736329258006245088 17558526949842137579938630117386526654464 5176336088266273607638928268436062637717793653040865028333484944400656
286576666141921216513010894077107831706717849268172357632 10277050058345065396305920 15061745664
338691850270940641842632229459355299133256352757520007168 26912614490704350108212787531316134833084235320611113678745500770519910187008 862718293606181644580198394101895547907902944581497202969347830595872
338691850270940641842632229459355322985624334354530983376 309545064768530881092676962314354688 200867255532373784442745261542645325315277684573855992004896
393851354002533436598095185977629460190015954401185759232 223788619795684021733077289736660508601845070332458404470667083776 11668405811800073445975445603660334882029007796803171204140087599018205511680
393851354002533436598095185977629464930829181344540524544 15378636854516536008638382782256321262933708168069456048068868422641062510592 6901812166972856635676442061044327746472655327956571875700014523088896
393851354002533436959645200831126582637365862846437523456 904625697324515678506363138044214646466311256990432604089356719654128582656 374878745063591237959767537036562178482200624758784
393851354002533442063880704645203529570470586273962655744 15378636854516520644006670556651483985250615781230403089115292722883043786752 229161732106520630856323110371703682666822694824228589169837321748480
393851354002533442404163071566141993328993098885083693056 904625697324502118155198987191548309584335774592320944004051083684768382976 1347046351559977342956354928640
393851354002533442404163071566141998051359581754728906752 13164036458569648337954858215672623904584022516084929530236502016 11534124302549694493208976725900019563090347595588743900214320625817684541440
393863373391998845943694493081693718901569604790419193856 42291339341815426530976479603914277666569759649272904918790543120415156338688 38517266014410778344388867844336450736506045545806267926250122205381577932800
393863373391998845943694493081693718901569604790419193856 42291368675356343493185706607410358634607008784398261669995202251916014780416 7703600998206596996213559831125284373675426753422644741718580929001873735680
393863373391998851749939565800503757755889957718527574016 2487725843636206438273467594726699346969053901860468211534745558010168344576 38446592131815529209812232929201346572916552813668786328261174007671501619200
393863373391998851749939565800503757755889957718527574016 2487727569138614928480017344750099380439432915262062858156423705484496732160 7689465089368141572227370309094646132838904196841936154374025891908482498560
393887412170929664634893107289822236324676905568886063104 117330806838602118461574004636212192408664165593479801442702329074679808 23110507402177308366488992382905228118146909816478145352840976765247444484096
393887412170929670441492554269227277164950709646124908544 6901812173464164468161040748946739746447729460778715120890329413189632 23068101940304044297786791306904858150239704868052409598032109608796719939584
393911450949860483326091721497950753747784206347352932352 42291251344773293510862929055138799712151260628834513260526217954057607184384 147795324441327335786262257994226374217644261391156468556487925558149120
393911450949860489133045542737950796574011461573722243072 2487720667339605500774118832047305291915359091437186101957387744685320044544 146663005035730264923723254376818255593634108178888721791090374182174720
787702708005066873196190371955258920380031908802371518464 29332421973863230806894830694519353946592116131399542367109147523022848 11555327599647666278101332151206388693787183714051305882800169603449686589440
787702708005066873196190371955258929861658362689081049088 30757625692725809265101773080731756972881679097847725932871656811473716379648 1809251394451541881620423475795906341351825863510613494386854698326773727232
787702708005066873919290401662253165274731725692875046912 1809272099572113960953770195940985120768358130252077191521759143926075228160 98271276564460281828579996056292977103602739027092963328
787702708005066884127761409290407059140941172547925311488 30757625692725800729120011184394299314428734853912298455068875633526979952640 60072800206398851636449399784246234568765614601038374608517626731859804160
787702708005066884808326143132283986657986197770167386112 1809272099572106427358927828278338645463628182226336819580685694792571551744 353116751222698944712198042031226880
787702708005066884808326143132283996102719163509457813504 1725436588307913701508333625742392015893878674534041253499823145877504 11534124302549685956350233476128941946181185442276015175912608357745374003200
1575405416010133746392380743910517840760063817604743036928 3844659212957764301173280803437093346798605049346914777927421264486448758784 862942496815992747424346278040328349893906953827820992343230073798656
1575405416010133769616652286264567992205438327018915627008 226156424291633194198947486242523337250784804762849625163321677216632274944 223792034539028075011129638882424191023088877635065552772398055424
1575453493567995383774777972326774894570110039487212945408 49980833761367643753464950840801264008135352566213242852521994419682263695360 13164036458569648337239753460458804039864456187583225173137948672
1575453493567995385221022166264060911431133051710804590592 2940049044786331985647376844814227382463515013134191220987855779786443980800 715017642927888104475488967116788090785497088
1575453493567995405638587257143392878478363115431089143808 49980833761367643753295628644705348534506324970813877935339984318051123200000 437087148038445355662431332044684332361528181425707741987471360
1575453493567995406999758263202015012133517438643226017792 2940049044786331985497938284753015529890314856836073108971882024687191982080 2569262514586266349076480
1969304847570528820372873158304404359500939220831753469952 15378636852950000303723546403524973153769352186650819384470682034738275811328 13164438193080713084808638950981889330515086816739340383867109376
1969304847570528822180667367095187494068498914557242114048 904625697232352959088542405688556553044980401065389988997774982709604515840 715039463534666909654458556013489652922056704
1969304847570528847702467961788596408048833701705051799552 15378636852950000303671447541442448748841200802887955839136040706491023360000 437100486879633052359076303703987453831631987827728790197370880
1969304847570528849403921334768157005462510537528309710848 904625697232352959042561553148527832574667775685342316733569531455192694784 2569340922255778869411840
2363156201573062256970968344282033824431768402176293994496 30757537695459879148555122863562340108629349470230298987117938008392686632960 13164839927591777832377524441504974621165717445895455594596270080
2363156201573062259140312567926314076705864777403679637504 1809266923262345832359910898125973521681161656478250830407753162658991308800 715061284141445714833428144910191215058616320
2363156201573062289766348666433799937619304287979014455296 30757537695459879148450924245068632468379930967751306541857516389872435200000 437113825720820749055721275363290575301735794229749838407270400
2363156201573062291808084406334298998791503636413393403904 1809266923262345832267948403738961182860549968837076411006937529905452154880 2569419329925291389747200
3150906987135990767549555944653549751360135294512657334272 117331478226593781595289551957260106083561478963070508765979804407169024 1809258296250544818018489503900727632219113532126076994771147173168158867456
3150906987135990767719702320410877517771872672535566876672 117331478204400499931144760776863428256641727696323935934418174150180864 60073029367693871009041810751694174940403597091371670655681088827194081280
3150906987135990770442044332528121785082181318959840624640 6901851660387869505605267762191770946091851703710029927410576729833472 353118098266481242174954732037079040
3150906987135990770442044332528121785082181318959840624640 6901851679974976992942524002181071461841663203179227436226488714657792 98271651442490327776890067719354524698664433136932225024
3544758341138524204147651130631179216290964475857197858816 1790324324710520400465182143328905691283100955745623293609400860672 20705410173649121789862146841397043367980467556218598772880118751690752
3544758341138524207401689533359248367719547181806278148096 105326755876390380693611557840428571665680291625274625952166445056 1124634805199129071660704018070930095273544576401408
3544758341138524209783583025056081047342343258809529532416 1790308960130907036942111132349500578780345974329318380340093386752 687484322171943498053651399542390277238046301623935720136124410101760
3544758341138524212846207404094263778411174417844924317696 105313195571207082380304831960523864193123585632095487859376521216 4041133916311718195361407303680
3938513540025334365980951859776294601900159544011857592320 3334710296924174155787763131079072783554376329871518334976 230783774891335923376926007806020914963641989962229167199512166400
3938513540025334380485487749781296619422714203323796291584 1610272754555914449697749855472241675305757370112664353636352 223790327167356046910980896175942078052300825663265174835987218432
3938609695141057640745746316608808671592588747125725069312 381321485660181983966069708938882148148124560834791398256460459579277312 147795324431064274448905034945322127600531519032374616448232617144221696
3938609695141057640745746316608808681221793657201738383360 117329687903976442746914263942880111900982681127294603823580412393816064 2713877091670731205935861454272808520788032478536638644115646550114320777216
3938609695141057644361334734190374950356913044652715671552 6901746354826234806250051499939062994030635364985308353990968884592640 147406914846332935742012828837380690760742416057383256064
3938609695141057651847463729701284576912813845083492188160 117329687895440565183537049499504948624482422589925109814645473557872640 90109200309379747219496064695234781158785382856846901628465607275005870080
3938609695141057655250370475660405771740167516730008010752 6901746347292731926289074349581183052998981242782035519034141905518592 529675126832763864218673442392637440
3938609695141057655250370475660405781184900482469298438144 22430675628679605064937363738278097940953522665273447854145728652771328 146663005025486034891572191370205516344790988819355176749168457871785984
3938633733919988459436944930816937189015696047904191938560 205326953817019272676185345642544963284227259410311915935454932032815104 352638792806281588687248114802968095409468526135960676529264196570841088
3938633733919988459436944930816937189015696047904191938560 7689699747401188841217145277410136470221789457830928820476599889668335468544 382887852968585333573737111480634191206843869789681734134408748191449088
3938633733919988473941923464129129300593961234396895772672 12078056106883486628666934232312495122951458994597987183710111545688064 351991749149756301368557979975972076601249719721612105888978119879032832
3938633733919988473941923464129129300593961234396895772672 452335279258898338765666028656346931000126479949834041403985965983446597632 381324171125323569137277511354186900745624135300429914008487204457807872
3938681811477850096819342159233194223861910649461125677056 7689318425915528662567889504625371743861404464349166812632719759080274526208 89022192296684009667697015811494111698953431343047837026688584382414848
3938681811477850111325029441066576339412082738252090441728 452312848583271269433355647207058350652040998668844073713501932919147462656 87997713500526651330145861374210170244582702199086492434338771225280512
5120223854095984997268028410062018345720404862275449520128 26912614490704350108212965624059653427590235345428403445491948851405141311488 862718296820057733101101948471561982999498578007898785712491691245568
5120223854095985029191742161530640573861631107552478494720 1583094970041432359392632403697663360755493633339947376143251740516425924608 3414743344053277338812411696634240958741679267316999852654592
6277101735386680763835789423207666416102355444464034512896 3852168313655749555405151777258817761683621160879682584266059263568072671232 53925241224112573508971033823882572736415482736644454096763103477760
6278825839638207288856288267335279661573004329033828143360 23070752228870289665614285135222007698144444631497315461293499680413324410880 1748348592153781419789654756467184911544156857235678604807897088
6671156670721287851693023782386563962506197744572835037184 1356947173024880908534694312376067540660534824965723781296067988095533842432 895154479182736086932303235311198674710608310904667445661643309056
6695677347663980381042806382388793221326683281437126295552 23068101941422975445089803310393148191229092024417304282033155797624075321344 842601177383290068960978907043273292957722184195994988775947108352
12554203470773361527671578846415332832204710888928069025792 7704424795101726451921587236128961400090407828402327333013991729955837313024 5759265950624221147542392138950726767439575529717529521720131584
12557268461855093316319866577804781589332857630918275235840 29336015781524094318737623276043456903878697067209934498386966678077440 57292072103435301790442144128362299162618362093970261120601181650944
12557268461855093316319866577804781589332857630918275235840 58671583934386579853144091583126471253502835549553920862001731804856320 114580647516355716611893057258787190217571781441334803543735784177664
13341906178778428412479904989547616828307430052437526839296 1725449750734099516507026205322716821916817104929521707429537844822016 29333540916958874516706377793721497171260601392112773693747805005283328
13341906178778428412479904989547616828307430052437526839296 3450873173395281893717377931138512726225554486085193277581262111899648 58665291528374126905289245316499041391396752097963419414392721498963968
13390946036086136844335236323239401646460542449640315813888 29332645762479691780619445490486185972585890783801869026302143361974272 27611408631967378092299558049627783355254837684464608785946204780363776
13390946036086136844335236323239401646460542449640315813888 58664843947719792193195424829354716345834426263448285718881455902294016 55221132064794258011837636360073144085445035608756237966695722339270656
18836094301493300605176154845140061250905861959952103379200 146679183650297254025025806442296399410884368166317776222390430287790080 1748351926864078343963810544230315990616940411612008476326232064
20013062849499716264172928771934180790813627797010361876480 8627196097524663303941782067599742274367926077099908262592062068621312 895156186554408112109470998645921787195873490745348339879030816768
20086623383750117225378042705628194867787225731077442109440 146662333657919276167010295149195618664254743310698440464065055166562304 842602784517493757182088222875234053595564281902187379208283488256
25109173189317155999772336866344240819001231147417229852672 42374145341950433418719391953532655410862718598864229840770992784381321412608 3291009114642412084309938365114701009965471731267159726697218048
25114536923710186632639733155609563178665715261836550471680 7690201849895546456120086703138521800581677915709716381172425763327678873600 22527300078984013573166457543278262688381124359439199770589246496413057024
26683812357556856824959809979095233656614860104875053678592 452312848609594461290463456864666646972753485679882227129268465344488407040 11533977640439814949461226262158470496451135672032870282541694206163485196288
26781892072172273688670472646478803292921084899280631627776 7689318426363105841937878766699332998536809256557997861197563910856302919680 10856833502771530776761928626592870953288620698640315512966923326183069188096
31385508676933403819178947116038332080511777222320172564480 3852168312983072434573984375994748094132871766163068233444631920368234266624 7067388266106934825499183375470675007073386837512311312606861456419323904
31386274924703836763608126289551907235103586591881264365568 3852168315001103797067486579786957096785119950312911285908913949967749480448 3291024807396750551011847954588259029131511987155770886783500288
31386466486646444999715421082930301023751538934271537315840 29391729891890084708365172030739927136282841906674505857992672638140416 15692754338466701909589473558019166040255888611160086282240
31386849610531661471930010669687088601047443619052083216384 29389711860527591206161379821737274888098692063622041575963073122926592 7067388265284182546838580354393190415794711585020943379790071524745019392
31393171154637733290799666444511953973332144077295688089600 447628661608784331154968960442554254558584865948134772201551298560 802062784225881338938741521287300706765142052529833873169087461326848
31393362763348393921496021422944842840238719590870378615040 23070605548791382045142691447105627480859925238011979411621007745579934023680 1748355261574375268137966331993447069689723965988338347844567040
33354765446946071031199762473869042070768575131093817098240 26328072917139296674479506920917608079723773850137277813577744384 410656145523651245536635658899097961863752730895274943062572780199346176
33354969028278144676652833761481797619121057849447888715776 1356938545776127238037111777245040927076425240880199133687530840406309732352 895157893926080137286638761980644899681138670586029234096418324480
33477365090215342110838090808098504116151356124100789534720 447577239591368043466151617655599337355304155452333722830821654528 386547081833096812348535840229814981795694637433936995463196092391227392
33477569419836254069713279028867596514247768180717757923328 23067955278194163046630900213165695760299229094963385272688024286907265449984 842604391651697445403197538707194814233406379608379769640619868160
37662610412320084583014736539245998496614132666784207077376 7704336625966144869147968751989496188265743532326136466889263840736468533248 14136394122431880460101222603226694461757789883759031597028269676059164672
37663376660090517527443915712759573651205942036345298878464 7704630523084750145060030365787713561014624519246772687305023471467697799168 3291015391744147470990702200904124217631887833622604190731730944
50216813883093625213546191084728436787556220763140498915328 234688350066523558942861718752200262200851265729295416750884460277346825 1495516740321280
50216813929861498505275208768179245975739900184702117478400 11534241633132732460337236030533813499594732150601209053895512655302713540795 3369993333393829980190801416742713186067848671438299749403504672768
50216813929861498505275208768179245975739900189392221770000 11534241633132732460376239234064760755756274138679181908989044469586358007296 1725436586697640946858688965569256363112777243042596638940181817196544
50216813929861499202173496871298326465584549775948380115200 11535566798761539070261391752389149581917802363586495132463654203824746487819 5857424530865259351863205618620728039714792144896
50216813929861677608135251269782931865814843938722963001600 2909586388336522450843872631637879823765669965812160089511927218640 60073949375436840300980254128771639312446803075664543744128258998554695692
50216813929861688758507860919688219703329237319223450009600 11534241633132732460373940438138912362161856100473135851453889837502413496320 29332421973859896096603569839208223432269076337342763587480442743291904
50218346378634491107870334950423161166120294134135467802624 30760807400477443147802137144273418329725678486504342632136835594555249235980 9127854080
50219878874175357002194478816117885544684367505130436689920 234687230994869536982033827538236910635350133959979007993288505326340100 598212172840960
50224476360797954685166910413202058680376587618115343351808 30760807398015485508953823322912747610352234384014450136037568883454357021185 1345965979074560
100433627766186892221372630771322662657637687111424552206336 293326010047567330569043702344420952303386321657024560684627069993484424 3533724459496769209778371503575157906212955099140129385912934922253762560
100433627766186892221372630771322662657637687120804760780800 293326010052679441455220347435739270681283343592460488657473806840958976 1809266923262345832261818368961438683514611525395821196486275211759997419520
100433627766186893615169205679486609003620079161292995166208 293359710191400737015045222056832821370006143031981475343575802398965768 6142007501697347977473479463601416111524335321255772160
100433627766187272727837580700080015110830714174092747997184 293326010052378140571863326336768972648650297059601826849934088956084224 30757537695459879148457054279846154967725869411192561756378180053974741155840
100433627859723355216270502539565863731629687868649832972800 7690495209829547366284938325087505756580653109972597221639455066843440838155 299101522493440
100436692850805087004918790270955312488757834619436132213248 42296432865899001411546884334314600653829724010661627242195538299831311139088 60073949375436857170691167980476188711661068757958823020943406376563524610
150650441696048390726647839539501908633377587296126669684736 263993588073697430341555023301589988935218154207047504532578080744669320 3369993334963105414037471610429236389220412646662500698214780440584
150650441696048390726647839539501908633377587310196982550800 263993588073697430342447721406416052539877519515244739982603294483746816 1725436587501109968988184103340237409283358544303698135831578234916872
150650441696048392817342702550784935469204628937241375281408 264023918219386044477314965414535034879074211760374008657311124038025224 5857424533592835199213852989819340127410059214848
150650441696048961486345441619768234814159951493316198006784 263993588073697430342395106990660216858332038332120878517147681563934720 29332421987518869472804987181317628793016309106152687646721877110423552
150650441742816980429816693624294300519185908631790331888128 234688797695185167727192875237785602827051718437021980253922842257749515 299101522563080
150650441789585032824405753809348795597444531802974749459200 2461957638848313821360670719373444102489892496099266711100892214795 69640
150653506780666764613054041540738244354572678558159095214848 223814381021206051593957560281312971605454141252918685460399653136 158133961472848334209929061194187877604783106536641333780446686449496245250
150659636949901900427331349916772298370005639504798819549184 263991797764739064869381158683272095651149339446444704750237923423682560 1569275433846670193686523203152563975224200948811275767816
150659636949901900427331349916772298370005639518869991225200 263991797764739064870273850734142736142198603780355821553908945600380928 803469022129495137770981046170581301261101496891396417720328
150659636949901902518153822709873321030752168021573540804352 264022127704739609339990339829005595550762371195248172827146009386811392 2727575847350647371198612087695267069952
150659636949902471221866422433351484753807920756939026333696 263991797764739064870221236675198823637143092863012378270441745950965760 13658973376201417342109405360747232768809924059241434367131648
150664234483292550488495318340371663944477552351155211730944 1790308958365472173864618317893284068814760602799782340157320986760 40439920002295235196136287194599081435966748032483797941653331841032
150664234483292550488495318340371663944477552365225739028608 1790308958365472173870672273316397678915734888918428694348883365888 20705239041175160384433762724602057403523908217772261164173578224078856
150664234483292552579381594726307469883976917173134784727040 1790514646435137324625585529439328311840565125835830165114651213832 70289094373110688069709114794647348564272772808704
150664234483293121256891299506970777188619291366069677064192 1790308958365472173870315461393221188945469108500246705935612968960 351989063699977726535444255412608086547976148816923087109006747286634496
200867255532373784442745261542645325315275374222849104412672 38446592130025220281336568750154655449650926494064447201437023984909180469282 10110031422198906228261310970220460461419886160931589896094873812992
200867255532373784442745261542645325315275374241609521561600 38446592130025235617799232007201685447771760009554125520550617501845902345216 5176336088165839979872741376214690006946411452901640054098361311297536
200867255532373787230338411358973218007240158322585990332416 38451009247687232098495743994110181851664705194411967142023275889252997545986 17572362969801144041602676291983073717655724621824
200867255532374500854184764338913747150224883052561995661312 34605937658307597268708036723440638803170834312915176372585417936263958364160 149550761246720
200867255532374545455675161400160030221661428348185495994368 38446592130025234713888919633815236805082929946249104765469903805440745029632 87997713498819279657854175758619531262130597375619863985762670399717376
200867255719446710432541005079131727463259375754891852006400 38451302605159260990197273586236223959134495115937618125627108453467973222400 1607492065131519593654368993115239183570306537062075394510530289353730
251084069462235282948020470310824571291015274407551221891072 11533977639320870143111210453777434619869136423845156931041007284702303748130 3369993333786148838652468965164343986855989665244349986606323614722
251084069462235282948020470310824571291015274431001743331600 11533977639320870143150212764609520305539184551295199803134258279498263839744 1725436586898508202391062750012001624655422568357872013163030921626626
251084069462235286432511908230271544472824708098534370447616 11535302774619505353412522271845536855703007250394664117725518122061377060866 5857424531547153313700867461420381061638608912384
251084069462236234214183022319848249924990665667408946003968 11533977639320870143147914021298132269270845119816620092012841851578897940480 29332421977274639440653924174735574772455884529545244602290801335074816
301300883298561751281277146508370620725337324578842993491968 29335791967193289926671439320883278672868653568065735123401467670691840 1046861033661955
301300883392097856070455266878479610881854570921211828634112 7690231185239884987827284460772947087699153189600592133924077742533512396800 299101522519555
301303948289643483069925434239760069482465471320832931266560 15380433034687802782364642250106573292119633510547616202113032083599354101760 598208749895680
301303948570251797437459795350087039952017210374327984219648 42296403529883219834097200842798823443717892887292206214838566338399286853632 1149169475092774409535330403570648988989694110871721807066380351587330
301308546103642447515021287132225708165968053632108760925952 7690201849447917794537357789333626204420480320947024068188954341065841704960 26115
301311610907651969725313334123397176610061707715750247019264 46141211096687506767068101574815229394995685130530040749597854813108771487744 862720041754298861687706245616739116322983423289124583508326725731330
301316208908723143705207955562204887367413929153436464475648 26915999830987384245074500317860413645385997843782192631639281400696363024384 1206459361760469519104855235161430963523036248388241251777991076758530
301322338797350502493326410654874794725152976268658957356032 15380403698895835589074715578667252408840960641894048136377908682131683409920 5704908800
401734511064747574460676822717946436014480316609987608576000 234686335752914429896461186580953139890401757704355476702053688331468800 1196406090043400
401734511064747574460676822717946436014480316609987608576000 15380521042063711192505748082056542113915877650965724768027608884423239925760 897304567532550
401734511158283679249854943088055426170997562952356443718144 15380521042063714607641410990872545199895990418194426952382212182633676800000 299101522545670
401734511438891988042201670145433967805919201477616939827200 30757332368506062165860252889475703215310885265928367544058953482816763199488 3533731199534858014854619574084711383960230451177618879203081613622902784
401734511438891988042201670145433967805919201479953402038400 30757332368506080910370838260849503457927459913197625940931330454132979924992 1809270374161847300460851383013849328948255359030031055529690369939491520512
401734511438891993617387974970386611724676398172402668800000 30760807397791688253827745701414520247582485119931607194528833855315551191040 69640
401734511438891993617387974970386611724676398172402668800000 30760866069375623243199395076789872464207165217208353967019635788498749095936 6142019216635786913358169203072089473870013262188249088
401734511438892082820368852169628914424791545251590936985600 30757332368506079805594802838938212365004737889552885489774583935275618009088 30757596360751404107840615530452074379033699272713600033478578336202397581312
401734511485660046011977035155441106802935021343587086371072 3415135662908816003085980112767228702184354603298210436874240 121870
401734511625964203195744215710604592037710890857140339084288 30760807397791672885717262611742506360671977667402447364933119013368585256960 1345956851290120
502168139205078880263574300916756630463556888589041492033536 58664843947729796324086585563194529551629205166248690013186536295890944 4417154731872628556084327793436141618718698145103987678866468504759976962
502168139205078880263574300916756630463556888600758162819200 58664843952841907209469720555339077712761224497255284403082617423921152 2261583222718785816784291778903341404824435171195791050234058502503646905346
502168139205078887232557180649873220728296477333695663966208 58671583939207982464395849956631741552127750293301708111503123848364032 7677507912765552937420973201362208283876431146688446464
502168139205079355548206432869708929535622259425683684982784 58664843952540606326159467865575291750000824601148990362835490275590144 38446914786219358885340637749269569434952818883529810062262843007716332404736
502171203822016556676417492618792758346720904878258544181248 15380755728399441908553835635939103008185035065736864925199389499743731712000 598203044986880
502183464254024007733343773201019595918634870008532221045248 2909586388336905571806063528445466341556257379791986455527680901328 1607492065114649882740517288565839969304624242782798579363152280524812
552384952714028450101315395972131746377148978899409105321984 234686335737546319413371514567066229382949228544525880987211741365534720 1794609135030280
552400277809741266184767872218362352074253632384840123822848 37662610412320084583142342426841350420413330490135347724288 1748361930994969116665033682039604929277848915826238965775108100
552400278137117632946889964285748032706191090776070766471680 26915706474634412596420471077684618265205780574245195256350530007431221608560 229161295032711433247215991396809937738297827914993605085408675792900
552400278183885685341479024470802527784449713947255184046848 2909586338119708564827400945374418887603454608238067313544542552272 1149169475049227016246085305772220093828028586952811369192334928939012
552400278324189842525246205025966013019225583460808436772352 26915706475305855588833647574417075887259336680574911607387007735910266568864 343741068368101652386265654578373886804982102948032494508630126135300
602601766971265772484946931688079293121194575700466044239872 30757273703662114439398639099814314176580395205766445863843037266761201221632 37070183778988486654390019377817972765980600094128951431671626141704
602601766971265772484946931688079293121194575721562923600000 30757273703662129775835300816306115887969270502114347744384576257651319504896 18979934094842105134058446156567405628451529593598915211622475705421832
602601766971265780847726386329359829731916556494988659132416 30760807397791685642351134369161025153742756334828810636386611294119191904256 64432116728272258647911206356631068517114721599488
602601766971266628276044013569788944646452973599776432979968 30757273703662128871926520938460622337119598100625902278419655345560178655232 322658879612315787279058016778374167942323914297538189638133015392550912
602610961944510967818097081770242194976296288135199145852928 30757273703662114409386246427496746774388841084377244747576164532434596003840 257111656356872291203793648127719234264708307654188233074741256
602610961944510967818097081770242194976296288156296883996800 30757273703662114409490252589711605965893560350843376215745736282429447995392 131641168054718612867535305585634210979920130352183280475716259848
602610961944510976181004142299118083510817034407509529462784 30760807397791671178143301175171041262248467126492060896710828215420571353088 446888754405777415944551803060080252008005632
602610961944511823644030570965482921698617661470336805240832 30757273703662114409484122607548142410460106193547340839700747133586652528640 2237899856930216418748547083710187364074586767790175848145216339968
602615559431133565484672156811323645903847144352565696659456 30012392672317567402191554121389201116266872734326605217792 40440177112382316634580820794560685952048448765567251181075130814472
602615559431133565484672156811323645903847144373662790453376 15366345048226594509922075710151270971528638839975221871509504 20705370681539746080917135122136661991564306836641511850562657522618376
602615559431133573847643020283997210400267273363768890886144 14464207833193989983891494289208336749739675783078698620551168 70289541259137517999774411975251796556829513744384
602615559431134421284467706697449786901388055654350660304896 14462442398330912479926659491907078561438718908211973526126592 351991301586175683375661586617582391374592990634880953225613458135842816
652818580480215700528407778141588619952261420447680335708160 26915706473067712280789725918642217147080816326142523770598748640980116701184 30036514681005868996206173954731081428085949278535979589442717587488112640
652826243519136658735095890462720397868312361527817678097408 30760807397791671178149431157334504817681921283788096272755817364263366819840 1345956851220480
703050719973470718165884778280151323381894245763424073051648 53355747874672002964999575989522915306588363349494417326080 171877116252496924900394893276603488190172313746297625129480733606914
853685836012588583881667361556242787936888160927249701273600 2694090133857440099646360780800 1410132269334528
853685836807645474589678549059047181587578303139935997132800 2909252057343892282529985515067118131849911322307878635015310934016 1865800260069573554612510834980116642379631156709659613259947524183795269824
853685836807645474589678549059047181587578303144608921555200 11534241633132732460337159703325338064651167504388554307512844512294936248320 57289886667695109563667407059916715181478931897898716663357538041856
853685836807645474589678549059047182192041213514890642198800 7788623552830171539525445082939392 19845726254793752531976585216
853685836807645474589678549059047336934546268302613080445200 69723325290911914254971896206826636574720 1809260021673968684404399908495160104486254788488627355684978513016548065472
853685836807645474589678549059047346001489923851891087769600 11534241633132732460337159703325338064651292107153244213636048131280628350976 29332421973859896096597712414677358172917232977450397653193259927732224
853711888436783303992259453455704343197750492719270186188800 353116751230406732255956841078456320 8606711808
853737940860978024102851545355165898458612824511290671104000 2694077287544867168314615398400 564058071760896
853816098133562184434627821053550564241199819887352125849600 353116751202144844595507911238615040 1269119903072256
1707371672025177167763334723112485265179840680903563236343808 293326010047557326438150988753244206120363546598095670744931963947188224 60073315811445076461818188031922768788571085804158125664584581061791449088
1707371672025177167763334723112485266388766500518226770788352 1020847100960887005601604280908339216384 20809930864882906998742667608719360
1707371672025177167763334723112485594007663616073352907587584 293326010047557326438150988753260537680136926725952863597793136225550336 30757537695459879148450912272344457619748416741659825223173654461321094103040
1707371673615290949179357098118094673869092536596430067860000 88282555411918901691708402586091520 282024732524544
1707423778463680389400541281917017473687399643410026236739584 42291573999400908391558555574352134854908781262923062074454407424093070557184 1865800260069572569107538379271236720160691713106032285178591010286171341088
1707423778463680389400541281917017784390817200189267399156256 63927713046961830490101564335262663704576 1809260021673967680068122246626237890759947075262000779296555665726820598048
2561057508832822642353013272171532446767418984048172157899008 263993588073697430341553276338566845953604339750312092302112511984926720 57289886694372791939060800306218820230111514166333727302329684787328
2561057508832822642353013272171532448580807714033117412987152 178264574582914374214648594432 19845726264035138967340843008
2561057508832822642353013272171532940009153539925243995357184 263993588073697430341553276338566845953607191635332421699845309224452096 29332421987518869472799129756784035957817115098889132341733434392051712
2561057509627879533061024459674337461805980697523679769133600 2694095272382469272179058933760 282024732590208
2561057510422936423769035647177142010803638804894645101790000 28261887660448929839841280 65664
2561109615271325863990219830976064655274977946549962233872384 223788619795684021733075808997940852148024910347515321293809385472 1512430846984723595441164204813487936164437716651698877339816438194105237792
2561109615271325863990219830976065121325363468491880479601456 170141183470375401588715140965394808832 1356947172959060927109101603063653216103517954825158606004520776567344873760
2561213828148332307264632948585129072290095871595599561258752 263991797764739064869379411732096223556254918533687921783979753875701760 26677682375393393246302105048632582268435010638972146745472
2561213828148332307264632948585129074103595285422686797330288 178263365657094759585473888256 9241386435364257792
2561213828148332307264632948585129565561936432535288514871296 263991797764739064869379411732096223556257770399367799251119919142535168 13658973376201417342106677784899882121438734688540174464319488
2561291986215973358304420411786318287056118389983657582397440 1790308958365472173864606470622397349421216624170518132758109224960 687478640039018997139402277965302687226379765043219610599262603247744
2561291986215973358304420411786318288869673144605915902118016 1208925819614629174706176 238148715066766416819083280384
2561291986215973358304420411786318780305231562425419738120192 1790308958365472173864606470622397349421235964622448725390081916928 351989063699977726535373966318234975859906677850843506526859293597106176
3414743344050354335526669446224970530359681361807126472687616 38446592130025220251323921659632058522067630510055828815326023664956323397632 171870534177381405581712116007128379136892567772124767829377169752064
3414743344050354335526669446224970532777533001036453541576704 3062567263772739147539969023024853680128 59537481586131971611929083904
3414743344050354335526669446224971151747552643708998805094400 397256681857898841692139756653117440 141012366262272
3414743344050354335526669446224971188015327232146705815175168 38446592130025220251323921659632058571062725153732599044817989031355886862336 87997713498819279657836603395649730118089054236809467044016626604179456
3414743347230581898358714196236188726350313212559743988531200 38446885453797381610693519593290053678282204929294343981364542344351677677568 23994515438972605387802670680713811843588824146230248941062902299771168
3414743347230581898358714196236189347738185073210452321780800 63927670123965223246065508026599017021440 22430833595707702400475377213884603487657485823770377637419126548873504
4268429180857999810116347995284017711947259664951735394242816 11533977639320870143111134128315923688977414231371151917399227633188187668480 57289886674364530157515755371492241443637077465007469323100574728224
4268429180857999810116347995284017714969574214551344183775504 7788445288104472897699401787506688 19845726257104099140817649664
4268429180857999810116347995284018534016817155998596902944768 11533977639320870143111134128315923688977538831283954385636542195297643659264 29332421977274639440648066750204027619142203507810081325328303543812096
5122115016075531503290004169337456727621328965563498207641600 336758376311851102906152386560 987091943055408
5122115017665645284706026544343065825616645180305428872954400 88279524558270207371333317374771200 282024732549168
5122167120923920943511188353136379838143053629147539177472000 176558712358164102891563728597155840 564054844243968
5122167125694262287759255478153206200037712855969770225270784 42291544666755145911866774954906644368541369055597075999398479943787886936064 9759554995416284376619704486801398062774924263540369500764787733184800
5122167125694262287759255478153207132129002273399719720937056 57961473187533952078384304714901224423424 8627235589834906268419167571302868912322790217312878623978396443492640
5122245283761903338799042941354396346909247376120357960812400 88279187799893895520230411222384640 24624
5122297385430065216188182375142100329325346560716673921318912 46135910555493171614079064339399088285287260549619052020706572749462703177728 862772595256573244379589508084919940474567375470706612532874636706080
5122297385430065216188182375142101261440339610246926818620208 530648682460338653301731935396036608 52656346701534125722743456587096758804773468621460557519449506080
5122375551448275174308081713371335034067948706033005622198272 26912907814924088707173753508440281606778948872390725325829622360633652543488 11538911475448226603067727482544693687234995641154302078411170352480544
5122375551448275174308081713371335966159385701919144492953312 57961296304639798632166537470922759077888 10352672176532547215277856536872125275435587306081730056662571842289952
5122479759554940273334427705963573089207518814318907219774656 176558375599787791040460822444769280 5379194880
6829486688100708671053338892449941065555066002037722711064576 23142035966338018640293725791927853383680 846074197622880
6829486688100708671053338892449941065555066002037722711064576 52069183667578684041819190892081016995840 1128098930163840
6829486689690822452469361267455550163550382216779653376377376 34712965669645711313921366251668252917760 282024732573792
6829486694461163796717428392472377452700626425121687000320000 30757332368506062129178236088357554878248496305778751887123406756551053017088 60073430392092586148114206076631716000235041217793999890635747081423159296
6829486694461163796717428392472377457536329708083940765468800 3743126805357371318664766972531539181568 20809970556638238336961747561218048
6829486694461163796717428392472377457536329708083940765468800 57855001633289662943720283220346887208960 65664
6829486694461163796717428392472377530071878952513349196185600 30757332368506062129178236088357554938131214396954979369902911194062454259712 30757596360751404107834473511235438592120361913481084582243045284687770550272
6829486695256220687425439579975182006533987815454906098125200 11570929703307692673627640459740399534080 114912
6829486697641391359549473142483595653526962137567802096094400 5785817968405045912395901151515089305600 1269111296426112
8536858366486340964480763115584862717880467106025250236663808 58664843947719792193195424829354718339676420018193347529928313504006144 75091630441834685322915937971400007582061324043610249714804220230891487264
8536858366486340964480763115584862723925096208602167536257152 1020847100802429471647255991092076609536 26012408619672072360336810357817344
8536858366486340964480763115584863124079542568586702103773184 58664843947719792193195424829371049899447265134994641814738929128046592 38446914786219358885332960241356803882015423922737067526051326913380001775616
8536910464974275279037857799361349751950566987476263083442176 176562416700303533253695696273408000 564049465049088
8537118892318401947002706409585087368436998217050131183697920 2909252057343892282529985515067119429914222360142638999525876826112 23994515439958110360258379560636030783032427773558330297576799923699904
8537118892318401947002706409585087683976266630746414882237088 69723326588976225292806656571337202466816 22430833596712038678137246136098329795370712450346766060266416276340928
9390544196138474422698340977118669429365730484819471814885376 2694067010494808823249219092480 1692148395212928
9390804722765592295928295458621698158043312818647448753799168 135581255570061419036188320148595146752 54302064680314334912044396186494498370414351969489591370766123072
9390804722765592295928295458621698628929549193002809908278064 69553184107441507965564608236229310283776 52656547568789658096527899332358301450098783899145122579348488256
9390804728330990530884373771141330001026918557497239877451776 26912614492270870446782575683447665494878833001354678257951269516770772254720 7117480222192449220127004027369368992338655924807699800176901243306048
9390804728330990530884373771141330471913154791678062630021792 309545064786548775260160914274385920 6901799003338132577092852390176357810752638453859304875859280943677504
9390804729126047421592384958644134550024576520190067180830720 2909252057343892282529985514896976948379538494704044563185910415360 9759554995573211920004371505897292798355115923942930697222997437087808
9390804729126047421592384958644135020910812899049027962682288 69553184107441541427368062134997236056064 8627235590035773523951541355745614173865435542628156308547854388985920
9390804731511218093716418521152548197017550408268549090967552 26912614492942236306169627748646892921362232007387634506182313265163998855168 10676193182256333673023050018855960241258798680035564955469666481897536
9390804731511218093716418521152548667903787221161923960663776 309545064794270729903368322257256448 10352672176733414470810230321314870536978232631397007741227631741272128
10244230038511518132244097838697347983060307786928813473007616 30757273703662114409386042892932725523530821243356626151712328731767689183232 630193124242804272029284345042277140007179693537463983132427843338368
10244230038511518132244097838697347990313862709120394307045504 3062562071475880310480885588871230783488 218304502920726234367103336448
10244230038511518132244097838697348718087206184660055011360768 30757273703662114409386042892932725572525832820424859790675090174041617596416 322658879612315787278993584661645895683676221395684479295850267774287872
10244386353056686452907650390094117314597036898319277056067584 30757273703662114409386042892932725523524839717375594030284261599996427632640 4370898158066828942867383193273010911442660578099835494924877952
10244386353056686452907650390094117321850702500975300150560896 20769187434139310514121985316880384 1514117994956515360899072
10244386353056686452907650390094118049654040382378811727020032 30757273703662114409386042892932725523525171983809721051949146703866995146752 2237899856930216418748100194955781586658643730105110724408569233408
10244464510329270613239426665792501980365401454014507773855744 5981525981032121428067131771261550592 687483010910499381592951752102193855188658625435362699795785381380224
10244464510329270613239426665792501987619122396902751998576768 3062541302288446171170371466885913903104 238150229175519986899079921664
10244464510329270613239426665792502715399678549375232923140096 49000660836615138738725943470174622449664 351991301586175683375591297076323253856593454373134876949043527702020096
11097915868163651590461675700231154223668964425812413018800128 26912614490704350108212787531316134833084235320611113678745500770519910187008 932898808915946989904433976438252462948170822569208711060290851987651559424
11097915868163651590461675700231155005239506806695961449988096 309545064768530881092676962314354688 904629148039706172028542037758305418616408385670621117568055228352528646144
11098046139825307879510770409762117369515714601164153027038400 353116751199575582080921644889538560 1269111296360448
11951862239548983845361420605821276094787311429609875172229120 181440919498855650358276796352349339648 5338103173196612935218787075415396665417080602290063855609998945042720
11951862239548983845361420605821277031714451703956867204017888 5966241157154809529235645122692408934400 5176336088366707235405115160657435268489116315698503870613815904190752
12905721179974405115855728653422066215765154347468444191948800 2909252147577229731636566322123063937464701846944157459962539278336 30813960606853072505181181118986249458261445105736570588461546938893005225984
12905721179974405115855728653422066371112122312626431170969600 11534241633132732460376239234064760755756141732078783796072872088408936153088 1725436586697640946858688965569256363113114001418908489893537208336384
12905721179974405127702999551175090748506425011152146032230400 678484801948984262409559324844975091604371751672513264366736769653816688640 93718792493844149629811289897931648635436674318336
12905721179974405294958588695923669901655229291217792113049600 11534241633132732460337164193161130737294906571695114737976110284862914560000 57289886667695109657386199553760864811290221795830365157781846097920
12905721179974405306108961305573575199164150250527198176870400 678484801948984262375072896121456515044478925416399046827816005200525656064 336758376311851102906152386560
12905721179974405306108961305573575353906655305314920615116800 171151847451273985383281215895329530351538491767227679250965331968 30757420368457467634973070192501292920368068737515538330886577927725758021632
25811442335910031300892766108229924613706821228595807816515584 293326010052679441455220347435721916280567008513365202585701618716508160 1809266923262345832261818368961438683514964645177846158875014713603407216640
25811442335910031324587307881668711719722409187504129537212416 17254471184089480637773731839062606639576454013947331600380376154898432 98272120027157567639575671417622657784389365140092354560
25811442335910031659098485859628058513930360342050416606838784 293326010047557914916438795435078128496024544888640294680752693218115584 60073315811445076560090308059080336428146757221780783448972677090587443200
25811442335910031681399231058158681674808891728532844908118016 17254471179569378909130608672689524487092176971374423681511859924500480 353119782024962388740847800261017600
25812230062656815298584653497216087690450688726845690755416064 42291573999400908478457462588695215503508048317387195552469812757830003851264 30813960606853055450295766073374614062040206486954439845925230706140475555840
25812230062656815679102730937290282991809413329793350688047104 2487739647023600609914522474692066420379800061653192303736094120353443348480 30757420368457450561256349940729615232639461849110408340043195361581124812800
38717163515884436416748494761651990984818943541222238987485184 263993588073697430342447721406416052539874489017476830438241635189915648 1725436587501109968988184103340237409283695302680166802123958666657792
38717163515884436452290307432843802468228834198656275569442816 15529034592570437079756832022775134959737678949030018675199377345085440 93718792537485363187421647837109442038560947437568
38717163515884436954057074555551728415585589633268208719888384 263993588073697430341553379101097619070169857571901886629527955701760000 57289886694372792032779592843704183417533162003443169199878265896960
38717163515884436987508192363732256873973041979060043084988416 15529034592570437078967513023906826619992617001028048849308331481759744 336758376468666441931193057280
38717951242631220414440382150638153906215843074314134947364864 223788670012497907749548975829980261293687600302140647856314253312 23223585614329698429260876906654092799311038711326079371094047668635273527296
38717951242631220985211692242863858345716068635108271303163904 13164086675383534354426544308992376596426552485767172915883671552 23068101940304035760928814304904258079250118949499539099758752007008513163264
38719526696124788409824156928610481147160798706281469806903296 263991797764739064870273850734142736142195573303139650942995982276624384 803469022129495137770981046170581301261258312230421458321408
38719526696124788445368138966093198559595980898233841776328704 15528929280278768522570128395059782178011753847617749132087316206059520 43641213557610357939177793403124273119232
38719526696124788947165532436437443504903307177941355353604096 263991797764739064869379514493930098385366354382107086098616371118080000 26677682375393393289943318606242940207612804042096419799040
38719526696124788980618692001127059896491242255218007924015104 15528929280278768521780814749067219773070327841361155937823293075095552 156815339025040670720
38720708262206185475543296813475518099776522807369568922632192 1790308958365472173870672273316397678915714337179495245652913291264 20705239041175160384433762724602057403527949318288160190952867958358016
38720708262206185511088363512036426827951333328438000583966720 105312291668557186703627715352781725925101412269543112061139025920 1124625509969771009115345836714357577028364364939264
38720708262206186012857512372467143851942882856334434439790592 1790308958365472173864607167520684803503189794800530911584583680000 687478640039018998264027787935073696341725601757577185935478572974080
38720708262206186046311692794642116775991748767217112286494720 105312291668557186698274839606846922289159666892911485038406664192 4041100515899028573898869309440
51622884671820062601785532216459849227413642457191615633031168 38446592130025235617799232007201685395708116525417560012194745624882728402944 5176336088165839979872741376214690006947421733169100636130957900906496
51622884671820062649174615763337423439444818375008259074424832 2261564242942674479114207900662863848699571833127358248246393636084793737216 281157807516818304665642820671729179482491593949184
51622884671820063318196971719256117027860720684100833213677568 38446592130025220253089371488486328929560918977899109171693192413528302026752 171870534177381405862869923523946683802535388443853946888829513236480
51622884671820063362798462116317363349617783457065689816236032 2261564242942660918694072471011863846806359795612797647776161507346042847232 1010280267460582481251155312640
51622884719897620463422914613688264863060617389873776767795200 38446885453797381697592784286580715400214184518127653464367008306704058155008 382887852970295843796629981988784898976362660182812042819117966260436992
51622884719897621224435845222294301415626621221259682460467200 2261581497282216681616441508654603077078767431075035803917870123554957164544 381324171127030940809302688521955690620431321860352171515474190509539328
64528605851794467717641260869881915598525764769818046804000768 11533977639320870143150212764609520305539052147725302027094996941067132076032 1725436586898508202391062750012001624655759326734223067951142572916736
64528605851794467776877615314512514187951243386160405106655232 678469272901227655513909919674998852050314298252926557814368681268829224960 93718792504754453019213879382726096986217742598144
64528605851794468613155560415179786929515949975318625326727168 11533977639320870143111138618048953743735750801399644111739414392959139840000 57289886674364530251234547876246694462850956847733566168305951047680
64528605851794468668907423421890938548781933707592887993106432 678469272901227655479424280271148253267003067513253060417352761239243063296 336758376351054937662412554240
77435114782554435762007568110904352553511306116719467523211264 42291544666755145945214157786114972008324121463977376552625305000826166575104 147795324432774784671797905453472835370050309425504925132941835213209600
77435114782554436903538576159584584407436034551053033148514304 2487737921573848215325437432004014133678791791178091217209073447614413799424 146663005027193406563597368537974306219598175379277434256155443923517440
77437084003266280032962521788912928508036121535540305751703552 46135910555493171614079369641245120161583260592162977335129055173837385105408 863615096803797790394079266746627450577132081287587612235445221457920
77437084003266281174522559645459712032147177757833915397046272 2713877091499598330387369834910280047009417657154195501959860126599587299328 895157893926080140212502118294606861369479285502460260090034257920
77438265689541571752775117666849006103262518673557790876762112 26912907814924088740521034572366598621129701266589717440915619942880371539968 177181666299968982048078670690818076953944944894348392637083113211559936
77438265689541572894309018203917112529221116732371992989138944 1583112224407315438529647487033920784675652572126692716555786738747884699648 175995427001053302660288799745145508542145536559275820615334514701369344
103245769439795240926845829227376529730956938062709669861785600 30757332368506080910370838260849503394294304222122313523414694403464400732160 1809270374161847300460851383013849328948608479485577909067160951024099786752
103245769439795240932421015532201482370039991976440140241305600 30757332368506062131336001782540975368649739408147755789103513261173855223808 60073430392092586246386513542804306613965748466947431472554408138254581760
103245769439795241021623996409400724750111359650915388751872000 1809254845206240053551225780049970787899664954242489030789099670792023572480 353120455546853537472226145263943680
103245769439795241021623996409400724750111359650915388751872000 1809254845206256627349522802902757616002147125463743535815433389502086774784 98272307466172590613730707249153431581920212195011985408
129057211775705272227738595335606454344663759291305477678301184 58664843952841907209469720555321723312047583196237222252237314890661888 2261583222718785816784291778903341404824876570839132659181223976225321517056
129057211775705272346211304291069436469833768838419518289084416 3450873178216684504969136304627447477395636603541507273190700610486272 122840126604248846998735571221795332542022898347015143424
129057211775705272591519501391829540883970352318490556848144384 58664843947720380671483140166639409246450948914750306506626556529475584 75091630441834685445756064575648854580796895265405582256825567441877729280
129057211775705272703023227467559406424920251379448233659990016 3450873173696582777027630620901277841885151952719836603072783228862464 441399643341608947167118780048343040
129061150313284076492923267486080438452253443634228453777080320 2909252147577612852598757218930649157190978223089223457069714112512 382887852987350729211675593624181120214981442313554579135350718790107136
129061150313284076968222404508297656754544092975748553778397184 171151847451657106345472112702914750077814867912293676358140166144 381324171144104657529554460199643419227319726990343014898040335142748160
141966871397103365885504231345045672153948905552493784101552128 40016523563090089869453157572948873402652515958458220019712 896806825780948864459350877896545652795075800923565359825806163968
141966871397103366551056600931145352999288986094784328891367424 19323273054670973396372998265666900103669088441351972243636224 895161308669424187643834381042409455874760232853220891034388529152
141966871481239092143369650540195400603759886428046508735594496 26912614492270870446782753776191194455746858905641318937819157682699810897920 117546264275602570453987520300258862881231336951174793581924937799565312
141966871481239092808922020037376997746691043750687510594846720 1583094970133580614602619942063347368265202000672035533755846247228081438720 117330583056748253810953368663065851699645319480226398657607317499936768
141966871493258481608778996139502504668018597981696897969029120 2909252097360415845620094636029744184772859316974475216576892108800 147795324436145588303700553023663394452518768411204991971500843190976512
141966871493258482274331365813871232108450748281063474393513984 171151797234460099366809529802009777659695961797545435865318162432 146663005030608149907647722873511715828029088029890217582825700142874624
141966871529316650005007032937423816860794732642648065669332992 26912614492942236306169805841390426324956840431446854148816532896111812149248 176318948009990965206549050774949346049020607888861728590207493796265984
141966871529316650670559403143353935193729861872191365789515776 1583094970173072723978328887077211942912219872385787601304101035818790944768 175995427004468046004336231077408256344740041840223171375965459055640576
154868654111615303528631361443836378958370580519901285494816768 30757273703662129775835300816306115835905715287024382466033123060366897577984 18979934094842105134058446156567405628455233961431127533311062129508352
154868654111615303670798612172738148189556178025923647826296832 1809251394333080017799221521987562304386630490464982092014352589233812668416 1030913867652356138366579301706097096273835545591808
154868654111615304250617987251457599397900712660540973454983168 30757273703662114411151489728631642503110361376674080614300205242256826826752 630193124242804273060198212694633278373758995243561077855116601589760
154868654111615304384422458525718088099729143107981078568108032 1809251394333066457402076518606242107994453840413198968590183709433346916352 3704367832212323333656207687680
154871017219739318729250950014952244735160165494989352737964032 30757273703662114409490252589711605965893207274656995847466995012410410008576 131641168054718612867535305585634210979945823134144482152837808128
154871017219739318871420370043943134949052002221100726451437568 1809251394333065553591388327997578461898983644724403212658621075342785249280 7150220070492438655112828848961284032128090112
154871017219739319451270370535685470619078135484058617230917632 30757273703662114409386054865554138538281545601396924434771417773501317120000 4370898158066828950017603263765449566555489427061119516294512640
154871017219739319585076883504147484951689117066574389070266368 1809251394333065553499426622924212115640776898509235049850999706612377059328 25692781961201688531435520
154872198773801326329560744300510177623517179050670429197828096 15366345048226594509870012508012367386618566128047956487569408 20705370681539746080917135122136661991568347962850036023204599337844736
154872198773801326471731248979545628328762135386826308602298368 14464207833193989983842487646845740578879355731513891027419136 1124632660146200287996390591604028744909272219910144
154872198773801327051553006034833526106343534946066172787818496 1765434863077503964828815775277156179528787468755509706752 687483010910499382717584412248394143185049217039391443012898447687680
154872198773801327185360539850396303254345792096119777990279168 903902649895682029992353676941903963918739184002820969857024 4041126208524174436562360074240
167774375183415203455802979703494507969583756319634714460684288 26912614490704350108212965624059653427590235345428403445491948851405141311488 15406965177551245742410242406287736710020118429959941577746230641755097661440
167774375183415204501847309172071550601684351339331027331973120 1583094970041432359392632403697663360755493633339947376143251740516425924608 15378695516675004924534350467607789665688355993061353984253995018119974748160
180684035033181696956346182099768703315314061024102230544875520 53551907303902836738688668103497191689669124570364340338688 88159480587063928701981787475763004909012068817470595632930989958758400
180684035033181698192658249730591958170170714197008236238864384 1660489951562893112280650760444659794211872118353157175640064 87997713502234023002168115561005043512084104530879035647934806917906432
205688069856712697877607255114462191516630631156539873191526400 30930718615377840437263777156852601012724208136700533814159889920679353516032 431359146674410236714672241392314090778194310760649159697657763987456
205694346766886141950134983609092020789258085559641946953089024 29389942668252764213452636464836522033965617532682444586063593130164224 53919893334301279589334030174039261347274288845081144962207220498432
205738286479033848894584694010753541559629539424965021464002560 234688573880854363334232141177308097785284135122545424121867934975918080 687482136709525622326848464028513516547570271088499069625351677149184
205750843747495703987901013877331346341218872282595939739238400 234686559551877123804741943816986106291138621490648657515393027995074560 57293383364879417126506986369429649551302020211613187879554787573760
205769679650188486627875493677198053513602871569042317152092160 30760807398239299839653993819089180320999048899163110926845298736706061598720 802061910044915841454183278148346946910528134884296502670042020708352
218593790833105771110070763348748154114988933979136439735025664 13803624333945713271352884122088655492942616563210023796714116336320512 351990853995277118631346413582598920472355978797311523648180058700382208
218607132739284549538483243253737701731817241409188877261864960 13803505857617586144517848964307511363706257806227698178963955236470784 29334212282818261568771577021147980570266634348345952194332051237765120
218627145598552717181101963111222023157059702554267533552123904 1809251394359393626410435937435228067128261118480357586966662027937220395008 410655697942996910824541838411953636818190405060759809367061514602676224
219397259855235266057588511919954356575609527494906934294740992 234661613677077125612999030075507143380024481574570404544139977717448704 331325949768302554336698203869741837710249601825180757496500370051956736
219410650801271352194432847156277595977255988037356574610554880 234659599579498964456803432393227693183006382705870869042387239020003328 27612040582850415559851278783808065810224555976102755782187786740695040
219430737220325481399699350010762455079725678851031035084275712 30757273704109691648977410936398877141180439014166078978433254474932746715136 386546660529293852296124917521729796237526882888649485080920839744913408
411376139330301510538742295639337626245683966408394965837152256 59642590465817890330686280172704211790683583824999262422883594999431168 754878506680217914250676422436549658861840043831136029470901086978048
411476573341285119110430780731463948896992892000957192309056000 23071016252117066059245585111521554168371471030653750618807715618710324510720 229159546670780438254669628239666860725915727591594866089380687118336
437187582073374206367432432840071533741074572923709587613286400 1356962702019981369596064282262956431270096860160220599291160298308981751808 117329687895439584386390849658709432691668852526896571437762911804588032
438794520119129773939094774216350251336015247813927102526259200 23068365934339683283133092798470259331591646622723750187949725071252689780736 110441421521982595918853427303975917054554562126937455168840939385913344
617064208995452265808113443459006439368525949612592448755728384 448451413887444934176046445033832929811076233880951562133225603072 14134938284077725907561406052795768514783400599223162506889105183594250240
617064209187014208416349550753799817762314597564934839028678656 293897567056689799506547974263817782713916731712454296711192864454868992 431359146680687338450058922156149880201401977176751515142121798500352
617070486097187652488877279248429647034942051968036912790241280 29390160311941478651095555868182308721028503139855922527525206348529664 53926063976391234111992111308473851411667974104577270886694777782272
617101872946798184150349209259099334123543099411655964873457664 29389711860527591206161379821737274888098692063622041575963073122926592 6170642089954522658081134434590064393685259496125924487557283840
617101872946798184150349209259099334123543099411655964873457664 293897118605275912061613798217372748880986920636220415759630731229265920 6277101735386680763835789423207666416102355444464034512896
617214859437101546683754082032260624678888618274895064392007680 234686335737546319412576366332505885014011342198215683448006927219425280 515608980035933668448400056785552541681942969349523459340078692696064
617214859820318968005015474742217490456622431425922213773058560 234689021509515972118563296146268540339538693707411372256640136527216640 229159546697458120630063021485968965774548309860029876728352833798144
655781372499317313330212290046244462344966801937409319205076992 13803492693581127574869511724554050904902217944340773110325048447598592 263991797778398038245580829074202901341154800306956011182120290660384768
655781372906479977477503196188819687856063506902846027348312064 13803650662018630410649558601595576410550696286983873933991929914064896 117329687909098557762592267000816110476568734648335296884916650904649728
658191779565705798172765535759863069726828582484720802884222976 234659375790879168772781699317418865383337705053793142875525823609176064 248493198437317914446925980308472469058832867522390923669015572309344256
658191779974365039996683286136304607911624775308834036821000192 234662061254316716981042496227124798979361836878725856877862808539103232 110441421534839669548359196178502572740639664863719104707964398076952576
822752278660603021077484591278675252491367932816789931674304512 7817414838118543484470584616205662850008931903746107023671580957072590635008 1509763595378665113325521464749829547125700018605734593261255568392192
822758555762338407758248427068098460157784035172234395708817408 3852168312989654452803269200163367970863101168182999176907166239821628702720 53926475352530564413502650050769490749294219788543679281660614934528
822777387067544567800539934436368083157032342238567787812356096 3965247387847182380487788845386777663774012291951729368062734112566489907200 6582018229284824168619876730229402019930943462534319453394436096
822789941271015341162067606015214498489864546949456715881381888 7704337488684438217968442181333978972893925088714757988187583236051996508160 1617603382047267672504189525097908069820248596295896883185670009389056
822953145916135395578338776043014166238518157699860085856010240 38451067918823523359136365004009347327166871808591207130042316957362442731520 15018543789936272972115410760757166884824701997034148536332786782017945600
874375163332423084440283053394992616459955735916545758940102656 2261567693789505337148514518328866838771905613555278351588933518916665212928 7689494420447371761723090309507669445030247422481484050602386832393188147200
877589039420941064230354047679817426302438109979627737178963968 38446650794421590731524746811590736259122395430439731977011869821583308619776 7238054662996934380031856491934321663962869615394163468127913065004295782400
1028440348325753776346855739098344065614209916020987414592880640 6582018229284824168619876730229402019930943462534319453394436096 113079128784003330431897941819505854366717258724281308518090710117752242176
1028440348517315718955091846393137444007998563973329804865830912 30930424716016978091914490872174151414806162500724516424339372479281996234752 56539537432055023173716117789460895506885648555661896127894651811403923456
1028722825566323882206214269720212219752121029268902403008102400 30760807397791671178045209487934211360556494644604526060897163964504510300160 802058413347731533891343698838834012540705046570582031312832404914176
1093002308930975801621385016506214639617015438470813292492226560 1809251394333065553493296640760748560207343510400633813116524750123642650624 410653907634038545352367973805483014420840983844138000032170191316058112
1097019776641266545630053397690579881382163788830658772263239680 30757273703662114409386042892932725523524839676810774822980920752101925060608 386544975326939085715986995563915709690940967444281093090943287850696704
1234166080601316851700809901654552124735548513357851681718534144 862718293348820473429344482784628181556388621521298319395315527974912 1617596800029038387680020905221177840418228665352434348866216614952960
1234429719257420514688769556774478115135511049700817278165066240 23070664219927687770113760260042241646888624486288944099593734975110187581440 229159546677449858848517976551242386988073873158703618749123723788288
1234442276142664948460824483931099054139366569407421047059251200 58671583934386579853144091583126471253502835549553920862001731804856320 171869660009754749284850569491325671806594941260804902226778552008704
1234461113386618705725213838215814791533818914722462447305783040 23070605548343753383533907115950658520417370983453394545672872973378382725120 6669420593848348311575526262158145567108752659743036669952
1311562745405797290807715486235064150201030308840255346553389056 1356941996622972560401866197948492558668233858354961445030671143854843887616 117329687898854327730441203994236102137893823057256252799551346579603456
1311576086904813405088837059997478472306761911304871075936993280 3450873173395281893717377931138512726225554486085193277581262111899648 87997265924994431633843491579558743964976609925532109940110618628456448
1311596101189150897246973951353976083020842839828978210728574976 1356938545749799165119972480570561420155507632800475359837393562592731987968 3414743344050354335526669446224970530359681361788434775015424
1316383559540070838169448821896167677638453357793554839705223168 23068013942590533526831725365124373497359975592034344565521409445532346089472 110441421525196864326229869522607580976075837811132867553621804058673152
1316396950077447682482375406756049378855303625511891246084259840 58664843947719792193195424829354716345834426263448285718881455902294016 82831066144701215346516512696613601712437197279398503761411569212194816
1316417037926809158071354035928079621604559991209962025336700928 23067955277746585807039532169699544142643629757608081117235690564076443795456 3214268407376442218631663921521275684195412384780864672759808
1645504557321206042154969182557350504982735865633579863348609024 117331030627168362621412797067660081881602891669244057572216748380782694 2208572310946313991137764379682171484474169576708489778958491545713508352
1645504557321206042154969182557350504982735865633579863348609024 117331030632280473506994312611575784153731212138501044681027589219863552 1130789023204512761497097835231330127155042145109368303584383729554545442816
1645504557321206064990932265852708601915311376825502045472555008 117344510759579388670720505774446731170753268760534567834603850811621382 3838745170245979829874477887041754811019645039247622144
1645504557321212276372890922190110967575850421028335583185862656 117331030631979172623672367641104408585257665450316449607963107752198144 19223413394476716945454501944102858141465590944746302915745532878014755373056
1645504558853707451863375913608247111379020806030951664305831936 447628721241633941213655476892337131549617944014903583503005253664 135606314285399430822340196923985081904823912923494101252402447104733714444
1645554775667584676466968727231083193464373868095874697808314368 3133040677139576304263082056313247120425831054899619095275311726830 13479973333575319920763205666970852744271394685753198997614018691072
1645554775667584676466968727231083193464373868095879388055732224 3133040677139576304273676478303695938102536055607250215110545890304 6901746346790563787434755862277025452451108972170386555760727268786176
1645554775667584699303628730081543304928776336944734778781859840 3133400631261490318094774676518824545720988970212702788950639624206 23429698123461037407452822474482912158859168579584
1645554775667590545488589459799331839815808362251719202851258368 1790514646435137324619886992142816283545910269430607275944119894144 60073602266123500736492950507773171722036046766280671120811268179553261580
1645554775667590910875149505406693623246247863833401056288571392 3133040677139576304273052057438137080654570939875431735387322695680 117329687895439584386414279356832893729076305349371054349921770973167616
1645605003209310700393458133201958188165042340723636184100634624 117331478204407953989456263222239555202620095359394757517801787711029384 3533707609530102240628470549568074192647024759896772194414187904730398720
1645605003209310700393458133201958188165042340723645564380514432 117331478209520064875037780279644113253150941072223274288201176440705024 1809258296079412344057084075516610837232795961509605983503080510850911436800
1645605003209310723230815183218600206371730393623442446947977216 117344958388240997455051662170829091002831228901816026792145129474424840 6141978214574693651176720147573323007884136747295047680
1645605003209316934991889230273035282682641597514636179760218112 117331478209218763991715835219969756890554901817593574669639591655440384 30757391033350009848976571261996958926608708065810875042560242651761024696320
1646006742318148548080687613622188348955252475393644934197177856 2238143367676771265833542469035153415095528213445510859447125147808 802063658433524518880697637371993762281577758778019704679447477721100
3291009114642505620414727542901466045794765573380417706379968512 11534182966946053021770938704322309034042402176914706058527953625090628649045 441711766194596083163568723295300902724285061062760805151898786338963456
3291009114642505620414727542901466045794765573380417706379977248 11534182966946053021809941709472704519049833168691540663228766524614562064896 226156424291633194186662080095093570025917938800079226639565593765455331328
3291009114642505666086653709493480313874550302671394694710174208 11535508125834718698855185427733331766928183738068027899603931103097783230469 767744348109571273767414086843856065621497236015808512
3291009114642518088850571022521361231575996669817135520523747328 11534182966946053021807642925239136833045020843632286683994644709884936888320 3844659212957764301174023105964700261714372373688190708938236591248756441088
3291009117707414903726751827216494222758041612061903328611663872 7690260521031852240724053016984847163826559814805855870396112370289128505344 22528964857876199419193500072625630919260765594370288507754192915542852610
3291109551335169352933937454462166386928747736191749395616628736 410653907634038545352370691285089926568454528027802874055925658659061760 3533694129556768665308549786362407221794280488502086441215190290711707648
3291109551335169352933937454462166386928747736191758776111464448 410653907634038545353759323364222033998975605880553500194969470933925888 1809251394333065553493296640760748560207343510400633813116524750123642650624
3291109551335169398607257460163086609857552673889469557563719680 410701087540706058973318306400675370856741466303719379953338236823928832 6141954784876570190139312694750848524971977888126468096
3291109551335181090977178919598663679631616724503438405702516736 234686335737571427819519374557198644145214111735088832426207772997058560 60074464984416866426677293703960505749431868837196471695945810873090065410
3291109551335181821750299010813387246492495727666802112577142784 410653907634038545353677479272531503435555922231352588420687160368168960 30757273703662114409392184847717602093714978989505525671505892729990051528704
3291209994158575276156452646214424191874319657256037707572866560 7690495207367589812151872536359404362470705028917590959228538578062125563904 1664781951799214703223893824706021158103648674578594839222141014524930
4936513671963711662569696725458816550777501439013997569728577536 117330806838538562806500291467902948036387160090463285308512786513920085 441711766194596867801285646630397745985886637344748417252373191976847364
4936513671963711662569696725458816550777501439013997569728586272 117330806838538562806897047274234261033970924014463716930782388318939648 226156424291633595921173144842662455516441024090729857190314039463664191492
4936513671963711731077585975346188915789861679496896740182729216 117344286940427181667490264248291719824978176439980613094806978606702597 767744348109572637555337762167541664927541083649343488
4936513671963730365223461944711472199151847090845471103709609984 117330806838538562806873663025029514601973354412864980774387541291868160 3844659212957771130660711206673371316417052747304575113900266211965940006912
4936513679626423207161113961717464276102281962390838129853464576 1118943098978420108665386448683302543009225376749863962598325616725 784637716923335096843261601576281987612100474405637883908
4936513679626423207161113961717464276102281962390838130569148272 1118943098978420108669170170822748549322334305574017933968052103680 401734511064747568885490523085290650630550748445698208860164
4936513679626423275669003317946321489444496302446133683653998336 1119071654021960827890990955899580194900353203647393853196657008645 1363787923675323685599306043847633534976
4936513679626441909814908212195483518526796797486524122733215744 1118943098978420108668947163370763243090918192812654191209758105600 6829486688100708671054702680373616384404962029620717183565824
4936513687288947679542952842402581929768474801541162730612850688 117329687895439584386391626081454264733844150865086535444550188188303360 5300541194335153782600541602878707675953022309035117273923259841705445380
4936513687288947679542952842402581929768474801541162730970417280 117329687895439584386788378104063438285421601680158142912848420266835968 2713877091499598731974456025888691725801538350891601350225535570883672836100
4936513687288947748050842304970327843011275827354589418521364480 117343167868773159706662373257335820244783276086776965700953781949693952 9212932177314856648996892717449958386764010679823237120
4936513687288966382196732565925022369144915663753090106841366528 117329687895439584386764994077866143838730263494672168120196331533762560 46135910555493178443574965372285074195275148857874672912220868715702260858880
6582018229284824168619876730229402019930943462534319453394436096 23068013942590533543505429501056471586919305580574588946320330526823710720000 1325135298635210266906993858792622700493758399528429032146344243376685056
6582018229284824168619876730229402019930943462534319453394436096 23068013942590542063768242962358595351736929724639467534569003066711036919808 678469272901227655477125536959760216998671424479961453768834059112225701888
6582018229284824259963729063410834407661245507302008181890220032 23070664219927695805858347653670456220982188963360838916391406682177859223552 2303233044418091026668228273591004317754090219395612672
6582018229284847643989926357857525666618568967830322676810907648 11535390781771592662073663765063223858521788709529864986964542216652466422032 97619163052544185702627113987653109631959505290097423611911466280484881410
6582018229284849105491563688760443870303401684113342332743450624 23068013942590541561595506633109523477950050069780342654036791677229937459200 11533977639320870143113437361360341780004082444432935718387933095088439164928
6582118667510240757995220189851847371150514548361484292463801088 42296198179563263840119064814940043455185578796549892153363112092058314080528 60073662926003518695143320356318234801788402047271240423719848322937668610
6582219102670338705867874908924332773857495472383498791233257472 53825228981408700216425931248119306855180471897660178308258287931760543006720 51422017416287688906719992320903216340146616690647884359794688
6582219102670338705867874908924332773857495472383517552222928896 53825228981408700216607942031995310440313730613975908377555038494251533991936 26328072917139296674479506920917608079723773850137277815859707904
6582219102670338797214514920326173219715105347778939115127439360 53831412946135424561750777056549322208934817471361106569243949376985999867904 89377205365986013059436120889598511348187136
6582219102670362181954357839197327359263233449006876811405033472 30760807397791671178045401049876819596663790087020027166398569875405847658496 862723538451483169250546182435073514636858749347322613259590862128130
6582219102670363643500598021626774492984991455333604225154285568 53825228981408700216597214563209249218305185838707846469476307483776641925120 447577239591368043466240994860965323368363591573223321342169841664
6582419966861254142339696648616241508199367748973275314701467648 30757332368506062145851991107930658280516515851668900133214371659932359720960 3533694129608190682724837475269127214115183704842233057905838175071502336
6582419966861254142339696648616241508199367748973277651449940096 30757332368506070666140806109786496843210319812350311588505437137318398918656 1809251394359393626410435937435228067128261118480357586966662027939502358528
6582419966861254233689124210637794713690896483859484758182463488 30760866069375613600394172947463216536544305744983854140569113736033002061824 6141954784965947395505298707810284645861576399474655232
6582419966861279079306173386465078730543510530554550777137856512 30757332368506070163966537284996559080565076618167177863961978460626600591360 30757273704109691648983552891183843088575944312873889263079116051332221370368
8227522788138555095853302271465772777997589773861274341116739584 223814330804775289462724646977641450897382605957774105571519103248 135606374947490595529890937391228998796807777880258041270308157621342061570
8227673440112840221752021001363447821517565782466461505108849408 223814330804392165577508174763050566066380394954962283768844386576 158133675023414995734381213570029923694910439825953751183223128395870389250
8228225844988510730035045452819515708218485924400521745602211328 383123885216472214590884831002211002811821802674716672 862725749598232069621164881288885746146534522718037610389964086068226
9873027343927329789034604273130868065725709035914737159774404608 11534036303717240623312035606124320767528182328716899323608783974757067653120 441711766194596475482427184962849324355085849203754611202135989157905410
9873027343927329789034604273130868065725709035914737159774413344 11534036303717240623351038115330904268929227842367106159976107530121176416256 226156424291633395053917612468878012771179481445404541914939816614559761410
9873027343927329926050382772904314721535795809973402876600394240 11535361445755811078383591271875769141253297564072566224749411057673689104384 767744348109571955661375924505698865274519159832576000
9873027343927367194342134711281805101879398353930477853267197952 11534036303717240623348739360327592336994459187712000150971840273260761579520 3844659212957767715917367156319035789065712560496382911419251401607348224000
9873027345459907311007967628110709358137466791688368563572192000 88007375901639502246205781908335009816860830974404610116229606429163520 45055462871016380411765349353863261951722068405983194400906012059748287490
9873027346992262547716678185074019889376610579892226005422571520 7690289856823819434013979592136329706390355267416983407212570520260565794816 22528162795091980207275073175062337053619406460287484487991041285219959810
9873027362317872709109102115883073723643252656496774210614488576 7690201849447917794511733386354421371380538406586009002602454290654136631296 862719167580002784796996261412155516744514591774575076070510691632130
9873278427996979096527130649174708961955587735415660670361796608 11533977638873292903519842410311280040395815406641466780341061699662973501440 392318858461667548421630800788140993806050237202818941954
9873278427996979096527130649174708961955587735415684120883263344 11533977638873292903558844721141852237210085131566266080904651105911042998272 200867255532373784442745261542645325315275374222849104430082
9873278427996979233546393640388671213168123732722282618500970240 11535302774171876691803737940689140473343175172434522836266560580782714257408 681893961837661842799653021923816767488
9873278427997016502785927250586403542977915000117073970517245952 11533977638873292903556545977830553403922539822580252814887780175094994698240 3414743344050354335527351340186808192202481014810358591782912
9873529512066441331810078669645019786526878750690068221583687680 58664843947719792193195813040727132366922075432543267722275094094151680 4417117661945961223954545694620557448873651398768601857569225066208576514
9873529512066441331810078669645019786526878750690079938254473344 58664843947719792193394189052031719142710800840079071456424210133417984 2261564242916332142733876333324720143004440930646117581671030160503657743362
9873529512066441468832826152296901484712596557430345968499296256 58671583934386579853331186628667910122391638043388482850476890974846976 7677443481095713419568102706100403455867994283974852608
9873529512066478737592893739573535514384638148429439182800158720 58664843947719792193382497038933071919365131747336084060098165766881280 38446592129577646426483575110001338144495063923690099291863380722846156193792
13164036458570022481658910171605864183179062293521670825519874048 15378636852278634467627463335683747057261172542695024503806706644621765640226 3091995843386928174881189515179493282243642915174158005952937002751229952
13164036458570022481658910171605864183179062293521670825519876224 15378636852278646395938198514563645435112543046139155241266017517752289346560 1583101871814107222787561292095996774127795630789250530713652194901315813376
13164036458570022664346614837973921255498201210685578778840664064 15380403699343475500619860736289682262424068358801421527339980710198986686466 5374233866554499582775292073788903063152238022627426304
13164036458570025587349889499862834412604423885308106031973269504 15378636852278645692899739160173578902424629877293363260423474963701083160576 26912731820839822787393916199498499659755301015491047925195229381854438096896
13164036461634639601659246775109400204771248142750758353986650112 3138550870616343656590334371987385720781293289022370611200 22527300083380649616086467999199429155667252091596906652205965423086420994
13164187112076429186692071180863209553566845587282574522875654912 50216813886016449385518262405539073746297956401691555266560 158132812305121646913907784225547139066728883437332229884903733080342414338
13164237327358050396309241775225753855654686752514632796807888896 15378636852278634474296883929532095368859295680781513640754900585583233466402 13480024755592736208452112386963173647487734832369889645498378485760
13164237327358050396309241775225753855654686752514651557368170624 15378636852278649810681542564917980973351589746421593358741315290023816348672 6901772674863480926731430341783946370059188695944236693038543128494080
13164237327358050578999734056011275188425171600923553451642718208 15380403699343478714888268112731900904978354849542921469490154727687569031170 23429787500666403393465881910603801757370516766720
13164237327358053502761239839450467188297487574184432644197974016 15378636852278648906775827678154129997237850301088599135694343455250755633152 117330135472679175754457745597827754694399673712962627573243113143009280
13164438205340677411735749817848665547714990944766997582466514944 46685944156938438181186861966605423958637357586730274783232 3533707609581524258044758238474794184967927976236918811104835789090193408
13164438205340677411735749817848665547714990944766999919000027136 23903203408352480348767673326901977066822327084405900689014784 1809258296105740416974223372191090344153713569589329757353217788666771144704
13164438205340677594429029840652346439430210695557843044809048064 22499878851635095530497880005435190499595051218122420076412928 6141978214664070856542706160632759128773735258643234816
13164438205340680517521510205511240706873726708211333057753382912 22497132619625863857663692542966566651126896079440847707308032 30757391033797587088567939305463199921469673389179238634133465973103194537984
13164739497029657663718512974591989288974167708212563094433459712 53355364750786786492784985104691913095585551527691742609408 7456249411596191820398504257564590145901196739290994648558093314
14809541015890860430924939716286050231977133256561597032983166976 26915911823611482655789067998094954695894443388490291973327121572781489127424 30036629260779204386425313004394262992035015962811012628332140808938455040
14809541015891228523813879354163214688161798159155250688868483072 447577249595498934238677046870505724333423856122236496481531985954 3092002583322173337443720669543155196979912622672348071912025128219722754
14809541015891228523813879354163214688161798159155250688868485248 447582361706384118999171375687669470152590898442553831994511344640 1583105322660952746019571245173232848464865790909338157332167020298194928642
14809541015891228729337547103826629857413512587511080824313219072 447633483011395395819724346191261814072391194684218567511536320514 5374245581314184789821971624802546983371740864680296448
14809541015891237863722780422052945380180274306336441615159132160 447582060405500820438405507568135932929221090031364413808411951104 26912790485236196682338085413526272608692540417083551221630195831756346621952
14809641454116253544930233548280371936509078837092758648636060416 26915911823611482655789067998094954695894443388490291973327121572781489127424 1748348592153781419968409167199156937663029099014875632068198400
14809641464844049707358212383236533305137037411114995577595636224 26915911823611482655789067998094954695894443388490291973327121572781489127424 229161295019372592059519294772295097290306213095176793722074968883200
14809792099960643991044432785740142994818442253373029250248998912 447577239591368043466154579473321017203690150699945585039330246690 20219960000755298739606476048877909917195233022435848733623846978562
14809792099960643991044432785740142994818442253373052700770437248 447577239591368043467668068329099419728933722229607173587220841472 10352619520386712936684507577858283440219308783570855207863940007609346
14809792099960644196571585026840828573936021637708984056801134592 447628661608784331156396382359832077960141281458957541278662803458 35144547185873450073016895554524021260212569636864
14809792099960653331904600016004695580218051383121876847029125120 447577239591368043467578865348305297236367277125061676483903242240 175994531846574119923671773370776691933801266216259062539693015051534336
14810043184030059458274986217317071301475086347590807811629514752 10004130890772522467397184707129733705422290911442201739264 4417137881905961586934426839429057905152767805860630487367721487236613122
14810043184030059458274986217317071301475086347590819528300300416 5122115016075531503307358570050423657176212946658407290503168 2261574595535852328579557485458513558542619607309575837250863801594560922626
14810043184030059663805622949855027290458530687906852104916961280 4821402611064663327963831429736112249913225261026232873517056 7677478625642898611124213885334115180236232572727721984
14810043184030068798659171917250485899197542490457816942516371456 4820814132776970826642219830635692853812906302737324508708864 38446768124109489585860154731420373393835657538148123348444905605502615945216
16455045573212072341922421305750431648631775498519177702185893888 1119071716792978184677262584066835255658859416105999153477575508304 210696512480067417105773810839012560617522652619221236356559720469675743244
16455045573212072341922421305750431648631775498519177702185893888 1566700337600601232895783791624663997093459230992890819030057746544 120587999655009828629127540421787950408806404942088594938236376700264486924
16455095790026095739704818619122071540553797830609458793984045824 1119071741901385126223985639495063540219759696381552813567807324496 60072800207710153004958977160130900774392579976355439848585305629400864780
16455547756675858685406208760251010119061827420061281450511564800 25108406941546723055428228284560900280275553660090231816192 5245085792984907349995101046118814787833546747478716897325324300
16455547756676326365930154649523632668227694133389186234406939136 1566700337600601232895783791624663997093459230992890819030057746544 687483885098134299741647974190429813214893483744980815256226027378700
18100550132065779793785797219358678760010796304550129366491725824 447628721241250817328461305422944777341757344288228135976159936800 135605512222615178263318800784680226752081433810374247690610887140143547394
18100550132065826561838191808418863814505874563173300550909300992 205352110470690630087238495138666938591310450439688480154298252477333616 15018200051490447768491002010866466773088243761769397733189766665906439170
18100550132065920097942980986539233923496031080419642919744451328 205351662842029021302907340189219648085770187103732398638853542276759888 45054600152722981374478036915934366637225126356030344283743061031944209410
18100550132066434546519321464872041527156976052370718888057400832 59632466486173467256642042175832138165654439942714300563456 874180965497484558332516841019802464638924457913119482887554050
19746054687854846650278786901835266203110005756055990278914310144 15378636851831057221366674698369244166189728387404845216158567118620967567360 3091982363516439419031561053122363139294306652741753098235709563090012164
19746054687854846650278786901835266203110005756055990278914312320 15378636851831065741603486420741641828544396926127783401561112571893541502976 1583094970120416979792563515436662396434701481130376538578119435503975303172
19746054687854846924310343901384755663159446717987586960730884096 15380403698895843624742669028691067237509949790099780303730849151431741538304 5374210437035131896257780322408986421325320033788755968
19746054687854874692841453188623278282907825569421448364716720128 15378636851831065239432282598725448942263104156261760108027544795667507445760 26912614492047088656478953972860295871286182959538810142249355723484988178432
19746054695517324354608231193627001338861551674149685889832321024 15378636851831057204693123213748373387194420542188622373788082266217298001920 154266836886579990055256820224311225302427462172418058717267972
19746054695517324354608231193627001338861551674149685890547976320 15378636851831057204745126294855802982946780175421688107872868141214723997696 78984620485928954771007406253275909529821952101160279145787983876
19746054695517324628639788299514730461704262468385847394789492736 15380403698895835589071650587585520631124233563246030448355414107710285676544 268132979885881714501993961974839381678096384
19746054695517352397170926510754441361222035706661340498360270848 15378636851831057204742061303774071205230053096773670419850373566793326264320 1342738548260792231107394039285576343721475179681699584743693090816
19746054703179802058937675485418736474613097592243381500750331904 16673551484620870778995307845216222842370484852403669565440 5300541194489419834849404669598867652915731958055557123995203494784829444
19746054703179802058937675485418736474613097592243381501107898496 8536858360125885838845597616750706095293688244430678817505280 2713877091578582950725873915912130246564291175130772671775947404331251959812
19746054703179802332969232697644705260249078218784107827774359552 8035671018441105546606385716226853749855375435043721455861760 9212932177582988265094850756628266749432806213867798528
19746054703179830101500356276742638559412922531951481365672755200 8034690221294951377737033051059488089688177171228874181181440 46135910556835910162349069502683797179858044827979763686940538679728770383872
21392212063756188290615394481921717487215654485812367390129782784 26915706473067712280789725918642217147080816326142523770598748640980116701184 30036400101232533605987034905067899864136882594260946550553294366037770240
27973577474460502716634476103474958584706509715770857676926353408 117331030627158358490521248113562401483522912271481013592745605169414144 37545729286087337784083326560415258128194758724334494454950785207620337664
27973577474460502716634476103474958604513550344336942075312340992 1020847100842044459598752870860729614336 13006174541246652834366302793498624
27973577474460502716634476103474963972221560685745814037914976256 117331030627158358490521248113578733043294391150716508484865175943380992 19223413394476716945450663198932612161635729473033802407587347599278301249536
27973577500512926911354586695566858046261765837289422754047590400 447577239591368043466151617859637132782503385685004015305932931072 812774560951683432840430127399816111978876332330409376680690289768505901248
27973577500512926911354586695566863136671212119586340082744295424 17558438508395066004799508633669282562048 678493429145082992239611236220382377663920103566871800516385341194926915776
27974431186348939499938468362928414288894355757629869862741344256 1790308958365472173864606470622397349421216661949449995715270934528 1865815411559600493272075437842595547412069740963436617354826941913794445504
27974431186348939499938468362928414288894355757629874535808368640 3133040677139576304263061323589195361487129092298406732326691143680 229159546670780438254669628239666860725915727591594866653430152167424
27974431186348939499938468362928414308702000867552510339671654400 2115620184325601055735808 79382905019175010127906340864
27974431186348939499938468362928419379459149007747271730492080128 20591879048553087954321408 1809275550603248963172921636695850227793522803662426275347872666197090730176
27974431186348939499938468362928419676573825656586803840488046592 3133040677139576304263061323589195361487162938089285269432643354624 117329687895439584386390849658709432691668931909801590612773039710928896
27975285054558281906688788264433289198805719792301824475626735616 117331478204397949858564714265180057082860267575637056222278794696720384 60073029362011737986270369694887469204995178409498636171001264274101239808
27975285054558281906688788264433289218613969494265979726855145600 1020847100842044761830207774518023290880 20809831636251633029980007725793280
27975285054558281906688788264433294586649600946467249655080026112 117331478204397949858564714265196388642631746459707664097046523463860224 30757391033350009848970429283782384232957552155494937971185388495021455441920
27982114619408425540864421446726454351826193467357244194444804096 2237886197956840217330758088482034482203720047634454011021203865600 24911153626641232113277058073594698225936110529650964555823468968509632
27982114619408425540864421446726459442551179018646570358957174496 17558438508395086596678557186757236883456 24156270183409679624995935101667586158483509539115617492946193628627136
55947154948922595547050368229324922778511014747467101008459473408 11534182966946053021770862377502053856968023657896301019846781695003270840320 7509100025308133400729014378157403692266806561721380572016826355493634048
55947154948922595547050368229324922818125096004600395705138291232 7788583937842220042645676429934592 2601219031668326731871234977431552
55947154948922595547050368229324933553541116687723258505097904128 11534182966946053021770862377502053856968148260027228491769378005033813016576 3844659212957764301173255361616590690440607560820378521199346965247718064128
55947155001025853822709173391133716092523531674578845508095180800 7689377090759476322138703918658010735801593721457953316559529905952215007232 699697211524159199062600060987872189375159475715363956577870378701728792864
55947155001025853822709173391133726273342424239172680165488590848 17558526950516892272601617703473730551808 678493429145081987903333574351460163937612390340245224127962498303245959456
55948862372697878999876936725856828577788711515259739725482688512 234659375790879168772781699317418955770841423689317667297272090993885184 1865816274277892856587576411478198409821311853748430810571789827729745002784
55948862372697878999876936725856828577788711515259749071616737280 410653907634038545352367973805483014420840984385736767219524061584424960 60072800202465067205832115025259229538134452493771044576134610843949072384
55948862372697878999876936725856828617404001735105020679343308800 277298568799925181577403826176 20809752253346613854969879819452416
55948862372697878999876936725856838758918298015494543460984160256 46368789407660024081028355835168355778560 1809275550603247958836643974826928014067215090435799698959449823305409773856
55948862372697878999876936725856839353147651313173607680976093184 410653907634038545352367973805483014420845420621238798835075429777276928 30757273703662114409386042892932725523524860486563028169594775721981744513024
55950569900695580141835275769756377096071395296529723987844923392 7689611750135267201307476700357328154757364562881642634226827178043208892416 25773871919004547614250693676457107468048895523844181518709284919066912
55950569900695580141835275769756387277511666399225567932009443040 63927316358176916353629973538642086330368 24156270182405343347334066179453859850770282912539229070103301947670816
83920732423383098263684844332799881363217524463237958685385826816 117330806838538562806499515037753571690012240942029182922268419985244160 7509100025308146739570202074854026843319330878012514789522145841567006784
83920732423383098263684844332799881422638646348937337780450632224 79228918092901596736778141696 2601219031668331352564452659560448
83920732423383098263684844332799897525762677373469072543012880384 117330806838538562806499515037753571690013508449974688697617777308991488 3844659212957771130659943462325261743779500010761439240566691235334950223872
83920732553649194521738937349196892693738793360644248208221959936 1118943098978420108665379044138998343388260390106573832973818265600 13338841187696696623151052524316291134217505319486073372736
83920732553649194521738937349196892753159915338580162421604251504 755578637259143234191360 4620693217682128896
83920732553649194521738937349196908856283971359212914246779142144 1118943098978420108665379044138998343388272477889030453368801198080 6829486688100708671053338892449941060719367344270087232159744
83920732683912110552230198320843892806064071626199766420770785280 117329687895439584386390849658709432691668852681639076348435446166978560 90109200303697614147589360234585467458254203056947701081707235751996981312
83920732683912110552230198320843892865485193696369963952656877696 79228162514264337593543950336 31214628380019925403148037411307520
83920732683912110552230198320843908968609236932408710630240944128 117329687895439584386390849658709432691670120177496799667164408507793408 46135910555493178443565752440107759338626183179785602973759507853059848929280
111894309897842010866537904413899834338826038863083430707705413632 11534065636363003103003739899720091912428170055086671409649394985693607886848 3031910426040906066921382489646584224128721790782211069509622227401091072288
111894309897842010866537904413899834338826038863083430707705413632 23068013942590533526831725365124373497363298692447498631933629935371105075200 22527300076798574498263933844367038455034012140936220144668318371036528640
111894309897842010866537904413899834418054201377347768301249363968 1701427411534882003056890797444600692736 7803657095307801946327720931622912
111894309897842010866537904413899854700463805029018192248500649984 17558569873513499516637674012137377234944 2940033515949200162796698353656877894607734211372111409870879569851990425888
111894309897842010866537904413899855888886242742983256151659905024 23068013942590533526831725365124373524582814176592456614431662204645957173248 11533977639320870143111134128315923688977422019816440021872125332589975175168
111896017347673693798538123558461153622403980042208098638366769152 42291339340025117512389782792652817435953010421499372756787110152002076672000 1865791363287172409396406139156258003682569412749144215515702778373074862368
111896017347673693798538123558461173984352454366657544501851599664 17558923639301806409073208500094307926016 1809251394491034191863387953181410044478131511276556935039392244849826611488
111897724745395757999753873451713657155577423030519479450965377024 30757273703662114409386042892932725523524840366412701347137715166308468785152 862881198557356443978371736050968725607896237249125431659928248926496
111897724745395757999753873451713657155577423030519498143233474560 53825228981408700216425575062632269666168469505407289552997457799993748357120 874174296076890709894827378233592455772078428617839304555626496
111897724745395757999753873451713657234808003470210041358686617600 36346078009743793399713474304540672 302821750714015999328256
111897724745395757999753873451713677517836596030989086921968320512 353765788306892435534487956930691072 157968638370091312420661484270767191123669775309012524846364508448
111897724745395757999753873451713678706295302626347215361952186368 53825228981408700216425575062632269666169050971667011840911006731767241506816 447577239591368043466151617655599337355304458274084436846820982784
111901139436641320419774843026476105639389251732545682549233420288 30757332368506062129178236088357554878244508621791397139504695335370211983360 60072800203339241501909005735154056916368044949543123004752450148504698880
111901139436641320419774843026476105718622249986986470543962671232 1701432603831740537884519327940929912832 20809752253649435605683895818780672
111901139436641320419774843026476127189526836900001675753094643712 30757332368506062129178236088357554905464107172544886877418948880612705959936 30757273704109691648977410936398877141180459823918332627868860158828565495808
139867887398354937777892491109466692385087804700372853461753004032 223788619795684021733075808827800966751866792008452108002814590976 812750512550083241215046154404313487418623989474970695280576536864199033120
139867887398354937777892491109466717837135017148604532331244945408 1298074217283249651927674400014336 678469272901227856344381069333544659743940770782382076848464960689052598560
139870448481917784909036370737205768988187823556800838346865639424 223788619795684021733075808827799668677652158301544975378732285952 1512421950202323435730031964698509219686315416294810807676928206281008759072
139870448481917784909036370737205794440701081649741232191105413936 2649542744795050317709312 1356938545776127438904367309618825369821702390839714761747357355690350887200
139879839364804183540618294898440111507403616497876723645410181120 1298074214633706907132624082305024 862752026449606729304062570970137973593255090969564442070564661641504
139879839364804183540618294898440136960387775049635657280925495008 1298074214633706907132624082305024 26328273784394829048263949666179150725049391949572565687754309920
167841464846764606413588272643224757117337053610550531716164887040 11534036303717240623311959280274601426038160728442188580894772317721743851520 7509100025308140070149608226505715267793068719866947680769486098530320416
167841464846764606413588272643224757236179297381948164006387655200 7788484901883498574964541265805312 2601219031668329042217843818496000
167841464846764606413588272643224789442427359430706514656757809152 11534036303717240623311959280274601426038285328988734142880763596154377076736 3844659212957767715916599411970926217110053785790908880883019100291334144000
167841464872817825665199091246504159383441307390031789620589494272 87997265921579688289793137244032278555249004256246171206822949199806464 1399343738049924820407416100482342557943127044874840250894611089944853102880
167841464872817825665199091246504189925897961380181193289368089392 17558437211342881782431603784103210516480 1356938545776127438904367309618825369821702390839714761747357355690317332768
167841464898867864689247077805033550431349570537662276215800594432 7689406423181450182034800516370425413159766638681646216662542747150399307776 699672300397684625892430290188146825675435618055000138498259420528043376928
167841464898867864689247077805033580973806229268190872413989240832 17558526950864173139247394538716525494272 678469272901227856344381069333544659743940770782382076848464960689019044128
167841465159403237432918095882577584310588098964325626569260269568 7689318425915528602346510723233181380881211389677389970491335924201199501312 862745444431377444479893951093407744191235160026101907751111233650976
167841465159403237432918095882577614853044767324927201671995485920 89739521291356815790754613314977792 26328273784394829048263949666179150725049391949572565687720755488
167845733275948644640961221035970052353244991502066254760772663040 11533977638873292903519766084849772071321814894015847761356598099998660362240 6669420593848348311575526262158145567108752659743036686368
167845733275948644640961221035970052472090257588015738459598649200 7788445287802241442795744493830144 2310346608841064448
167845733275948644640961221035970084679157366880325774112196657152 11533977638873292903519766084849772071321939493928645394480930013950123180032 3414743344050354335526669446224970530359683672135043616079872
167850001705129502640771337383965336370956938761731171311794784256 58664843947719792193195424829354716345834426340819538174217723083489280 75091000253081340676710737629922348498194327775359372828920923297973026848
167850001705129502640771337383965336489805227162230254619410303104 39614081257132168796771975168 26012190316683269629058958615379968
167850001705129502640771337383965368696453443657043470929593630720 58664843947719792193195424829354716345835060088748399833582204253896704 38446592129577646426475897666520242431075521833174315571677141787520796721152
223788619795690382188201472917299691114044058989868404033837860864 15378636852278634444284389489932514379422671494028348376739923657898722328576 52563929337577778881618246026624892890961964303549334027602277223163232256
223788619795690382188201472917299691272500384018401582820553132160 2381986953040286616130334216672329596928 18208612604886128048822788747689984
223788619795690382188201472917299693649345259446399264621282197504 15378636852278634444284389489932514417529810424405277425028141565639057735680 26912731820839822787388541965631945160172543932029863908260125966620558360576
223788619847788870122516030011983467600762589969203991569653301248 11298437974075305233965402211575922688 699671437685973295301241685012283917777483463686309560662474340267896881440
223788619847788870122516030011983467759218924479359120643736993792 5796098675630029184111333728551635517440 678469272901227856344381069333544659743940770782382076848464956291006087456
223791180905299293058939799047630644742307352704113411377644699648 170141183470372752045970345915077099520 1512421087484030086909558535354026435058133859906189286378608806567434273056
223791180905299293058939799047630644901229728118164028482978329392 170141183470372752045970345915077099520 1356938545776127438904367309618825369821702390839714761747357351292304376096
223792034565086856737257110178837815546129674792748776237574391808 15378636852278634444284389489932514379424000722024133292612827464959002673152 229160420845076515145379523067045094318371499670023484492734707793920
223792034565086856737257110178837815704588417691367928425068628096 3062551686882163543057083431535866019840 79383207840925724143905669120
223792034565086856737257110178837818082088535912664364453216649216 15378636852278634444284389489932514428418846165875308255856129003455640502272 117330135472679175754434315810327088291006287214259864697209886531911680
223795449490791515999507746903427314311154846061038961101021118464 9304595970494411110326649421962412032 60073029362885912282347260404782296583228770865270714599619103578656866304
223795449490791515999507746903427314469616006940420047531927404544 4763953136893138488487244504044754960384 20809831636554454780694023725121536
223795449490791515999507746903427316846533420131136339597340966912 76223250190290215815795912064716079366144 30757391033797587088561797327248535850613151492850242429459472931868276424704
223800571449504177159160285511670294261304816065447950673613160448 181439621424641016651369663728267034624 33733100786255874718088185509792036866469448266122670851087155488
223800571449504177159160285511670294420698068086677020262985133792 5966239859080594895528737990068326629376 26328273784394829048263949666179150725049391949572561289707798816
251762197270144524449710284931274627262358587441937719092337180672 26912819817658167127485463715303037574670534806856841831704385883599529836544 932902367628907053788886872484243949539419742711963938925446144752890150912
251762197270144524449710284931274632511224354011950084664623890432 40573000276767289601780904032734625660928 904632598912879567310435755136236557129134611264798655270920596703326240768
251762197270150884904835949020774649698750568705639261710764214272 447577239591368043466151617657593179348981529851985243779947823104 52564043916476946645181076499892496921684996963786618505170424376720375840
251762197270150884904835949020774649877013934362738524895865473152 1020847100762815692621578725952598310912 18208652296035818195960445542596608
251762197270150884904835949020774657621566820132145078659197173760 447577239591368043466151633989152949560355237397593338072394629120 26912790485236196682332711167944958423902736654111044710465020051337208922112
251763904719976207381710504075835946545936528621062387022998536192 26912819817658167127485463715303037574670534806856841831704385883599529836544 54301650391599799391113983024392566664430889209409563526806110208
251763904719976207381710504075835951795113003349589436917974840112 40573000276767289601780904032734625660928 52656145834278593348959013841835216159448153343775983663457501184
251763904902348742142986234298791762408666305077431192353970847744 26912819817658167127485463715303037574670534806856841831704385883599529836544 7117480221778160505591483096956206890406949941344939720149057283293184
251763904902348742142986234298791767657842775212578793356795062944 40573000276767289601780904032734625660928 6901799002936398066028104821290867287667347803228749506720365052690432
251766465699330947847755357357582430911913518307341520618855073792 447577239591368043466151617655599337355304156042629533189527306240 343739320012840077975852790671075817351031736954501052639888264937504
251766465699330947847755357357582431090179906278989820462792444032 302231454903657293676544 119074357531072861800700575744
251766465699330947847755357357582438835551839291185262041466142720 447577239591368043466151617655599337355308991155612181347520479232 175994531846574119923636628823590818483728368395062069591294603182473216
251770734128511010790674765694390212125076467909043744342573844480 1993841993677373809355710590420516864 75091343992401346847368119634364707998485416648950760221220903443201277984
251770734128511010790674765694390212303345878195241080845347326080 1020847100762815390390123822295304634368 26012309391040798391574150474891264
251770734128511010790674765694390220048298918410940065148835987456 16333553612205046246241981156724874149888 38446768124109489585852477252794730495224559336572180274063060947080363114496
279735774744605027166344761034749585847065097157708576769263534080 1118943098978420108665379044354333278715320381000969759200976568320 3144987775468430300699212556058528146732438647397256489612442138467868180672
279735774744605027166344761034749585847065097157708576769263534080 1566520338569788152131530661873686746492767073643545266337542569984 346323377137229905945986691157694137209166460974427407217967217392060825792
279735774744605027166344761034749596186340305269204632726749052928 23354535885950888352716442162919142064128 2940033515949201167132976015525800108334041924598737986259302412743671382208
279735774744605027166344761034749596186340305269204632726749052928 40572690729340897664473522288419057696768 226177129688643208584393358652264099099352797934472472880925042843263795392
279736628430443424925600766735673650503344680051937102359867424768 1118943098978420108665379044444720782428694660358428639300039999488 1865790500568880046080905165520655141273327299964150022298739892557124305088
279736628430443424925600766735673660842775235131687677270494819120 69723325290911893663092847653738682253312 1809251394491035196199665615050332258204439224503183511427815087741507567808
279744311863489394999384683629284142888943557576298698627413442560 90387503713374279357458880099063431168 162906194040943004736133188559483495111243055908468774112298369216
279744311863489394999384683629284153228534304955914590992911564800 46368789404961005310376405490819540189184 157969642706368974289583697997074904350296351697435367738045464768
279744311863497345568291763741159170934433534155925626900447232000 1566520338569788152131530661873686746492767073643545266337542569984 21352440666577347660381012082108106977015967774423099400530703729918144
279744311863497345568291763741159181274024281535835379141631290016 40572690729340897664473522288419057696768 20705397010014397731278557170529073432257915361577914627577842831032512
307709352245117954077699347730316443893326862994997999523311124480 447577239591368043466151617859635834708288827535960608596174045184 812749649825207823948474017797764715373897645405086901700879261984920453152
307709352245117954077699347730316459323011517388790972809493348352 17558437210320851446650465226959523676160 678469272901227856344381069333544659743940770782382076848464956290972532768
307709352245118749134590055741503946697875860652960692350614503424 205328520337357842464336118433403380897166989292732164653859330481717248 466447625128644495350147707652152686271708200398433917582312575296589545504
307709352245118749134590055741503962127560515046898343774826008848 40572690731702539088793978839724271337472 452312848609594662157718989238451089718020230763271181882167491290539769888
307709352245120339248371471763878952306973855968886078005221261312 205328072760118251096292652281785725297829633988642235155086315987402752 1399342875331631421370128788044413662628630102824887400777448134519002513440
307709352245120339248371471763878967736658510363113085705491329840 40572690731702534016382080427366606176256 1356938545776127438904367309618825369821702390839714761747357351292270821408
307709352245129084874169259886941483157012830206475699105558429696 204036497352984586490734383753032892416 27151032340157167456022198093247249185207175984744795685383061536
307709352245129084874169259886941498586697484601141244819543715552 17558437210320846223122839362773211676672 26328273784394829048263949666179150725049391949572561289674244128
335682929693532393054739377331199525452870097852951834741543274496 15378636851831057204693021446466362761765742928677259304824390317648914677760 52563700179779470032174960473482931131620947615657033507476621888195690560
335682929693532393054739377331199525690554585395749351121802496128 1701422219198409386972130098151499497472 18208533222586756995933910522134528
335682929693532393054739377331199549538231502189382520772942102528 15378636851831057204693021446466362788985175345579937603044541946474954489856 26912614492047088656473579762423260739389943387749623742585026337361721556992
335682929823794514028339930291659022760646378460544660127862491136 15378636851831057204693021446466362761762419858687797015142130799998213816320 2622536227071859826381105285753301683607369503358837399740252224
335682929823794514028339930291659022998330866095575896876672092288 10384593717069655257060992658440192 908469872835265680113664
335682929823794514028339930291659046846007807884547286403538485248 15378636851831057204693021446466362761762585991904860525974573351933497573376 1342738548260792231107125906305690462006974094189597580627695108096
335682929954056635001940483252118520068422659068137485513107965952 3323069989462289682259517650700861440 90109200306320137035820032364269949592954980424263936367560753665663860800
335682929954056635001940483252118520306107146795402442630467946624 1701411834604692317316873037158841057280 31214628380928390655290085409292288
335682929954056635001940483252118544153784075800780189076973158400 27222589353675077077069968594541456916480 46135910556835910162339856570506214191592981191851516348581761163600311877632
363667605083854698967838651020874692755408295269446962213061394432 26912614490704350108212787531316134833084235320611113678745500770519910187008 932895250202986926019981080392260976356921902426453483195135559222412967936
363667605083854698967838651020874718366693398547774972874574528512 309545064768530881092676962314354688 904625697166532776746648320380374280103682160076443579865189860001731051520
422894671231549952833827079917239084870972559009313715265791328256 117331030632280473506994312611558429753016897382687807083226217303769088 1130789023204512761497097835231330127155262844425901543570588119004165963776
422894671231549953222038452333260172815931952128067658337688223744 6901825335830717816763637002093913658803803506849098126544150066102272 61419922723935677277991646192668076976314320627961954304
422894671231549958702669592324146110692235023844154025686446637056 117331030627158946968808986287332849401246099503120203815613882993475584 37545729286087337845503249284350935406186404917002571431264541786117242880
422894671231549959068045001656871840560068882080282130974605574144 6901825331310616088646724271268142926648052787216929828425071606104064 220699316533239986204987652665507840
422894671625401306836360516515334265758192577657845979281778278400 447577299812695941217339629737515382859027397442794039048711176192 11668669427273011308711446071592085238952073019955371320039858308431994683392
422894671625401313070578444061034917196813281044559318716147302400 26332953952599971397921392581816636952312868419028437546355916800 11534388295466410868110627180412651504637116791191833743875553359858415697920
422907577346569261852010962898388380720344084100639797336736792576 1790308958365472173864618317893284068814760562659667235765336670208 30814224221211583904137094213605899506145712764659798992938198775767597318144
422907577346569261852010962898388385810908877350757194514240110592 3133040677139576304273676478303695938102500090064116679892598259712 6901746346790563787434755862277025452452456005675633959574148833345536
422907577346569262240234182946846208002918395970027273248894353408 184296510419975076731348501867368020368927471471700446106993295360 374875169975376598519245159591726594541746697273344
422907577346569267721032583630956629366695518594795637168712712192 3133040677139576304263062543161198406130582140900929095273021440000 229159546670780438629544798215043459245160887183321460631127384391680
422907577346569268086419143676563991467048279855139496282143326208 184296510419975076721980969311982114006029417062595098817211662336 1347033505247404411624609546240
422907577346569268086419143676563996537805427995334257672963751936 105312291668557186703638865725380991236672180128679436241892016128 30757684360255232374037940412459154186527165827358788650931244500050893602816
422920485824792850001118740232903259449136017190677605586265178112 117331478209520064875037780279626758852436626311272101957037630532091904 1809258296079412344057084075516610837233149079607839064332565245917365534720
422920485824792850389353810083186174055773459619436481427066060800 6901851663903634956060312909022751854235284782202165512322165350858752 98271651433195098418827522361173168126146187956720762880
422920485824792855870319458529708059161626471976368748638620352512 117331478204398538336852452439124729572446975300568903948341779139395584 60073029362011738084542021128082567623822700770671804297146888181356953600
422920485824792856235717171329974331769865476054191982779354316800 6901851659383533227943398839978044638378625077133653056296331207770112 353118098233080829485333269499084800
423023732775762668470715077165217574612901865947694809292489097216 2237886258178168115081957947630799451673787960102461274814047846400 411411476561196106114524091375467071811483281791211315754057369395396608
423023732775762674705408303848649191791014863955656571125120368640 131645245621157158101560258307197628188985048547707873788247932928 410656593117964553626242968403539959744030680800675968691180094055514112
845789342463123944446584978525676783950073635442024087586108080128 11534182966946053021809941709472704519049700762764597345488041099506523045888 226156424291633194186662080095093570025962078393979173587325708971066523648
845789342463123945223007723357741027101641194696970116837903695872 678481350996826648376247530344277625138190343505609956775883416204361072640 12283909569753140380278625389501697049943955776252936192
845789342463123956184270003339824440665759427786548436540512534528 11534182966946053021770866867315010043854751776544526368078801297536450560000 7509100025308133413012923947910544072545431951223077621960782131746570240
845789342463123956915020822005296669588861283569336783500656771072 678481350996826648341761277027806148179394162515564549734590652912148414464 44139593899946947760115205611192320
845789343250802613672721033030668531516385155315691958563556556800 7689377090759476382360082700438412470993771386423284044608701317632283901952 11555592077845471005552790294315172644793273237812404573618740028643584507904
845789343250802626141156888122069834393626562089118637432294604800 452316299456444664715249552045410439936361841942842530281268707236731944960 11534388295466393794393523807678760619355726152437285841168832148245101674496
845815154693138523704021925796776761440688168201279594673473585152 234659375790905846455158645556154831572736929051196338936873180184182784 30814225083929860198072152600261750169214461538673659437132767977642460708864
845815154693138523704021925796776771621817754701514389028480221184 410653907634038545353759323364222033998970891804883901466882639096971264 1809251394333065553493296640760748560207696627151833388698605671768532189184
845815154693138524480468365893692416005836791940054546497788706816 24156112213766973257331310836759661165796061540738720872135825209425920 98271276558025123042229003116013576399551646210023489536
845815154693138535442065167261913258733391037189591274337425424384 410653907634038545352368133657224597488347662372166578375625466183680000 60072800202465067304103391583284352580363455609784620975686257053972561920
845815154693138536172838287353127982934096559710278992564286652416 24156112213766973256103489609660119646998287753228464792169567005704192 353116751199575582080921644889538560
845815154693138536172838287353127993075610855990668515345927503872 13803492706463309612066669005939136127151029396272330027998585167020032 30757684360255215300321220163610479773460364775361028325520427973218125479936
845840968498750829203039168989846406687667564188714062639773253632 7689611750135267288206537859083968625825344123352335240947638190812468084736 412274194837490041172910747226130140560257295651655510323259244258787328
845840968498750841672236028292563306559603497098862804492735217664 452330102949151128024861618714416379072488992972238802611296705821898964992 410656593100890836905994119729126892942978683040350557874653261287391232
1268684013694673897280412058442915868821046194451337802851899408384 117330806838538562806897047274234261033969577122856137603637858527084544 226156424291633595921173144842662455516485163684629804216481824181795684352
1268684013694673898445046175691001199917573146825037775175591919616 6901812166972856636050635720681998678806149342879445856483845414584320 12283909569753162200885404194680666638840657338389495808
1268684013694673914886939595663970551357994451630702462226959171584 117330806838538562806499560710115299710387235885669344153427016417280000 7509100025308146751854111644607189044204735072693181428362803179956469760
1268684013694673915983065823662168510148930165649618914475262345216 6901812166972856635699826310249074178468798654285655153155168148652032 44139593899947026167784718131527680
1268684015663990764240406288161388334229514812663975352210915590144 1118943098978420108669170170822748549322321460737184528533070807040 401734511064747568885490523085290650630629156115210729160704
1268684015663990765405040407217278907747649286113954089814097657856 65820182292848241689767322095488578703188382668464445038211891200 21820606778805178969588896701562136559616
1268684015663990781846933852712204622787235549728656356515820601344 1118943098978420108665379479700428002189493621750331819740364800000 13338841187696696644971659303121470103806402021048209899520
1268684015663990782943060082411866339151448930816515712779294867456 65820182292848241686421774754279326430724791808069678149004165120 78407669512520335360
1268684017633259553642538880497463571221726358249734802999112368128 117329687895439584386788378104063438285420254801395400419109325456277504 2713877091499598731974456025888691725802068026018400713677064622863527444480
1268684017633259554807173001361115252638170806741116019665780342784 6901746346790563787808945953359903190227446154496777392038807202693120 147406914837037706383950283479199334188224170877171793920
1268684017633259571249066428819902061777989648445275922142832099328 117329687895439584386390895330635599282385046392047593821607276052480000 90109200303697614294996275071623173842204486536147035269931406629168742400
1268684017633259572345192660220985997340612417981013909653824733184 6901746346790563787458139888474319899142367929493847083477019144486912 529675126799363451529051979854643200
1691578684926199811335308319668956319122252469871320099522370076672 11534065636363003163224761002552912574287635185682826132711505768758229598208 50072446681228108671828246975495004860253475314638350492101737948749360005120
1691578684926199811335308319668956339483890236037254861063165313024 23068013942590542063768242962358595322812663728546473482503860285057473183744 678469272901227655477125536959760216998803843261666433137143577259475468288
1691578684926199812888153809333040691263727808512270633350752894976 1356941996622980596146453591576707105535636650455590146413623778072372183040 36851728710689456426691652377456069084065443510329802752
1691578684926199834810678369296584442768940095376616102745786548224 23068013942590533527812531490767438090860142490947087227391467171961519472640 22527300076798574535115662555056494881725664518392289228733761879214653440
1691578684926199836272180006627487362240275528321128523898422296576 1356941996622973062574602527197564430753686101679204322500227075591616069632 132418781704979368309518149531729920
1691578684926199836272180006627487382522685131972798947845673582592 678474449197828593013330518082873783237394472520999030099492704035218128896 49980569771136402767703562839505298530732487735228250832462995291200259358720
1691604497550125841542605750266148028291636639461616550003544686592 42291339340025117572611007430049659348676475580458144356130875884649819668480 30813813675143719479308884669548427335832287013777095628587709999750483804160
1691604497550125866479857961108364238606180699142018698914889203712 2487725843530894146604910408023060481243672910623796031406066121768276328448 30757273706347581261775866483573579376627849112304508348111399466227235553280
1691630309386277047408043851593553522881376336402559189346947170304 30757273703662114409386246427496746774388840394775318223419370115891590070272 865408696771277904980033903296758385732399087846965265281352281882624
1691630309386277047408043851593553543243635509403028778056960442368 53825228981408700216607942031995310440313112730649742733067241271718217515008 26328072917139296674479506920917608079728912375166450346275897344
1691630309386277048960936731787384832011673583880109092995577413632 3166189940082864718784929573995762308323221378267705622152586881849874186240 1430035285855776208950977934233576181570994176
1691630309386277070884130334523826517466782074379182548674850848768 53825228981408700216425596014719742441992704802444617760849981103627304960000 874174296076890711324862664089368664723056362851415483974942720
1691630309386277072345676574706255965868193119420557985128573304832 3166189940082864718623996590117371202371359572391161337239249486571659853824 5138525029172532698152960
1691630309386277072345676574706255986151221711981337030691855007744 1809251394333065553591579889940186698006278438102797001306573417733058199552 2685466852291552314082828730060427315626520373148846146270397464576
1691681931483342314581302038694374087968880122836975933422108147712 30757332368506070666140806109786496814285965547210722444370609038160075685888 1809251394359393626410435937435228067128614235231562301073772122114808086528
1691681931483342316134242307248740493650731085146653274432379813888 1809254845206246984544300673576101721010382561636690949578279046908068495360 98271276559455158328084779324964554333785222391594483712
1691681931483342338056677674439878053541717194509533715433953165312 30757332368506062130159045207155972725430528891296318336084321615336848752640 60072800203339241600180282294609215244452824274507677338537672537947504640
1691681931483342339518268515432222906097309626338765637057341554688 1809254845206239450949459182928617459663880326306513084962977002244710334464 353116751204714107110094177587691520
2114473356551601118171668836184290584880445047529166078804148355072 223788619796067145618316062696448625981774183346635737612718964736 11668258878969728942762378119259959558450406257631982235648110192845956055040
2114473356551601149342758450688522299719498413017358266561820884992 13164036458952772223193631175460741284513135530262262672288382976 11533977639320873557891713034189190730775723038939393617215998616670809620480
2114512074108992395389549839968346037056721803182224438537909960704 223788619795684021733099590481859039224986606050731052832173064192 23223438682620362458273995502827906073103119238148735153756526962245281775616
2114512074108992426561210219976602092011702131034633793078395142144 13164036458569648337977158960871154527725558234357577891742482432 23067955278194166461448330847748222223238506212693639107826956111654623903744
2114654042162039715878758928758771097494278202350253998639436267520 383123885216472214589586756787577295904684780545900544 863173278830157046571759249786570144720958402126924005941783356768256
2114654042162039747051084878554905177942236575936993601816975376384 383123885216472214589586756787577295904684780545900544 447580654334712096744942766098350278428360549309136436906449436672
2537368027389323755781893298194633123433963871479278948649273393152 11534036303717240623351038115330904268929095438123774140500332684316631891968 226156424291633395053917612468878012771223621039304488901903766576431104000
2537368027389323758111161532690781718365369003209240750188656590848 678472723748072977878664527472068603163713980494728453135678922657145815040 12283909569753151290582014792091181844392306557321216000
2537368027389323790994948372636408883434699523163164539286299082752 11534036303717240623311963770030467269655220793047042686836192468701020160000 7509100025308140082433517796258866558375083511958129525161792655851520000
2537368027389323793187200828632784031829136811890465307399079067648 678472723748072977844178712666523780525240908124927890617666628489213640704 44139593899946986963949961871360000
2537368027783187129173892144138327585973200941131657054852441178112 87997265921639909234570508532943409960998417095192878510922466710257664 23110360470467963842950996514726500638400142749348835483960032512767107792896
2537368027783187166579199680382723628053254975124149131414635282432 5176309764973957918411017326612524168903704724596375170094493578821632 23067955278194166461447947723862983450278718095313709994812778778512572022784
2537368028177002425008029352699624850638637625187012058085926633472 7689406423181450242256179301267936109221760683867712326029258136220153675776 11555180666817330327439379131158554123747429768832082565851615743367782072320
2537368028177002462413336894749557216916311694061917585277968187392 452318024893031362356196507387589759240328099987211423997718133707389272064 11533977639320873557891329910303951957815934921559464504201821283528757739520
2537368032115684236485879449518967009871831849048922707547052310528 7689318425915528602346944730759403165811799685450617133150747213753443418112 863166696811927761747590607609094716788315329647743198973968456351744
2537368032115684273891187006074586657982888033474000323530058629120 452312848583266388398278096370263146716159196282486827622548039213810450432 447580654334712096744920465353151747805219013590863788544943456256
2537432555995223627807472576837900233765819432090842080805128241152 11533977638873292903558844721141852237209952727996373442800123129653903753216 200867255532373784442745261542645325315314578057605364580352
2537432555995223630136800047688537593819111535334296510918817742848 678469272874899582596770622999091923212118866771651204746982903253544468480 10910303389402589484794448350781068279808
2537432555995223663021423165579888501784207799309620628246864330752 11533977638873292903519770574582801951855579600523846663039281665062993920000 6669420593848348322485829651560735051903201010524104949760
2537432555995223665213731373439311899705132632641717943389963419648 678469272874899582562284983596579543365291336940963143694124889979641397248 39203834756260167680
2537497084601075422275190218098770115680180017815173597072426270720 58664843947719792193394189052031719142710127400697700209554662728138752 2261564242916332142733876333324720143004882326585117051187835147316029816832
2537497084601075424604576925303852106332061546537244369544418426880 3450873173395281893904472976679951595113723077248388696019403601346560 122839095697531414713089643297606455293887908543597641728
2537497084601075457488609073446268493694294113417242644675527966720 58664843947719792193195447665317799641192523196023796910803638026240000 75091000253081340799549833327453763211283971072965828122808831841570652160
2537497084601075459680973033168698602766838212733072234081293434880 3450873173395281893729069944237159949571183964746923541738509572243456 441395938999469516804986812372090880
3383157369852495777786339914102707095235475334463602580945322901504 15378636852278646395938198514563645394618764844454282766913137577140145881088 1583101871814107222787561292095996774128104609293588803120405987292574908416
3383157369852495777969027618769075152149338148352233310111928418304 15378636852278634445657511480859057478110022937900936694608231868123312029696 52563929337577778967605987891496886215366637484171783038037521533585326080
3383157369852495780892030893430964067841745571483386697952505364480 904625697192861552702246971444920317330515579085546045112537504537655640064 308978504338272406754390596586045440
3383157369852495780892030893430964067841745571483386697952505364480 904625697192872099652259278222461370611412578308371643340043048713032040448 85987741864871993324404673180622449010435808362038820864
3383157370640102330675683512534103010199763860122672107847111671808 3334710299847177430449568967486442448986942369183383420928 11555179804105618996848190523059710241932870308679163858301537276555289427968
3383157370640102333781374503474407485094920405823919582316461031424 1610272754558837452972411661308649044971189936151976218722304 11533977639320873557891329907380970983899327615775236374487527892578398633984
3383196087803642253891031079720063276398411155585714513179687518208 50216813886016449385348121222068700994251409595024141189120 23223437819902069109453522070560420013813131845352743967025641527617888714752
3383196087803642256997292830358324205820982125789835527078306381824 50216813886016449385348121222068700994251409595024141189120 23067955278194166461448330844825218948576700376286269442394390072342758817792
3383208993131018951851475136233018741062332213036888953905496457216 15378636852278649810681542564917980921288211069424813126594499365574920896512 6901772674863480926731430341783946370060535734588009126024495109242880
3383208993131018952034879257804675112911569538643387997219104751616 15378636852278634446049830339320725025849759776851415845614629083402314186752 229160420845076515520256123077707548613825610239684312046611359334400
3383208993131018954957213505006372606096311598939127569058017312768 904625697192875313920666654664680002275334099584055838752427829577704800256 374876600010662454295454110569660828117928268267520
3383208993131018954957927134297243456771237182595836862527405293568 904625697192861753569502503818704760075777121730871360387911727386760052736 1347038643772433584157307699200
3383260618772554094816087703187107045921213833684499464987357478912 23903203408352480348686686123574793712517769532519043425107968 1809258296105740416974223372191090344154066687687567976707731696263641432064
3383260618772554094998780983209910726654467892555909221957146509312 2746232009231672834178157872653354057044780506953015099392 60073029362885912380618911839407430287912069435394860659998303665331896320
3383260618772554097921873463574769623457289982638660094864591421440 1406070788726616491099216830798517277206927619559943730888704 353118098238219354514505802197237760
3383260618772554097921873463574769623457289982638660094864591421440 22499878851635095530421647450648929789367886693466052709318656 98271651434625133704683298570124146060379764138291757056
3383338050736621972347305492735250919126784572283536666065798955008 53551524180017620266474078516740404112373219885583794438144 454985481336573139491763727280157328162410940193120507155963707392
3383338050736621975454232781238650327271793957115402387228903604224 1660489568439007895808436170857903006634576213668376629739520 447580654334712093821939491436544442020990883876570397594584350720
3806052041083949575504443719255151718025068057210470223925332672512 26912819817658167150828613887874515063067861490241323242288518615437802471424 15407023950234980130804994967818211400503286219230879264681238924311094362112
3806052041083949584844352620322953187593307692714400155768421613568 1583107048097550514788542962033043557499604890490669114432026239278447067136 15378754181518952644326543850470204008093001087783713981026713376261530451968
3806052041084045730620166994019946180106447893472916296211114229760 447582361706384118999171358333268757184724123816916494065390845952 1583105322660952746019571245173232848465174770087188043876797381626080264192
3806052041084045734114069345764224240657677523611454356290193588224 26332894319750361339234876334077713394801646185962949312293896192 85987929301026956637151545996840751733947853834884743168
3806052041084045736671697211093221262841573172196387335798375055360 447577240179846331158653113489776459301516175209728550814649155584 52564043916476946731169005800919453558836542960627370239117432137407528960
3806052041084045739960075895087835908401814453563668828927110938624 26328374218022595235245374019604044540277889636289205533258285056 308979177849886544631258632452833280
3806077853707875605711741149852343427194452226800766674406507282432 26912819817658167150828613887874515063067861490241323242288518615437802471424 896799983740057292977318275065467577633503279688826522953530212352
3806077853707875615052030574803830043676803259883619906837637234688 1583107048097550514788542962033043557499604890490669114432026239278447067136 895154479182736086935163305882910227128520543823192943090181603328
3806077856464919219455733071458204878766308259111753907939441639424 26912819817658167150828613887874515063067861490241323242288518615437802471424 117546264268760529562416038267656031803156175378653558843088065523613696
3806077856464919228796022493495934810404421287209911268078950285312 1583107048097550514788542962033043557499604890490669114432026239278447067136 117330583049918767122852659991990692200416573240537368629659373293010944
3806116569689885505698419225935216754917982160525987785730655518720 447577239591368043467668068329099419728928584294873811413228322816 10352619520386712936684507577858283440221329333828765517418828614598656
3806116569689885509192380814033928412436976829634423116614036619264 26328072917139296675906928838195431481275353067385778015284756480 562312754973975201168270328872384340163401114189824
3806116569689885511750844957307870332987857998097242461839892152320 447577239591368043466151791880171200875797448700132727896145920000 343739320012840078538165545645051018519302065826885391957215181537280
3806116569689885515039279393165481305106001475792990161039381233664 26328072917139296674568709901711730572289916723227871259601666048 2020550257910310452193174487040
3806181098295725280776671457850487329728278487539773894975297683456 5122115016075531503290004169337455795539522042682652162523136 2261574595535852328579557485458513558543061005269125564638774508539279835136
3806181098295725284270692282303632584215038195618106496662980526080 4821402611064663327947495882281913526293118577171297009139712 122839658010286377777987422165345842883779721163643551744
3806181098295725286828565455829813443253084538028648092745026502656 588478287692501321609605258425718726509595822918503235584 75091343992401346970207777644651085776472838814296603104999778532647239680
3806181098295725290117055643550420741929130212052861998015268782080 301300883298560676664117892313967987972913061334273656619008 441397959549727387911604249286410240
4228946712315499528338270799172390797805631174678300248805925191680 1118943162534075182378554757927674820017359015849479585225055928320 50185524030655648974986902752771917454412275096781317238522856228537770180608
4228946712315499528338270799172390797805631174678300248805925191680 1566520361912760230600760118670965477766424977207843140395297931264 3965157452155521243308948587682979538700429910339931687699238846276447502336
4228946712315499543912397621979825033223978975707599892729840009216 65826673600680351364044768171104761181463865579587341694244225024 49980569771136419841420666212239189416013878373982798735169716502813573382144
4228946712315499543912397621979825033223978975707599892729840009216 92159527119269429766831891758696673023815297914185295362130968576 3845011204706934545947355255177549500590616247299976753362196671727650471936
4228959618036703541522317473592242834079975457255755018028584009728 1118943189211757557771948004229779868649941284284490224197202608128 30813812812425443185373826282892576672763538239763235184393140797875620413440
4228959618036703557096634549632683595268056401771965959578052460544 65839555782716798679642350169948539114866311638548243009073315840 30757273706347598335492586732422253789694650164302268673522215993060003676160
4229075773465692618520109628983883807203440841006397973367367925760 26677682375393393246302105048632582268435010638972146679808 2690420477342846593378052633689636958385227402770696079477418491904
4229075773465692634094711750927897616532900838629328610210518925312 12882182036447315597581998843777933402446058960901314829090816 2685483926008272562931503143127228367624280698559662673103165587456
4229075773465812812414763722439876878244083428121934477259702272000 1566520361912760230600760118670965477766424977207843140395297931264 352638792826807711361962560900776588643694010853524380745774813398695936
4229075773465812827989365844384333330880733519800575641283618406400 92159527119269429766831891758696673023815297914185295362130968576 351991749170244761432860105989197555098935958440679195972821952499810304
4651841383940900835174631315687725063563823752336146228087703470080 447577299812312817332145458268124326725381355865162002629671256064 11668258016244853525495805979730385210828534363071118009185886930975502368768
4651841383940900856982976066040859950420792256752159211445987311616 26332953952216847512727221112425580818666826841396401127315996672 11533977639320873557891713031266165155198577488448413184333472625281554448384
4651841383940912854564096725033324370667888011047699878476936904704 205328520337381185436415946402663634249705025835289123778595327330746368 7703453202882159089898219354608306448716748146742039845867393859512453562368
4651841383940912876372441475386636444655154016456689587409785978880 12078148266410605898096701064204253819624482809895901369005473676656640 7689318426363109256705790636194604852163060177106877110167248775506403786752
4651841383940936893343027543724522984876016528470807179255403773952 205328072760141594068372480270384906127218445286684177134434747502559232 23110359607749670443913709199365568468253698787431043736678616218711554523136
4651841383940936915151372294078189433123877535865750339337383313408 12078121938337688758800025176788567672907296783386587471794774709633024 23067955278194166461447947720939980175446771075445871097648525435484822831104
4651841383941069106627147046526115363020723374297897333536971554816 60220944773865968578049604778898549679481972545326831108096 448403412890474432229675438948272826397537900461782679912903081984
4651841383941069128435491796880401641706071976741527746374281461760 4881035077550836795203935881802386357246090953893705337012224 447580654334712093821917190521204727937380116426610445517194264576
5074736054778695589121648233771663434719365570500857442008488214528 15378636851831065741603486420741641799620219199754823822936901977292142542848 1583094970120416979792563515436662396435010458287691582865935429047022518272
5074736054778695593780184702764004759105473379995657331303258259456 904625697166540812466712605104335810109295625551412094860272489833074524160 85987366992562110340124485158543782741205120540620095488
5074736054778695612779705988065659594918278243728849412857714966528 15378636851831057205673824578931238138490114898074660094901701924948163952640 52563700179779470118162327466045041471745432774200816248681742422360719360
5074736054778695617164210900058451430082021099804515221850927661056 904625697166533278917852142396567164683542305867930813113935410428949561344 308977157315044287815993549893140480
5074736056747952359134315416762139364607512895155003348731190837248 15378636851831057204745126294855802982946603637328497923733497506205205004288 78984620485928954771007406253275909529837367754655466249556852736
5074736056747952363792851887562230763261106293182486645535445876736 904625697166532776795694163998789230949491822362201606329310537671392624640 4290127678174107432031903391597430106849542144
5074736056747952382792373198385063118144295891581202344227528245248 15378636851831057204693027432777069269140772800698462217385708886750658560000 2622536227071859830671232963927409115639272894956267500134727680
5074736056747952387176878112079266787912731066449480716276346126336 904625697166532776749713311462106057820388449254617524925499853306188529664 15415653495187110614794240
5074736058717209129146982599752615294495660182030217392496731750400 8536858360125885838816673615562426325899203404471086937538560 2713877091578582950725873915912130246564820850257587450802563973902355136512
5074736058717209133805519072360456767416739168590384096810471784448 8035671018441105546579159803803189210488530961952161681899520 147406914841327812241517612106052267990924899421884776448
5074736058717209152805040365148323675490190216121605524331010457600 980797146154168869349342097376197877515993038197505392640 90109200306320137183226947205597761834472592530316204358485653081093570560
5074736058717209157189545280543939179863317709782496459435433525248 502168138830934461106863153856613313288188435557122761031680 529675126814779026616569577949102080
5497798500385332802043207841903811531655290110838109958162163433472 26912614490704350108212965624059653427590235345428403445491948851405141311488 15406906404867511354015489844757262019536950640689003890811222359199100960768
5497798500385332836321034474259612641666594509038538434641427169280 1583094970041432359392632403697663360755493633339947376143251740516425924608 15378636851831057204742157084745375323283710898338993987481276659978419044352
6739986666787659948666753771754907668409286105635143120275902562304 896902827774889868352092890067665859622152467761903124266451206144 35337156975141023796784307350979066473595067034667759487011972854734389248
6739986666787851510609362007862202461787679894283095462666175512576 30930424717810783747464270608878337194941494219968821359863178727814898647040 56539106072908298546665520023773392506479484700019806659891398441363832832
6740192354857325099422023142902727337222408947618347317758821138432 15521927803701205760828125139002228797025502817657853924453155262647473537024 215679573337205118357336120696157045389097155380324579848828881993728
6740603730996655400932561885198366674848654631584755712724658290688 176338719614579434681902454976868683161521963457966130407340571963162624 14134992197800411841784737342064044283665260272160331989552698439222951936
6741015107135985702443100627494006012474900315551164107690495442944 15521751464084688353618553368195159038274675436072243490560844797809059168256 169617533898298232845114917407440873676483843197214800304254044152973492224
6741632171344981160577751253344372049825940747877100700945105289216 11535302774843319684180130054707782700872516873564574571758638644991518310400 7509100025745223883477756657278973169146733868680203340702075878213943296
6741632171344981160577751253344372049825940747877100700945105289216 30760807399582185824480346812554087202326711662838865524689703053310715494400 90109200307194297993055735377468153820136048563744880578673273475539402752
6741632190180883853360391227824171916533113131876387147322518142976 223814330804392165577484480221277127279292432974067386100775649280 3933787667056305118700878989814297130047136483156606732336103424
6741632196459518084287937885984105205435503926542815962781655760896 11535302774619505353375737889130298220651239746285282138784571258890742661120 22527300076361490684935785413593780553680346992122964484735728589201211392
6741837915910094425354192496198316092269891172082954481425706909696 30760807399806000155284738978131571682547988790118157957663770439411491143680 3496697184307562839579309512934369823088313714471357209615794176
7162881338019209907734798773411779514039957388628342857237320957952 678469272914391691935695185296999970459130228519823340693902698016732610560 3844659213181554628340611408526834262603127740764264110439462849645538967552
7162881338019209907734798773411779514039957388628342857237320957952 1809251394438377845161853827458666587891013942719528908517073861377953628160 46135910557283480572444536513263694755909656864637378856280716019476174209024
7162881358032069175902441392131636998361382631089487935893611216896 13164036458569648337239753460458804039861886925068638906788872192 2014099285532828220774850042784920130584133879376182646956084953088
7162881364703022265291655598371589493135191045243202962112374636544 678469272901227655477125536959760216998671424479961453768834059109943738368 11533977639097083230687122131760015643484337659966957816184693037671020232704
7163099938480996102895123050415080756967880791716037019895819403264 1809251394451541881620423475795906341351472746759390795442142500284742500352 1790308958365472173864606470622397349421216621809334891323286618112
7189209410936349198175060358593064356269572996953110422970072825856 11533977639544658762906818150048999497805213884836996791796345866284454379520 3618944500642977604549015311358036892636422975652759174727771039423931613184
7189209410936349198175060358593064356269572996953110422970072825856 30757273705452423367751515066797331994147237026231991444790255643425211678720 43427334006873110791594449408682152014610273287221282740062948799123195691008
7189209431022768252304265625095918841128675466643924097430546546688 223788619795684021733075808827799668677652077726166861415410827264 1895854256246606343383311856679325669792717012147181115178217373696
7189209437718241270347334047263537002748376289874195322250704453632 11533977639320870143111134128315923688977414216159344714070179004869043552256 10856833501507629010686993523151402592723710759203732236672930843019148525568
7189428814891677451484186369272602472245849429710876554724525473792 30757273705676211987547199088530407802975036694909643522516422504840622505984 1685202354766580137921957814086546585915444368391989977551894216704
13479973333575319897333507543509815336818572211270286240551805124608 117558847442110364824645519286949099552394768254488166303852292491706368 42404329554681236464202610791191572051438459940347687199629437759091900416
13479973333575703021218724015724404923575359788566190925332351025152 146949680431172674643142339224798959022817988008694910258720698678640640 12554203470773361527671578846415332832204710888928069025792
13479973333575703021218724015724404923575359788566190925332351025152 30930660696423573643235328768388588220903219444629715978507765259729113186304 56539106072908298546665520023773392506479484700019806659891398441363832832
13479973364962169507865169015439826006505660812317729859603888340992 29390832989062309818496819937849859470423219754206743954868406186934272 7067388259113549872536660776333201734888782002835308037197313733239504896
13483264342689962321155502506688744099651881495754201401890210578432 234686335737546319412576366332505885014011342198215683448006927219425280 60072857492351734900941678692666289454849633972702942474851133189120851968
13483264342689962321155502506688744099651881495754201401890210578432 3845130260515926090545577758037567983305188581993340534572576496428966215680 37545557416427334698754635558194078378049214287538800758800654122639949824
13483675831820188850708384992396632184539782344165908962851413819392 322693711639126189192292503707195591894265595522546564741009524926709760 57289886667695109563667407059916715181478931897898716522345171779584
13484087295835878456551080845464787113818120013911901261976066588672 3845159596307893283835504330083359546540815333411115311533007497294868643840 15018257340502934496567592423721867301248794602374659042750175056159047680
14325762676038419815469597546823559028079914777256685714474641915904 13803492693581127574869511724554050904902217944340773110325048447598592 30757303036084088269282139490645140200883012594023906547123780192829876207616
14325762676038419815469597546823559028079914777256685714474641915904 226158149728219891827608938784059139282281051577322269236204384396511281152 19223325397210795365762373405795368129561197715219865988505934910791654309888
14326199876961992205790246100830161513935761583432074039791638806528 18979802453674050415445578621261819994240549673468563026696941615448064 29332421973859896096597712414677358172917213131724142859440727951147008
14326637051201752238554037829876954020696374732992602260233582018560 226159875164806589468555797473024708538644164354565311832843175027567230976 7689347758337502462242607320945596058239382836415825429888089628753432412160
14378418821872698396350120717186128712539145993906220845940145651712 234659375790879168772781699317418865383337705053793142875525823609176064 28951583613813986120200892560530288794328414772844423982144431424615714127872
14378418821872698396350120717186128712539145993906220845940145651712 3844688545379738161069351959329005367798777876814478577015474534740691779584 18094750112517009010993925242840240244197483097517964389226691719222888759296
14378857629783354902968372738545204944491698859421753109449050947584 322656641712458857062574836561450939902089344448965571453848007462617088 27610355380495648979713356825993979263638640531734363792210234846478336
14379296410912119337414351071233808529965448432016200473677324615680 3844717877801712020965448557041420045156950794027610301158333975468642926592 7237916611220031901786957925150191694066551422191504796308952013830063390720
26959946667150639794667015087019630673637144422540572481103610249216 15408673251932289738295937503978992376531487064652272933778527681472937066496 197886871256824562024853996898723370626814393370384891379964363336191049728
26959946667151406042437448031448809847150719577132381850664702050304 19260841566036490707588534215413856583248941155343031751925538507174235340800 12554203470773361527671578846415332832204710888928069025792
26959946692259046736213738142362788366467810086949994258959748300800 26965354530273798742283739935682283195164013279821549951064258126349441433600 1645504557321206042154969182557350504982735865633579863348609024
26959946698536148471600418906198577789675476503052349703423782813696 3852168314104200969292596711434864206717454090690758818147010825701298274304 7067388260759054429857866818488170917446132507818043902830893596588113920
26959946704813250206987099670034367212883142919154705147887817326592 7704512964237308034695205720268426611915072124478518199138719619175206092800 14134776519872579193987586048098317309177221679987687530606429473689567232
26966528685380691077153647536162908113035318459134704858079183258624 49986458703057073600425804265051865039737763081922737929448855079858649169920 30036400101232533602916057512629614769067226246885522288067305421974536192
28651525352077653956267489675459403206610851747923302302365570301952 2940042143132133450134177114727921298144254416765587802398370338987665522688 15378636851831057204693021446466362761762419838405387411490460376050962530304
28756837643746214111183889269873010308154661580198089918348164857856 49980716433246268652281010950374662068452325085014992640772295762790313885696 14475778001729302812275956423586731400174575567101946123890319607190433824768
33700961774286625497110115714513636686112044738091736588794105692160 15521752326796399684209741973371021946172627590440934068396629873671192707072 169617318218724895639996560071320177519438454100059419979674195324091498496
33708160856724905802888756266721860249129703739385503504725526446080 30760807397791671178045209487934211360556494644604526060897163964504510300160 75091000253081360684972519174967283224773114249796074155178902527083020288
33708160856725672237731398789507280162861259207011805559024288547840 30760807400477443147697915474864025123211820171956035256585972597713818091520 30036400101232560280598432906022861071172274879467790723077944394121216000
33708778071585684165410064435678377358784604696349806994812752131840 2685771969652705986929813762655325527351509195688808633209307791360 26677682375393393246302105048632582268435010638972146679808
33708983809870821938284334605497903263295942257543203364811382456320 42296110171963547869812163045909540620765180136331223333733600451193701662720 15018200050616266801458028756314807384533613123442761144033652710987268096
35814406690096049538673993867058897570199786943141714286186604789760 1809251394333065553493296640760748560207343510400633813116524750123642650624 38446592129577656670705929817583249011083834495895589967451598093866506387456
35814406690096863864002288448871182720650809136551645159602891259904 1809251394491033990996132420807625601732849158878976456217348417005109116928 15378636851831070863666397647883704868440204738287508850215907529790062592000
35815062471469973925311839597520442827951420748411030723984311189504 157968437502835780046877041525505648478342643100823666881466466304 13658973376201417342106677784899882121438725447153739100061696
35815281065259381961758434150112292562816246898877630831945544892416 2487720667207965136053282881046029270285097326800871493035221531420008644608 7689318425915528602346510723233181380881209919202693705745230188025481265152
35946047054681745990875301792965321781347864984765552114850364129280 30757273703662114409386042892932725523524839676810774822980920752101925060608 36189445004323269887763520564735703027092125002857602091375338141434775601152
35946047054682563309358949628466074664424234577151200341318237683712 30757273706347577846934251153729635229458435700942599755694923089086854987776 14475778001729315669349585929355605926830261652204682905539858730649124864000
35946705246462742004019858270627399189801238600022921231972027072512 2685463437548208260796909705933596024131824932714002336984929927168 12857073629505768874526655686085102736781649539123458691039232
35946924643721166931939532147013001598774167422875531742587543093248 42291251342535407312905808977782497594846654555614815381598766034140146958336 7237889000864651406137978211793365700087287783550973061945159803595216912384
40449793028070653398309150042851652212687199954888906259969393837056 3845247603683794863705284046220734236247695587664439642414300499892575928320 30036400101232536937626354436803770556830357325958305842443635293492871168
40449793046907130917223771909420517014693038939607919247070878267136 146678959835966449632860228957816178133757088873884802155004329512140800 3334710296924174155787763131079072783554376329871518334976
40449793053184423887176694152705965454565207665928319467507182206976 3845100924723958897255651185991776420069561830575565757612145495563063787520 22527300075924403536897340058646366864563550764236925270426808937999237120
42977288028116073771737087222282962234690766525179988016840212217856 226165051474566682391396373539921416307733502686294439622759546920735080448 15378636851831058912064693471643530525097142950890652591331141270268350038016
42977288048129543783900950777362033581850458412698581250558717329408 8627182933488204734293444827846281815563886215212983193953155279749120 1707371672025177167763334723112485265179840680894217387507712
42977288054799071803965649465430487063334977988384917248298979426304 226156424291633194186662080095093570025917938800079226639565593765455331328 11533977638873294610891438110026939834656537991289305738458526176255609405440
43135256465618912507534009987059139020693807574104310764288310509568 3844805875067633600653738350178664077231469545667005473586912297652496367616 14475778001729304419410160111807840716006536327739788221596511997622770204672
43135256485705944550525951130187558167860187238084360608599689396224 146662109869299480482988562073386790864586065658620714297203639755735040 1607134203688221109315831960760637842097706192390432336379904
43135256492399987261222635840228858784096241274639747437101068582912 3844659212957764301173255361616590690440604959601346852872615094012740632576 10856833501296978716341171005911157865962892435964301690623932095825161748480
47179906667514960574265534055035417232513759259981668238663228588032 30930424716010396073685206048005531538075933098704585480876838159828601798656 7067388259113587535147073096417784749625321248833804651329980517446582272
47179906667514960574265534055035417232513759259981668238663228588032 30930424717131524608403818383445647650660515423232276065579217065161665806336 7067388259113537318333190002971674063309935587502475832486424805170479104
47180523769385225505253169098742549224550369762009747101164280741888 176338271163165547236968278930423649328592152381732249455778438737559552 14134776518227074636666380005943348126619871175004951664972849610340958208
47180935107861945394443623258023452022930616949362022829345910816768 862718293348820473429344482784628181556388621521298319395315527974912 113078212145816647310144923140992895699274355061370942138626352595003768832
47180935107862328518328839730238041609687404526657927514126456717312 30930425578728689422505679477350014322704114655093207002175157555144129773568 56539106072908348763479403117219503192794870361351135478734954153639936000
