# Exact bilinear matrix-multiplication certificate over GF(2)
# tensor <19,19,19>: (19x19) times (19x19) -> (19x19)
# rank 3987
# reconstruction: rank-47 outer; allocations N=(4,5,5,5), M=(5,5,5,4), P=(4,5,5,5)
3987
1 1133367955890639002402831 5986310706507378352962293074805895248510699696030722
8 2161729745285283840 41904174945551648470736051523641266739574897872215054
17 1133367955890913880309760 6582029214251772114903511402155147538333409960772794914291849741
32 44897330298881561125869144263611282913768753864900608 237142198758023568227473377297792835283496928595231875152809132048206089502621698
256 85634937785690859903449531204938260840311685120 1659995391306164977592313641084549846984478500166623126069663924337442626518351886
544 44897330298892450161610020083223253918674618868039680 260741040130187501897600087269346110035258695717714517796547745111833847242616354996120928269
1024 1778566490688196284783069805788589902221168051375451229975500679297035264164102144 151115727451828646838306
8192 3392349383891815642786230616216403234952519230371329195868868949812875100160 1057810092162800527868142
17408 1778566490688627643929720676893796874409695981255892395537200944623816181798666240 166153776772665536266631729601052893
32768 62165404551223330269422781018352605012557018849668464680057997111644937126566671941632 17241472504008710792033610489171770419173963362086302676281313116216763020259873774703608941141
65536 32592575621351777380295131014550050576823494298654980010178247189670100796213387298934358016 9039497136017292033212736011059370079106022930183206884463459696235455933501726336908923946886386329
131072 17087896287367280659160173649356416916821636178853222159576332862577757806245124400183696695492608 32885687179931856204226039684571247512999544369473704117273291247067523525110052518676019
262144 8958978968711216842229769122273777112486581988938598139599956403855167484720643781523509973086428463104 63276669608746093354823135425178710903443612743862110087162295960948644547171774776222964848043745023
3670016 864692777722576896 1294077440027938536445556734749819114401988682094246038950770866913280
117440512 34254009959157485965583848234712510172682518528 51263688862288338191134190938877519093519966351597337535278003981773447410077391994000684569067520
3758096384 1356941133904679211581392768604009774040052301966339923732351748539315912704 32667107224528934736262708694431959613440
17179869184 80630879069986101795175413355838554671120277407223358819972472136049533834212984353948436011364701437952 68966054442275398922413059904019669740880925340225103790754124794453371296413245924203148345344
34359738368 44795031547117494056850340221321621985942845124704303455360918390060877011941710078167311982592918552576 72315977088434301240634229216086849169505198577745008736362255013233688514331815488608874547353485312
68719607808 222142945069266067757834796749159664774228224761603361063560761141135848497652007808506580810334208 32885499007597141712524651184446214442161900773392313398927273825685616907276491900321792
85899476992 68351585149779949659396811248772781572378307740475673732553673773711321210538722286367620141678592 32885749904043427701459835851279591869945425568167501023388630387528159064387906058127428
103079346176 136703463632118837439277811851030466285028280842274465171430754504846769480868161121955263973163008 32886000800489713690395020518112969297728950362942688647849986949370701221499320215933064
137439215616 116466726593376189748795642108866925141766014205329909892450203967505607730591026456149980211852682985472 72316046054455858017025554487434228537990493244228187060692653453959555693877426284947522258601508864
154619084800 80630810718400952077391158510250636167761486047268223356855758432044224802949770926871086770311231700992 206898097556329974465527732533125973996968747263923354138010825451525586203090237442453960003720
171798953984 44794894843686454513634252720890066086491110147000284675194401939316550412361899310802403414627879747584 108473965632635009362343991539262946613332408136824215678951461550775530491146722966616784989237872708
274877906944 377789318629571617619970 1645504557321206042154969182557350504982735865633861888081133568
1924145348608 2199023255552 5176319633120266803730184065567134551215120074379242383705214799583244
1924145348608 2199025352704 1725439877706755601243394688522378183738373358126414127901738266527748
1924145348608 377789318629571617619968 1294079908280066700932546016391783637803780018594810595926303699895811
1924145348615 1924145348608 3019514026731856597012253794097667972862559741165031254573198081525764
1924145348618 1924147445760 3019514849484135257615274871582259251537812232532964071504142122092548
2199023255552 377789606860497525145600 11518531901248442295084784277901453534879151059437033216567934976
3023656976394 377789318631495762968581 822752278669582487137245658808118692103576775689696993584612867
3298534883328 377789318630121373433856 4936524656900634519216005327832985567976644618896379527730562563
4398046511104 528905046081400265506816 3019526368016036524016502075888672211878226336101709254069457778119690
4398046511121 1133367955888714857054216 6582018229314755722152413621994213485304972938778001050804687882
4947802324992 377789318629571618668544 1294086490312419455681868608226076863964577586765660558357852978675712
8796093022208 14965776766268445903174999349316562899736328100904960 65185151242703554760590262029100101153646988597309960020356494379340201592435782346879270912
61572651155456 87112285931760246646623899502532662132736 205055146559314825554103839881990586967306819814927261475657688061290620633034175634414453418819596
61572651155456 87112369008509983203865955990473929654272 68351715519771608518034613293996862322435606604975753825219229353763540211011391878138151139606532
61572651155456 14965776766268445903174920121154048635398734556954624 51263786639828706388525959970497646741826704953731815368914422015322655158258543908603613354704899
61572651155680 76223250190290215815795912064716079366144 119615274012006122920264176373428014339826676082646124815975866481268460929132178749080442999734276
61572651155776 76223333267039952373037968552657346887680 119615306604581744272041556668559028889877252906140423470955876659515650599232974966971616439369732
70368744177664 14965788184271765622336908649103460206235458784460800 456296058698924883324131834203700708075528920181169720142495460655381411147050476428154896384
96757023244608 14965776766344669153365408407376130208307434496196608 32592575621707490678432166366891260642770183551580225403071095002399314494290200307693568003
105553116266496 14965776766290223974657860182815704610274367722487808 195555888886298236143219707399108641995122742943987073133215091356729599989939542201728548867
140737488355328 20952087472775824297675588064238564912153404886745088 119615762900640443908351477074463937273005460328439110491166804940671931439071518162066313102131210
140737488355872 44897330298805337875678576749226687076522460381708288 260740604971999930036151165957537771501076918565657324724402136893124852029984159835030192138
158329674399744 14965776766268445944713294989432669663642705190715392 51264047380993165487992714166935215830186427040109964853156126730572881763856020013563043979460608
281474976710656 592855496895058921391438860455952802626608830661466544206598814115027387448033280 41538374868278621028253316482596864
1970324836974592 3450873173395281893717377931138512726225554486085193277581262111899648 130668678127889580548385782983037244408012
1970324836974592 3450876464404396536129462241076877840926564451556924544740988809117696 43556226042629860182795260994345748136004
1970324836974592 592855496895058921391435721905085109286226912766754940373390762937305155430776832 32667169531972395137096445745759311102003
1970324836981760 3019514026720871657002705689746198635447360175324544117883604347912192 76223250190567514686844441857331866107972
1970324836984832 3019517317729986299414789999684563750148370140796275385043331045130240 76223270959754948826154955983990107406404
2251799813685248 592855949208770222951172915702674643956151592784188929153365340387888001869414400 290768624077950347197773215378178048
3096224743827456 592855496898078435418164439939257048326927906138981310131735434999494339821830144 20769187434365984105304401211555891
3377699720527872 592855496895921639684784542378514453769011540948311328994912061256700470958751744 124615401903631336601119269884264499
4503599627370496 829997695653082491264413656524083986724693023919337320508935760619091108281974784 76223561728379027229849336112691426099370
4503599627387904 1778566490685176770756337949203550269840085140108513256383947956057123847755792384 166153499473870062750272409164578986
5066549580791808 592855496895058923036940279226291151441196095324105445356126628570885018779385856 32667335685828394756221157100453299224576
9007199254773760 51263982195966253593540400237212032292121978603146481580895443303438618417870633429429013887057920 17241472503695090234176124320190936877452178632680309207296782539521060717082177385435911684096
18014398509481984 26876936906459576780226061550410924802987494619404869462242569809015002366522609245692160804782004502528 72316132261390865005377962525793009027277079717373245752184589863686198739447098676039855043455746048
27021597764255744 293333677915402406209298334513198602012251549144045617439321665171007800325417498223784755200 17241472504196883126748102190560270544207034199729898757672031462234184402166491608264227295368
27021700843667456 293333180592165996422656179130950455191411448687894820091604224707030907165920485690409222144 501792892571977870369333666754855567049589550375248922713123685084314222828315611272
27021752383307776 497323236409786642155382248146820840100456150797347717440463976893159497012533375533056 206897670044842875702685469712660576196180999159213300037936639396965852290070442848059255820424
36028797018963968 80630981597363825377205322804647148115393968153514381813735241097362062500179850708245465847878154977280 51724483282083285896811798009875179524785420221842474406517145473110833522480346709291535695872
45035996273737728 51263688862226172786582967608608096312501613746584780516428335517093389412958663074804223430361088 17241472503820538457319118787783270294140892524442706594890594770199341638353255941142990586914
72057594038190080 98548905359058869354015437181161333350716836552567657349974107013090099448368871759346237948122145751040 72316166744401643393573625161466698711519727050614834914349789084049132329219904074209178899079757824
90071992547672064 26876936906198835677932010921581921599488846067969441407397179171585858948541271546162956693857154105344 90395161016370455458398117756204648828695546972385790782550823099224344222324615345584028152420664354
108086391057154048 80630947421571250518313195381853188863714572473536814082176884245359407984548243994706791227351420108800 189656526396137861439926470638981483780873242145540724753773846130183048429157338227542347354248
108086494136369152 136703170298938245273281389194851335334573089430825777276610662900622062449960995201469573563940864 328855491868863989103116881178128899277186057323473509238195451380541253386987747318829192
108086545675976704 80630810718400951580067922100463994012379237900447383256399607634696507362485794033711589757777856167936 206897998899832951674102594959172420658325420778221033961070628669704109146239515612978259038344
144115188075855872 226673591177742970257411 862718293351959024297037823166546076267992454729497359300513911275520
144115188076380160 377789318631220890304526 3138550867693340381917894711603833208051177722232555175936
144115188082671616 377789318631220884537349 1294077440026369261011710064558860167046186765490220450089654589325312
144115188084244480 226673591177742976024584 3450873173398420444585071271520430620937158319293835904035357979574272
1008806316530991111 1008808240676339712 6470387200139692682227783673749095572009943410471230194753854334566400
1008806316530991111 604463918615555263692808 3450873173407836097188151292666184305071969818917989437202055645102080
1008806316534661127 5767168 3450873173407836130112860178456765246364581730350413304010903973271051
1008806316534661141 2199029022720 3450873173409405405546706848647724193720383646954438892872020250859019
1008808240680009728 549755813888 3450873173406266854679013508265806299008779813746387715149787695683083
1008808240680009728 1649267441664 4744950613429497555843564172681681041899923133819714114751160185786376
1008808240680009728 3298534883328 3450873173395281917662620757168026138074726785309365720355924208521224
1152921504606846976 432346388861288448 6039028053463713170079264762165822533875947183106481515103597378928640
1152921504611041280 377791336243853949140992 21969856073853382673425262981226832456358244055627886231552
1441153804909150208 377789318631220887158784 1294081553795608941196048802936611297201458805350012479049956180099072
1441154904420777984 377789318631220885061636 4113772378231052032078759669024866875873067843206682534145949696
1729382256910270464 824633720832 2588154880057446363290736905959043058565511967807255788039407251491333
1729382256910270477 302231454905581439025156 3019514026731856600005409147351357149343706278567978878828547929541125
2305843009222082560 831136500987256586633216 3450873173406266836720081388743671240121900589328701969617688607590917
2305843009222082577 1133367955892013391937540 10984943002703457605158513896346103242917243304563183192581
2449958197289549824 226673591177742971830272 5607673020539711308342771216859752204983401912957243386941362960596992
2449962595336060928 226673591177742973927428 3019518140493249888054737768505867660314236048392904842206518892298240
2738188573441261568 1572864 3882233142836094299871244814270940386692683911680147176336755121460234
2738188573441261586 604462909807314593120264 3450873173407836127119704825203076069883435192947465679755554125255690
2738188573451223040 377789318631770646118400 6582032352772708254711356428285047676792588535707963648366872067
2738189398084943889 377790759784201155248136 6582018229284824168619876730229402019930943462535447552324534272
2738191597108199441 377790759782002131992576 6582029214221840561370974510390336072959380484530241415811696131
2738191597108199449 1441151880763801600 8979466059761067529443439612208842872766049544046083
2738192971487772674 604463918615555269984264 29931553532536891764811465374029476242553498480153610
2738192971487772682 1008808240678436864 3019514849484135275574206991104394310424691456950649817036241210184714
2738193521243586560 377789318629571620241413 1294078262780217197048577812234410393077241173462178855881714907480064
2738193521244635136 377790183322349346488328 15692754338466701909589473558019166040255888611162775879680
2738193521250402304 377790183322349339672581 1294077440027938536445556734749819114401988682094246038950770866913280
2738193521253548032 377789318629571622862856 6582033922039162635321786319702960039096983718424058715100413952
2738195170511028234 377790327437812293959685 822752278660603021077484591278675252491367932816930944040566784
2882303761525506069 604464495077407078744072 3450873173407836097188151292666184305071969818917989437202055645102080
2882303761527603221 377789318633145035653125 1569284413312729952026476799241528812868461627165821634051
2882303761529700373 377790903898289718951941 1569275433846670190958947355801916604025588861116277587968
2882306785184579614 377789318631495768211461 8979466059761067529443439612208842872766049544046083
3891113101719240721 377790759783101643620356 10984928036926691336712631490613416228179122027813943115776
3891115025855676416 377790183322349342294016 1294081553798747492063742143318529191913062638558063656772188735275008
3891117224878931968 377790183322349340196868 4113761393303015105387422956393376262456839664084654720202833920
4035225266132353045 1585267893468135424 3450873173409405387587774729125589134833504422536753147339921162766853
4035225266132353053 302233040172650273439748 14965776766268445882405732687014738121276749240076805
4035229664170475533 302232463711897970016260 3019514026731856585039632381082911266937973591553240757551798689464320
4611686018427387904 8979466059761067529443558454452614269272439859970048 34175792574858892127422793959251679395679977567731558356852002654515631606718261329333789712711680
4611686018444165120 14965776766333780325316169244669721551608642030010368 124330809102446660538845562036705210025114037699336929360115994223289874253150524801024
4611686018645491712 14965776766333780096854750942405991706747632596549632 51263688862226172786582967608608096312501613746584780516428335517093389412965747056874109306667008
4611686018695823360 8979466059761067757904818300391315585458262205530112 136703170299062576082383835855390180896609794640850891314309999829982178444203175694575707276443648
32281802128991715552 39963011619017066959847822940497928534796271616 256318444311441690955670954694387595467599831757986687676390019908867237050386959970003422845337600
32281802128991715552 23945282789041132428916449059696578549321707756191744 136703170299435568509691175837006717582719910270926233427408010618062526426873045317335158850846720
32281802129109156064 228461061775532415655341838485684224 136703170299435569813973269006136342833823485408786827486641117891837839767323271582468651115266059
32281802129109156512 87112514392822022179039554844371147816960 136703170299497735218524492336405765614841838013799384505490786356517897764434916519595226377666571
32281863701760311296 21778071482940061661655974875633165533184 136703170299373404409422045675866920052805132803774270467791449427157781770211626645342075852865547
32281863701760311296 65334214448820184984967924626899496599552 187966859161475246031189268486900818462059975393644684021275055122043242459740385755653900380798984
32281863701760311296 130668428897640369969935849253798993199104 136703170298938246221850184226945608244466598621997118410598377281549563061216414013146914762129416
36893488147419103232 17127004979578742982791924117356255086341259264 239230548024012244891959557714761755769759842974120908497964018581609421247027829305336527988981760
36893488147553320960 14965856692204571734453829306710547788241212754886656 870315663717126623771918934256936470175798263895358505520811959563029119772053673607168
46116921757092806656 14965776766333780200700490042696258616513575321075712 51263851825415106568225985735610282967846260889119058885576728731729627749027952831962852816846848
46116956941464895488 14965776766333780117623898762464045088700821141454848 162963313264590745464787541032217381352352559392406847730143996354330285495649341894034980864
55340232221128654848 32667107224410092492483962313449748299776 102527377724638842379675102103083381536741728552689320298147997916306640699289259045643168157089797
55340232221128655264 11972621413090979956115034821752614937761302559326208 119615274012006123038835275752439798453563364731542542457724330778884398505536744773183487751045125
73786976295106641920 32924708885877693455685433933611463421653219475980288 136703170299373403697995449401796215370385000910395764617300663641462156311784230500723807345000453
73786976295106642464 44897330298936006304576058662871594397101072287006720 435158424714060206944880035811911479569987340690000740840093861804344680401250593357829
78398662313265594368 8979466059761067591751001914626774415132005494685696 222142814699087913159827722229174452136062622677651280481340057357507205811502810107366048756400128
78398803050753949696 8979466059761067674827910107509045000295133850107904 119615436974884229204866680333035950635132805604531947523882060182040658974017895742124131192668160
87622034350120370176 62307562302417931542365955950641152 153791099179440637110890946901881412967977362367250487678298665099726907664378632440923674659946506
87622034350120370752 23945242826029513640310550987406053706735011445604352 136703170299435569695402169627124558720086796759890409844892653594221902190918705558365606363955210
87622034350439137280 14965776766355558396798554709193777676121120387891200 260741164459810893350470508273770779853979756655334732490500945852064024872249577699132620803
87622060738718204448 14965833856285044498985179673551163546932729870286848 260740604970814219042361048116400404614587954389239840081425977517360806369743129387517083648
87622131107462382112 14965833856197932213053102514254482590079823032352768 260741040129001790903809969428208743148769731541297033153571585736069801582375324548607819779
87622131107462382368 57089907708446087116672831883121025308478668800 355713298137035352341210065946689252925245392892847812729213698072309134253932547
87622175087608725568 23945282789041132678146698269368304718785531558756352 1185710993790117841137366886488964176417484642976159375764045660241030447513108490
87622175087608725824 39963011619100143709584380182554416476063793152 119615306604581744983468152942629733572297384799518929321446662445211276057660371111589884947234826
87622192679794769920 14965776766268446007021055362256886866852645001232384 51263721454863959542911571234008533643570543175091636190258014160020637080178188211891858008702976
87622192679828324352 14965811020278405309891451827324066574723105217839104 621654045512233302694227810183526050125570188496684646800579971116449371265752624005120
87622192680012873728 14965811020278405039891896341269258494630905782468608 51263688862288338191134190938877519093519966351597337535278003981773447410077391994000684569067520
87622192680113537024 14965776766268446110867111375197210833968961901559808 260741226624859731275663742344210588140638079959428336766072778097331922819114395140141088768
87622245456352903488 14965816729280064920242078039383274794171253213102080 32592575621351777380295131014550050576823494298654980010178247189670100796217891173439635456
92233720368816194208 23945305625047771867240426115595401690995156211204096 136703170299435568509691175837006717582719910270926233427408010618062526426873045317335158850846720
92233720368883303072 14965776766410003575506102933754203274154187161600000 62165760264521467304775122228418551701809944095061357527870726325343009435709516333059
92233720368950411936 14965839565232259159089517506988647484533633437401088 62165404551223330269422781018352605012557018849668464680057997111644937126575262400512
92233817125906547648 14965776766344669361057282748769235349527287665000448 355713298137035352341210065946689252925245392892847812729213698072309134253932547
124515619255015703072 14965833856241488356019141093902823068506276451319808 435157831858563311885959467128468235087899131947679252760405979781514559886026836803584
124515680827381645312 14965811020278405143737635441559525404396848506994688 51263851825539437377328432396149128529882966099144172923276065661089743743251242706216003341647872
124515751196125822976 14965811020278405060661044161327311876584094327373824 162962878106758886901475655072750252884117471493274900050891235948350503981089455867198177280
129127208516235297440 62798931146169459176657075139740099450589151232 136703170299497734507097896062335060932421706120420878655000000570822272306007520374976957869801477
129127208516235297696 11972684211989459018349801386335270715547303400177664 592855496895058920568683443244482088208742321488079687882022830120515223756554245
129127349253455217056 11972661376026375722991704453759759523625121276231680 119615274012006122445979778857380877884879921487060454248982009290804710623513914652668263994490880
147573952589676412928 355713298137035352341214773772990792935818269734915218479025774838892482279768064 21778071483019289824175139129621306408960
147573952590213283840 592855496897647084499026939787477206892100135361157857984090344307446042878541824 79228162514264337593561776128
147573952596655734784 592855496897647075448737751041939355008051000769527863329606853023006750383538176 32667107224489320655005576525635178725376
147573952598266347520 355713298137035361391497685416793258139103568537122005467093163767887310740258816 87112285931839474809157763505704540307456
1033017668127734897664 1583097989555459080178291563371344736380061018960729911021077039962535231488 163335536122644673681313543472159798067200
1033017668127734897664 948570378130083828368986241686205485840251766020792876673979753980753248614612992 87112285932077159296700556518485225635840
1033017668131492994048 9050275065266633231852330504065427777405047260984689248417349632 87112285932077160127837057503542783246523
1033017668131493008384 3450882223670347160350609783469016791653331891132454262270510529249280 87112285932116774209094189672339564134587
1033019638456329961472 862718293348820473429344482784628181556388621521298319395315527974912 87112285932037546046579925334746002358459
1033019638456329961472 2588154880046461420288033448353884544669165864563894958185946583924736 119779393156447638312397646345044649050248
1033019638456329961472 5176309760092922840576066896707769089338331729127789916371893167849472 87112285931760247251106408975425565884552
1180591620717411303424 678470566952339605790696384302004887020026150983169961866175874269657956352 152446500381135028769225973907349144862720
1180591620721706270720 592858663087587162427209911236906558354499525277268317312599343080963545086558208 554597137599850363154932432896
1475741496226969812992 592855496897647079562491297967785227044519162426125116203426389162650828711919616 32667211070624561757843808002910289657856
1475742622126876655616 592855496897647076271488460427108529415344633100847313904370760250935566049214464 103846214469265352495814868672708608
1770887431076116955136 1294077440023230710144016724176942272334582932281947479092973291962368 65334214449097483931571868187232317210709
1770887431076116968448 474284397519066650481673903354323762937503891615334318147358910569740247387602944 76223250190567514762402305583246189527125
2361183241443412541440 1304282093172580507474773922298211203842702124065428645231582680527404002793488384 87112285932037545593232742979260061843541
2361183241443412558848 1778566490690353080516424594942390950056029073408428380446659643618051276889128960 277298946589243811149083312213
2508757194024499019776 355713298137035354809466901928498316157699166728873570203317496522678929276796928 141557568485324870066148181963049012822016
2508761697624126390272 355713298137035358100482293672645787148401367632997787835205330145283120008527872 76223354036504685081165557586965778923520
2803905099203851845632 2468256835981809063232453773836025757474103798450369795022913536 98001342442774239103677277469097354330282
2803905099203851864064 948568795032094281960181128661275346347845890025201693349115993888402534496731136 87112285932077160052279193777628459827370
2803905099214052392960 592855496898509802792353790404832697992211338279733019773155284382785734285721600 166153856000072471893710179928637491
2803905943638982542336 592857758463615429190134245096503555997377984432771299606095854901108315692990464 166153499473114484113013265930387456
2803908195438796227584 592857758460164556016726408999315404704711800127699329787178456912638125512065024 166153776771909957629372586366861363
2803908195438796235776 2261564242924559464653226831161710546171966140525705945723823836971296358400 226673591177742970257459
2803909602803479218176 948570378130083838242013585613441738770066861364895906570394947782232428706267136 755578637259143234191530
2803909602803479226368 1583097989558750089292933975455654674745175719970695382752344199689232449536 76223270959754949279502138339476047921322
2803910165753432637440 592855496895058925505204961585269448024604663896910212413250554965560393845440512 32667127993716368875573222821090200911872
2803910165754506379264 592856853836192835943687201428560739587343719742006351942561893801421802907369472 396140812571321687967808880640
2803910165760411959296 592856853836192825247902871014419925569471156277160663804966690416569343115526144 32667107224528934736262708694431959613440
2803910165763633184768 592855496895058929618971062714586093422600497132353880619902295816093400242847744 166153895613927055434701233739268096
2803911854603292911616 592857079993048476850523746573817713981918087564552910686321911958650698009149440 20769187434139310514126658241298432
2951479051802118214656 948571282757506431488460629281384555180101126055660854233928908881918941491888128 87112285932077159296700556518485225635840
2951479051804265698304 592855496900666598525733687965575292550127703470403000909978658125579603148800000 39614307930723346539751145523
2951479051806413181952 592857984618314283413873804324820401037321285866854664201099888244538170392182784 39614081257132168796780888064
2951482148029009524736 592855496898078443645687226545287259101773818925733835045414763167393656564875264 226673591177742970257459
3984499816160502498304 592857758461889992603430327047909480351044892280235314696637155906873220602527744 277298568799925181577466216448
3984501786476212649984 592856853836192829361656417940265797605939317933757916678786226556213421443907584 32667211070703789920358072340503851433984
3984504038276026335232 592856853836192826070653580399589099976764788608480114379730597644498158781202432 103845937170696552570633291206492160
4132070672519529518080 2487721961285405159283993025062753447227369661383803774982700624393300606976 87112285932116773755747007316853623619669
4132070672519529526272 474286885239733858446809956637204808966774176712661119018851945791271667396247552 377789318629571617095765
4132075176110566945792 474285980614036691914033209988884428592494073040905918701945387528896605574922240 76223250190567514384612986953674572431360
4722366482869645213696 26876936906264021202167141783682493478054632279238718471336602229617003523268594417625006227855054471168 45197554645976472123839596042418610331775748963568000489612906807532247490430771413986658068803354624
4722375490086079823872 870315663717126623771918934256936470175798263895358505520811959563029119771933407182848 68965890014780360936704497280763747509808714530721236829187130158084242868328709541743646736384
4722384497405593911296 26876936906264021326497950886129154016900194315943928496450639928953932883384588640914880480988398354432 72316046054028346529926791645171408072592692456480082350638553379773501134143513265152927863897325568
9444732965739290492928 51263917010442018462678299665333466505910709326082542157837412158863891094999171379895015986692096 9039497136017291468695731867584265913605647830970693953675215524080417881237580617055423265031323648
9444750980172159647744 456296058698924883324131834203700708075528920181169720142495460655381411146987422185081012224 72315977088138331749565854940674127308845182647765551629401724192643343049900644936443386120250589184
14167099448608935706624 130370613312429865637831871172105294070319039979714168383036389048665961409539182029097140224 9039497136017291719592178153573201098272481208398477478469990711704879237799423159212534679189129284
14167099448694835216384 310827022756116651347113905091763025062785094248342323400289985558224685632833359708160 250896446285988935184666833377427783524794775187624461356561842542157111414157805636
14167099448780734595072 130370302485407109521180524058200202307293977194619920040712988758680403184853549195737432064 108473965632207497875245228697000126147934607349076110968897361476589475931412809946822190594533689412
18889465931478580854784 44794997370998993566075504127171371962963510975663710805930049437293369384529396579956377742210183987200 27118491408117645404102389886177847043185835921796405662572431199039108191364113084980822778894614528
18889501960344319295488 239230548023141929228242431090989836835502906503945110234068660076088609287431741602571753736896512 65770998015194283425049302368892428884323801546784626797854547651371233814552983800643584
18889537989106978783232 44795031546791568300636822447518670675797344618936068512374368589959094540045009070205178109603574972416 72315977088204102747581049224099176611214075076649875430948508819441197597552016170257939104051232768
28334198897217871347712 51263754047253084681035281538331279850566062183548263788689018944227652758936965627325687955193856 9039497136017291594143955010578733505939064519684585716072603117892648559518501888133978972110226466
28334243933214145216512 51263688862101841977480520948069250750464908536559666478728998587733273418735373200551090086477824 125448223142994467592333416688713891762397387593812230678280921271078555707078902818
28334288969210418954240 65185151242703554760590262029100101153646988597309960020356494379340201592426774597868716032 90394971360172914812405541818837126728389894998420831299149542834616409490656727441632788357392139298
37778931862957161971712 62712921132563667489061829599057697751919303245820112415202370831654552064191725674452044799525125095424 63276548918076826059246254061012191461355937054393712198510122482490937800557303881912057582666645504
37778967891771360804864 80630879069986101173521367843605251976892467223697308694402283639364887033633013237499064745697982021632 68965955785778376130987922330066116402237598854522783613813928012631894239562524094727447379968
37779003920688638590976 125425705561957035791216767711832879574812147845140373954399389653972344786089012941329139623209998483456 72316046054094117527941985928596457374961584885364406152185338006571355681794884498967480847697969152
42501298345826807185408 26876936906133650651020116469267991876305308003521004443913906910902431814277925567860404172392629272576 63276583400956062576859751272830250133194216218580545519979140043070392973308288083530831177768272930
42501343381823080890368 124330809102446660538845562036705210025114037699336929360115994223289874253133343883264 103448835022295989628199740388737954681401785687844252631374507467804645223764142868322549007394
42501388417819354595328 26876936906133650526689307366821331337459745966815794418799869211565502454161931344570529919259285389312 90395074809007936982946946875583047874011159711492627381004786615311646617021029934697100972862243874
56668397794435742826496 44794963195141233680271482252063482988100577231237706110888420324607287734634443888115150600218924285952 63276479952318353525812152209353944487013045480875612605161637736580950168179020562988733220779001924
56668397794521642172416 68351585149469122636640694597425667667286544715412888638305331450311031224980497600734786781970432 197313244942029136264083091773510664080754929435129068018024999515956243600770365559736388
56668397794607541518336 44794894843556084211148845611368885562432909944692990697999782019275837423603218907617549865432142315520 108473965632404810869290811547275274055041284635729082373537715356983039574366923648265849545935620164
1511157274518286468382720 7839311652377763144318957904079531215155485445108961152068476984173018675863302916679429093954735308800 3242178498646538491023860024813348810389824692482770682804585876152102990905344
48357032784585166988247040 245177135931145742897630171718852741177735880807515351633959569825804439399769119124437346239582830592 4109949519856344164361070017875522347785839395368847791512678431107901393517161614041504758673216438100033536
154742504910672534362392576 22928263494497900826465936838759409549515370764478243375162602421109723070203395 79228313629991789422190788608
464227514732017603087177728 30570993696800822444602307063508822508610164984505723534734409818467298652983304 604462909807314587353088
541598767187353870268374016 212128376045657489733066667773072492636947884576098452833832968 186922686907933815400631096762695680
1237940039285380274899140608 30052437993107431742547132422241684290335282475901901248658410151751766727053897891840 11418003319719161988528100527298288552874344448
1548936206381243630092308480 6183964726724345153541541252600214805396193639064666353429565652733001728 68507889249969151515904165555583553978253719552
1595782081891310510612172800 197886871255179044913329320088202371365577953674143294138542381321106227200 68507889249969151515904165555601005659812200448
4951760157141521099596562432 550717800682821684415458391189583071700553480340320700080040175548081577548755133667587729145856 1321055202810281198835998110390803034795520147244657538087131097776958366632759124922863891118539744179388416
4951760157141521099596562432 11013834531451845587051509817384664136908198750696723220325945224125668875576044265129904882122752 3522813874160749866278699235254031003924269740070230500085841037195458738823720923919127883174425892225024000
9903520314283042199193124864 2309873468549562801108251798117902506995218323847840566222957756903799732540114552590196878054332170240 2519712834951048276234647623167641518793013334384875224160450196368725807707945714533537572055907565568
9903520314283042199193124864 8373017917151566282880393385825722574422500984127880200091367052755037905405061544830066718733075169280 4479489484371904740008262725442234950591526153122053918808303209595249206900511313002605746579526647808
9905031471557560485661507584 7839311652377763144318957904073347250428761099955419610815876769367622482224238250325999531600537190400 106991890455335770203787380818838318490408215839082923599253555275321372637069312
9951877347067627366181371904 245177135931145742897630171520965869922556835894186031545757329128655383365995794921744218717469802496 4238385442351854919497353455934132421154146876474124284997449629939151773003036929608296608770348939860785152
19807040628566084398386249728 756899338171567160167826247805403117160612533670997298309996669310317372470606924755693480312715657389096960 533997777500158356734024289836572945216724958601830108064862883423350512630178987654112872497152
19807040628566084398386249728 2421934538485515533066573670198514021195849557939074695341554830188959213791305700963928441847095654038634496 12815930363719875223512344266654082321134256343429217607186828027027332083270475302228725925412864
37138201178561408246974218240 22057591008269613269526860583712889663160493985258214306243284523752644921264415997279158272 7770675568902916283677847627300205608733090911641991473120957680583599194600820965376
79228162514264337593543950336 3359828576374373394119042691152417452263370312165509040300150439921475470436162080342170330255614541824 3213876088517980551083924184763613299784041197936561763647488
316912650057057350374175801344 587171481609333151839739068274286520309319848336730006009415894340080756887253555697218413852987092633649152 578961329610113370327372489832013512696269349635965106994239071428133804572672
316913254519967157688763154432 1467928704023332879599347670685716300773299620841825015023539735850201892218133889243046034632467731584122880 231584620199457311217111008618907390668861151130328857952090276915093866283008
792283136299917894221907886080 6719370929703711569917600123099828226894606217782129322979472669101758687293559654012310232083040567296 3533694129569624163520666923779375709188144105691216840010851347312148480
2535301200456458802993406410752 105193290184928528091358288875822300012650676455383500066141293158050145648178607578540102985499803648 4074071952668972172536891376818756322102936787331872501274877205594355041869613847619305472
10141204801825835211973625643008 18383824843795416960255486253727178057198939255519089463956999178184720086254526032573911934975397991546880 733920676989193977710167619398484449593508675689578097144467784579968835084422121872604006268652597771501568
10141224144638949046040420941824 45959562109488542400638715634317945142997348138797723659892497945461800215636315081434779837438494978867200 293568382799468599502720966167943772625488069641574942686820547668241956044607891762718307534859516208218112
25353060361597372615101052354560 210112772749468082985033495362103820627963734095175779749886313947003627467673541822317305470052728832 4479489484371904708925560449827036121750566019757710816952160187318095170310990582754017731458105344000
40564819207303340847895039442944 13902071768575214954332473772509550511516596182064760217224681619969 51380971382593263662463894570692723687242596352
40564973949808251520429401835520 13902124800669226368704907039176493779639755419035904241837890078211 79228389187855515336514207744
81208866577120946033383622836224 728500834587298677246955791643939497742082271234474297622172795524727277187409903616 158456325028528675188161642496
83664939615063140498783485296640 23312026706793557671902585333194578133305514051674026026841241356157898543371477057536 158456325028528675221447639040
162259276829213363391580157771776 58309515227222098383816512073931897748656105432818952038146351017362456576 130668615820921489198166096142761658941440
162259431571718274064114520164352 72886866229937117923352145799900593833662376880990562889306528935548289024 79228918092901596736778141696
324518553658426726783160315543552 15285460405078512509698229506829936494588240405547815086120451473559299754557440 68507889249989920822180095290311263910476382208
324518708400931637455694677936128 22928190607589964674042287841750612227604008450566812596053518833929113477054464 79228615861446693079484465152
324835466308483784133534491344896 463168356949264781694283940034751631413079938662562256158126060397584174809088 28544997410262163699359827071067032730157976064
324836085882966336630986528268288 1157920892373161954235709850086879078532699846656405640395315150993960437022720 11418003320030699879269335099081208264728264192
334659758460252561995133941186560 14821387422376473014217086081486219460338352479620232446801450397966981448859648 28544997410262163699359836220652093331703152640
334660396773085318519338186055680 37053468555941182535542715203715548650845881199050581117003625994917453622149120 11418003320030699879269339674008987287650025472
649037107316853453566320631087104 4006991732414324260143708161355309733003885275139077921397821147391945306776674500608 57089973042515152219030060534429330262336733184
730166900473965045934645072365568 27804090505056418494292514278352157754910033127158376409836154781696 79228162514264337593543950336
812090214707415841577466320670720 5300541194335152988749892502228755547482451690626856874368198502621642752 1180591620721706270720
836650991932713296298345465139200 169617318218724895639996560075602007709842265503480924511922183265901871104 37778931863094600663040
1298074214633706907132641262174208 2100817681404041223124873461734207933794351895005696095397920519210136308596042006098116608 6111111814341242710263478904156768947389986518369890459185197551135561373607910133853061120
1298076690513785477893191060455424 2724697161097630233287618656880586844362050141177064217318578448699130222260017352321770219927198235900690432 3885337784451458141838923813650102804366545455820995736560478840291799597300410482688
1298081642273942619414290657017856 1652151301230783649205152048695287480893726646669067094544025128723725522509956804960757089320960 1018521873505027494592364683129306199650668058516194927360646725588293805434316105984245760
1298086594034099760935390253580288 2887341835684852683703910706424253260282288696876006355883691500034351745155933054429150055561817096192 8148147790675728796531924592567754046485713902311368671915017881354468400877347745000587264
1298096497554414043977589446705152 2724694273754142395032886487916634044935221109673265680871201602907390067381627951656069525376139910896156672 16296291696013673141605707346211694442868623438077281522834298568404796395840397441239089152
2596148429267413814265282524348416 1101433500547961964789693657505704409193173166328746394463984953175643944961201671293169360175104 293567822846729156541739039100627842003103483620864774452212752803559208036269766753608135824824005017206784
2596227657429928078602876068298752 3359828576374373393390541856565118775016414520521569542558068168687001172813990191511807767338626842624 106057910921093358185769498097194168290472446614300585747283968
2598683730467870273068275930759168 105193290184928504779331582082264628110065343260841284624866416422820020454965728454151341434994688000 4201386701189877552928669232344342457168653561935993516939717113317418479786518181834653696
5192296858534827628530565048696832 577468367135289882595658908306350753287070373028165789660733743130552012615818501838953177507484925952 559936185554636232521033000573895009738660895886536845020258380007401178642250677228570536521976774656
5193099045191441829466986149707776 6719370929703711569917600123094527685700271064793379430477243913554276235602932797137942035779442180096 116611906275797597396182008484719398403208755487810193499289957555901562880
5217659822416739284187865294176256 210112772749468082985033495192486502409238838455179219674284393349447293724439263934294624736812990464 4619473530758526731079484213884131000555271207875139279981915193171785644383209039645672406287877406720
10384593717069655257061130097393664 302759735268626861966312817718120023739371551734190985529646772718430853590322250692141083529044256857522176 1068011851284242051572287269096814254500592580218365202499606609672148472376170216511066163118080
10384910629719712314411504273195008 587171481609333151839739068273823351952370583555035722069381142708667676948590993441060288369050260762263552 19105723877133741220803292164455532479059760148748469016362504678012614976028672
10384930437364803790303217246797824 1467928704023332879599347670684558379880926458887589305173452856771669192371477483602650720922625651905658880 7642292466582091270164663284423578515966177004904715693705253551722576831037440
10394734921871481092273103723036672 18383824843795416960255486238905790634822466241302003382470802553809450901992390518347972728930598666633216 756855698145106289513610357504687088643305821804877412680232401956061692110117697576128589864980436226148864
10394754748254922772191568904585216 45959562109488542400638715597264476587056165603255008456177006384523627254980976295869931822326496666583040 302742394761951993237180996360692015520034571817874159645783689426061913420042517153136684989173928055291392
145384312038975173598853897218162688 6719370929703711569917600123099828226894606217782129322979472669101758687293559654012310232083040567296 1505300031217067054992840561843214626422303197150083704942199853100223852183552
145384312039504078644935297482096640 1018580153571794266464492266986510902152876248989588774828920863975563396315686316181307904 115792089237316196227041539636652623778542018879502680865145957645081064243200
145384312039504078644935297482096640 4074320614287177065857969067946043608611504995958355099315683455902253585262745264725231616 1389505070847794354724498475639831485342504226554032170381751491740972770918400
145384312039504078644935297482096640 559970361337025787200678890489851494130439613663415914544502157535629994284871631333559430935847370752 842498333348457493583344221490672644858587695791882046969607094272
145384312040486330873372183686545408 6719370929707785890531887300165686195962552261390740827975431024201074370749461907597572977347765798912 1389505070849479351391195390626998173785485571843749345773335255834911985106944
166153816386369004080133571298197504 1174342963218666303679478136548573040618639696673460012018831788680161513774507111394436827705974185267298304 3010600062436240355819052267420296269371774990308772882790578684356935305658368
186922686907933815400631096762695680 559970361339062947507822479022780478664412635467721667042481335085287836012822758126190803568209986560 3010594320170221101903080030552876874389759309434048145682710196768001648230400
290768624079008157289870594964193280 733964352011666439799673835342858150386649810420912507511769867925100946109066944621523017316233865792061440 115792089237316196227041539636652623778542018879502680865145957645081064243200
290768624079461504472226080904708096 733964631996847109331147589254097661776889142627230241372603389165768488752984951032902080411635649897054720 115792089239001192893738454623819312221523364169219856256729721739020278431744
332306998946228968225951765070086144 3359828576374373393390541856565118775016414520521569542558068168687001172813990191511807767338626842624 361431785007803145921317603659952414122718129661828394484600538562560
332306998946228968225951765070086144 3359828576374373394119042691152417452263370312165509040300150439921475470436162080342170330255614541824 10952478333569792300645987989695729098869608436960884506633185525760
373845373814507589254195735703846912 1761514444834407819960849234152904387161952634782735970056725713130237631751995276981546699915253858777110528 1684996666696914987166688442981345289717175391583764093939214188544
394614561248646899768317721020727296 6719370929711860211146174477231544165030498304999352332971389379300390054205364161182835722612491030528 3369993333393829974333376885962690579434350783167528187878428377088
415383748682786210282439706337607680 4479489484355608421114884561140422250372847763128465664801464038959238710154073128678072508339651084288 10109980000181489923000130657887739431304106120534358611870215045120
415383748684297367556957992805990400 733965751937569787457042604899055707337846471452501176815937474128438659328656976678418332793242786317027840 1684996666696914987166688442981345289717175391583764093939214188544
539998873287622073367171618238889984 1321136113606180261170886657528384182086208990963960247382019283505849245640238506730120494264622742530703872 2106245833371143733958360553726681612146469239479705117424017735680
4652297985247205555163324710981206016 210112772749468082985033495362103820627963734095175779749886313947003627467673541822317305470052728832 1908194488095887507699547199372584574232563990700148443534374204370592905240412056797803900263163358806540288
4652297985264130516637929519427092480 31890852534777568428213886688125895079585595078551315858997673675549605770443647363317760 146783911423364577761612468135468833074273922973365895963940066774350190138508142227933003831081425489100800
4652297985264130516637929519427092480 127563410139110273712855546752503580318342380314205263435990694702198423081774589453271040 1761406937080374933139349617625625996891287075680390751567280801292202281662097706735196045972977105869209600
4652297985264130516637929519427092480 17532181590838829956298338178374460274886073356169785942036627939400405966047788651060020384765050880 1067993517960455041197510853084776057301352261178326384974201410183326608095868052470315213651968
4652297985295562587947909877969453056 210112772749595646395172605635816676174716237675494122130200519210439618162375740245399080059505999872 1761406937082510920175270527708021018597456627794993456089637454062150684482464359951387782077917736296513536
5316922124363808130564274281542320128 36767649687590833920510972507454356114397878511038178927913998356369440172509052065147823869950795983093760 3816388976194444999193995536348162925597839921543550267721694133359594755920678889119514169930541569230766080
5981525981053882092820195096406261760 17532181590902611661367893315230888048262325146328957132193730571118401313398887862600907679491686400 3816381697007479021801924171522189659931121997307513295062441644789252610419778676369447014906112956694528000
9304595970528261033275859038854184960 22979781054744271200319357817158972571498674069398861829946248972730900107818157540717389918719247489433600 146783911423364577761612468135468833074273922973365895963940066774350190138508142227933003831081425489100800
9304595970542768143111234588950659072 22979789820835066651625188501105630186942698200561434994424815069596185667018814240161321219173087235276800 146783911425500564797533378217863854780443475087968600486296719544298592958874795444124739936022055916404736
10633823966279326983230456482242756608 105193290184928504779331582082264628110065343260841284624866416422820020454965728454151341434994688000 14317788100209438205726932234881807090572959352106287631932472797001856016577079411078288510039040
10633823966279326983230456482242756608 105193290184928528091358288875822300012650676455383500066141293158050145648178607578540102985499803648 13883915733536424926765510045945994754494990886890945582479973627628826268867128024723958739763200
11963051962064242856134263542523101184 55151474531586891158981730720065452136850787815421838616568660624638936634767740824839097358115792035512320 2135987035920910082395021706169552114602704522356652769948402820366653216191736104940630427303936
12627665959956700792586167072663273472 210112772749723209805311715909529531721468741255812464510514724473875608857077938668480854648959270912 4271974071841820164790043412339104229205409044713305539896805640733306432383472209881260854607872
13292279957849158729038070602803445760 139984046386112763159840142648605979528419440670496635981739802189402003603482387218077223930992525312 12815922215525460494370130237017312687616227134139916619690416589892920350921448403692017493737472
13292279957897515761822655769791692800 22979824885198248456848511236892260648718794725211727652339079457057327903821441037937046420988446218649600 2135987035920910082395021706169552114602704522356652769948402820366653216191736104940630427303936
17279963945203906347749491783644479488 41363614664630483611880674754832808244141637456080524458381814247780905753273340272735233154148485226823680 2669983794901137602993777132711940143253380652945815962435503525458316520239670131175788034129920
21267647932558653966461194439462223872 397740705085607793249500002074510923694277283580184599063436815 5708990770844608711667358746175828445171286016
21267647932790767723827203241005812736 3821372389931227519229939952398759500755926940547407579627415976310785766852099 75557863725914323419136
21267647933100252733648548309730597888 7288675501569638145813474352717414710276208216722753310156187411926749192 186922686907329352490823782175342592
42535295865117307932922388878924447744 6010506705512590915182733720445223218717105254624204180567477565536798144348082929664 20769227048220567646290782088855552
42535417559574929842944932564042776576 13902045252528209247146257139176078877455016563579188204918077390848 39614081257132168796771975168
42535458124394137146285780459082219520 65598190728579608153584328936916245791159241156904757463726439976455372800 186922726521335051759266664623898624
42535620383670966359649172039239991296 19106825506334238591870258674290274361096124428057313841086985153744206615805952 103845976784777809702778723356377088
42535944902224624786375955199555534848 6010487598621486376313516989504755352359570773532538004641715157508729755246934360064 62307601916499188674534752722616320
149018919839949552938827214973453729792 5300541194335152988749892502228755547482451690626856874368198502621642752 74217021578444552877059521766073177184573331968
149018919840491680611060650243986037760 803469022129495137770981046170581301261101496891396417651201 5708990770823839563847300692793875256894816768
149018919840491680611060650243986037760 3213876088517980551083924184682325205044405987565585670604804 68507889249886074766167608313526503082737801216
149018919840491680611060650243986037760 441711766194596082395824375185729628956870974218904739530683575055679488 41538374868278621028525445610471424
149018919841498489145208458603546038272 5300541194338366864838410482779839471667134015831901280355764088292247556 68507889249969151515904165555583553973958744064
153525833513157783320391685787216773120 169617318218724895639996560075602007709842265503480924511922183265901871104 74217021578444552877059551502281341320357429248
153525833513716307049053644465931033600 25711008708143844408671393478107678361753358486259794177949696 5708990770823839563847300692793875265216331776
153525833513716307049053644465931033600 102844034832575377634685573912430713447013433945039176711798784 68507889249886074766167608313526503182595981312
153525833513716307049053644465931033600 14134776518227074636666380006300181827867844085331184813310099027602178048 41538374868278621037251169888501760
153525833514753565402282996297828945920 169617318218827739674829135453236693283754696216927937945867222442613669888 68507889249969151515904165555601005522372984832
170307661796028229182139162384761102336 926336713898529563388567880069503262826159877325124512316252120795168349618176 57090016598907348150293406783990707046756398080
175458430104005668308623303095005224960 29642774844752946028434172162972438920676704959240464893602900795933962897719296 57090016598907348150293466256428849629019668480
191409155912432627901886232054468717568 3821365101255726082172029167460337866507884022509498754966533680184906861248512 103845937170696552570609926584401920
191595754080632160785649407456553477120 441711766196203020440083365461271591049212136821426942524466367890981890 57089907708238395638473006927938752573243143168
197390357374778109063068971456197043200 14134776518278496654082667695117524614824059442054691530282618615958077440 57089907708238395638473006927938752789602533376
297747071056904353064831429893007882240 29154702005430039079071267451937392170012542896343221702320355836371664896 68508019918564202180377368195594484169167601664
298037839680983361222121300487972075520 578960446186580977117854925043439539266349923328202820197657575496980218511360 5708990770823839563847300692793875256894816768
298037839681448042084035673576999768064 578960667042464075219365145085122269902145447934271230911128837730164164002305 5708990770906916313583857934850926148115759616
307051667027432614098107288931862067200 18526734277970591267771357601857774325422940599525290558501812997458726811074560 5708990770823839563847300692793875265216331776
307051667027911348722674682085045719040 18526741345358850407019684643191621884185248011555011585847578138768034790113280 5708990770906916313583857934868377604993335296
340614673919884692431605062796465668096 728500834587298677246955791643939497742082271234474297622172795524727277187409903616 207691874342148683782138171100247040
350916190887217790446609567513638338560 23312026706793557671902585333194578133305514051674026026841241356157898543371477057536 207691874342148683895572586715054080
382817662786055771396301499910320029696 6010495241366266210964305848046207412468758207033431540177363574268873893142687907840 41538374868278621028243970633760768
383191508159870278985555695646023876608 1389505070852849344724570830619696612819828550785969348186822501229719690680332 83076749736557242057050891220942848
394780714748120014252435763452843130880 44464162267291179031186266580952793375597980597827961019213183128658101164572672 83076749736557242074502339777003520
404479925279863072262531012070802980864 5300541194341580740926928463330923395851816341036945686343329673962852360 166153499473114484114101782441885696
416712976678571126155348861422445527040 169617318218930583709661710830871378857667126930374951379812261619325468672 166153499473114484149004679554007040
425768342399855865539506328495582085120 3533694129556768659166595001485837031654967793751237916245464202398924800 166153499473114484116353582255570944
425768342401404801745887572125674393600 578961550465996467625406025251853192445327546358544873765013886662899945966085 83076749736557242057050891220942848
438645238609022238058261959392047923200 113078212145816597093331040050401280398370889162156185258681787155493158912 166153499473114484221062273591934976
438645238610618020140153269902660096000 18526769614911886964012992808527012119234477659673895695230638704005266706268160 83076749736557242074502339777003520
467888254516290387262146277668168925184 14577351002715019539535633725968696085006271448171610851160177918185832448 57090016598803501816981140162995403474306334720
552958846246525003127991055426017820672 7642730202511452164344058334920675733015768045018997509933067360369813722497024 65334339063944789820831009358811397881856
553498845119812625201358227044256710656 1042129023991728856913649085119873901315225386596833487069254898127748338811393 103845937170696552571313614026178560
570238810191728909475740547209662300160 33348128767735323421236770724677841344523600491175244032649028536735016238972928 103845937170696552593127924721254400
680564733841876926926758222062791163904 605519470537253728134260998244322493728490026936797838647997335448253897976485539804554784250172525911277568 8009960551390561009767654084069690021481926989040933251082484066152706553891311206901559234396160
680564733841876926926758222062791163904 4238492950097276717469356664931481502381319638749468211285546836533720907720762320377592794597613231772467200 4271982220001266853872194318692583561733799668814640864518903067386804101041431901232902979977216
680564733861683967555324306461177413632 605519470537253729184669838946343105290926757803901805545173282951101945675445799409622938548193528960335872 533997777507929032302927206120250792844025164210563198976504874896471470310762586848713693462528
680564733861683967555324306461177413632 3632973479560022980931824941070994116153335764875838637460141921062682628152594703732492775963272681468723200 12815930363684907183452281143377532006811405418189918698084439065398287774916774925467651405774848
1361129467683753853853516444125582327808 151379867634864147733430389841454858698438628071692079347987759556447419271748947318551142600168713108848640 1908190848511749461267122255708739480911643451161687167720444526411559244808600823033899322398014847211012096
1361129467683753853853516444125582327808 4238492950112696235585365297626341578400385567894745974997514889798385894077259959897314877230957801242624000 587135645695594298082363011949164619443932515942013851246041941124031587425298823943335322192757027260858368
1361503313057568361442770639861286174720 1761514444834407819960849234151514882091099785438011399226106016517417803201209307633359879143406396002992128 55604890000998194576500718618381736104675218090518425500272017014784
1373092519645818096709650707668105428992 55151474531586891158981730675601289869559608784235572035615935756930206172244795181999259560713622309044224 2202736630793438522469866134487350618184039038680298169009290405906962699930314044517726916968448
2042088816086879427680042983909394219008 6719370929711860211146174477226243623836156724258425404508058455904538237864327215496492395137551433728 111209780001996389153001437236763472209350436181036851000544034029568
2054321867485587481572860833261036765184 210112772749723209805311715739912213502538157546150753679643432728494414003862283969625445936471736320 4405473261586877044939732268974701236368078077360596338018580811813925399860628089035453833936896
2722258935367507707707032888251164655616 1211041250947975989024781653508113320360499355218256054781745733808695936569339466042571689928887057369792512 3359624589225406110974120775603825178486347235449571406739293259932261131279667257880222879219038814208
2722258935367507707707032888251164655616 4238501034381010241519383620425877462438245287282926995304224914474752769511688475948574548188596170810982400 1399843133850015122676840634349185781508931475477181518485554157121307967829256405395997648478934138880
2722674319116190493917315327957502263296 4479489484355608421114884561136888556243290994469299069799978201927583742360321890761827044137252159488 333629340005989167459004311710290084321052362314142327049867032002560
2722674319126095525388872888443163770880 733965751937569787457042604898476745787380474984875770790685620935993331782298431804653319627157201139875840 55604890000998194576500718618381736104675218090518425500272017014784
2735551215325356866436070958853968101376 139984046386112763159840142535527767382602843577165595931338521791031114441326201959395436775499366400 13216419784760631134819196806924103709104234232081789014055742103134777253352916041154596431724544
2735551215335308743783138586220149473280 22979824885198248456848511218365491033806907761198734843812095882831149542052714732986222304918973941022720 2202736630793438522469866134487350618184039038680298169009290405906962699930314044517726916968448
4764098521205177463660906408336756310016 6719370929703711569917600123094527685700271064793379430477243913554276235602932797137942035779442180096 49674901030163212814763738540823707727245495280260696358457471692008599813570560
4764098521215082495132463968822417817600 6719370929707785890531887300160385654768213894525902417492651184729407236733630006317217215458496806912 45853667338032818595909447890688747482465024857995219477222284804853932006506496
4764098521222509153115947813585608212480 1018580153571794266464492266985707433130746753851817793782750282674302294818794919763656704 3821138944831434475492370808009353896987220260157545354927647198279471665790976
4764098521222509153115947813585608212480 4074320614287177065857969067942829732522987015407271175131001130697209179275179679054626816 45853667337977213705908449696112246763846643121890544259131766379353659989491712
4764098521222509153115947813585608212480 559970361337025787200678890489409782364245017581020090169316427906673123310652726594028747910547505152 27802445000499097288250359309190868052337609045259212750136008507392
4768605434878385694042470879150519353344 210112772749468082985033495192486502409238838455179219674284393349447293724439263934294624736812990464 1967825565848883992315158049352977842177331615409528082394823395937892009202782656164626206165138144978016768
4768605434888337571389538506516700725248 210112772749595646395172605466199357955888498000664986676963913038970853864150773951960035336642363392 1816450903866339386430747731698896675428627147413587001592438622360721354311005386327863476656447149330929664
4768605434895733779553940807807553208320 31890852534777568428213886662414886371441750669879922380890034927877504416352649957343232 151370908655344720816662857764702234107844983066283580212813193682642671992091535302327763550994118534496768
4768605434895733779553940807807553208320 127563410139110273712855546649659545485767002679519689523560139711510017665410599829372928 1816450903864136649799954293176426809294139796795402962553758324191712063905098423627933162611929422413961216
4768605434895733779553940807807553208320 17532181590838829956298338164239683756658998719503405935736467889604044820778265493724796990328406016 1101368315396719261234933067243675309092019519340149084504645202953481349965157022258863458484224
5444528255328732485069322837632426704896 2270700901858189297750034098339749919659932015174711093433847903665731318311004982831418049528785236190658560 1067993517960455041197510853085618555634700718671909729195692041289810327513038906273314186985472
5444694409164925894701969055602111152128 1174342963218666303679478136547646703904741167110071444138762285417335353897181986882120576738100521524527104 99349802060395931742028724824867950008737409645048695743194790688931603231965184
5449845177472903333828453196312355274752 36767649687590833920510972477811581269644932482604006764941605107618901803984781036695945457861197333266432 3935651131700521405418807896859043017022772419091786213587997073243019073327345474707832004158962512185799680
6125092989170609411996081059695217868800 605519470537253730235078679648363716853363488671005772442349230453949993374406059014691092846214532009394176 1067997592032407710169683389976995377604898910126677612152117500930470765327093445148536482037760
6125269527286083196863361474610067701760 559970361339062947507822479022338766898216432447281583677020063494238623876001331183666337750074818560 99349612565617296362801641008243109977815393582663157671307742453262157288472576
6131064130580229145140781038609711267840 17532181590902611661367893301096111529983828492246289437076227734365824890634020502557502290243092480 3935643625038962741233234301882258086803969559723373085533142944404857138612946896303710767623842975874823168
6805657723012486338922839281758009032704 151379867635965581233978351806244552355944332480885252514316505950911404224924591263512344271461882469023744 1067994536478443208440553987308462761127250266535601699934798406199975436966552540992119760748544
6806187337292056891340949392246150529024 1321136113606180261170886657527342053062217262107046598296899409604534020253641673243051240663531961752502272 69506112501247743220625898272977170130844022613148031875340021268480
6822927302363973175615331712411556118528 41363614664630483611880674721484679476406314034843753733704024284185131712395323983293189918844992121470976 2753420788491798153087332668109188272730048798350372711261613007383703374912892555647158646210560
8166787190696240192776355725883591360512 1211041828416343124314664249167021626711252642288629082947535394542439067121352081861073528882064564854718464 1068001666104360379141855926868372199575097101581445495108542960571131203141147984023758777090048
9528197042420259958793370377159174127616 733964631996847109331147589253518701109846678552010876227518266895866343305050679801990952294481700990238720 3821138944887039365493369002585854615605601996262220573018165623779743682805760
9528197042445018306231895627171216424960 733964352011666439799673835342279189940463229443794652586726428385834596185738741801325360461312825952829440 3821138944831434475492370808009353896987220260157545354927647198279471665790976
9537210869766723265432009385667220078592 22979789820835066651625188482578888841583847793541750351233221730375680810402933464945217189914393454837760 151370908657547457447456296287172100242332333684467619251493491851651962397998498002258077595511845451465216
9537210869791467559107881615615106416640 22979781054744271200319357798632238293528082801627504228088503192261813627490488147934965911163248333291520 151370908655344720816662857764702234107844983066283580212813193682642671992091535302327763550994118534496768
10208471007628153903901373330941867458560 4238492950097276688058903771747723951917401938966850779844821218755570267584755979389470793247050213149900800 8543948143683640329580086824684948445077605749375277833565535998011483673875343024234748425797632
10889035741470030830827987437816582766592 3522885545992499557032467926161799829750115214875035930627967079176147533931906475318104695856486010728116736 2650270597167576494374946251181410677765715355108005527849608185450070016
21778071482940061661655974875633165533184 1399928573489322247549601121313507271776404296735628766791729349967281446015067533475904304273172725760 883423532389192164791648750393803559255238451702668509283202728483356672
21778071482940061661655974875633165533184 2519871432280780045589282018364313089197527734124131780225112829941106602827121560256627747691710906368 1104279415487293675011690433130025430115238967953281646903487551045107712
65334214448820184984967924626899496599552 2642131403415487175784627852481707878217907290882239755331239489500771420763548660737305635444071305669026816 6183964726724345153541541252756450690214805641425386317183414034059231232
76223250190567514384595837246293483192320 18333448117819477223076550041260902597071571569511003251485694623606354814688328624512476160 231584178475474890787431536766888591778574710403863949426083797337131735580672
76223395574879553888674482181590965288960 1018580153571794266464492266986510902152876248989588774828920863975563396315686316181307904 2871126480264874535572858438779861567579524968033672655170408867570909184
87112285931760246646623899502532662132736 146792870402333287959934767068571630077329962084182501502353973585020189221813388924304603463246773158412288 220855883097298041197912187598450889813809612925667127320800682120839168
87112285932077159296680956852906837934080 1761517804650167489896902980258568282259233126284217883177839928810817426941097228777365636949470540990715904 883423532389192164791648750393803559255238451702668509283202728483356672
98001321673230277477451886940349244899328 3522885545992499531568958733339762741422119304708557018486261766738022858643765803882806106958353172946485248 1852676961491188696401299280852698357422617836176872630495082411606947227762688
98001321673547190127508944290723420700672 3522885545992499560088208386877182629143592015834568637086595826144913858418669067244794884803544959272040448 926337597322061959008497108741971384031895406274473149589676944363376997302272
98001321673547190731971854098038008053760 3522885545992499549902406851159239964498669345969459615557833336249026110129460427489160921646681797458961408 231584620193981072050326112468584396674013120427394580014662811878580151123968
98001321673586804208766076459520192675840 28519249653537419887721472711126011618600334059406890999774903263361988777845191786325555200 926336713898529569816332317093220990228336151036021446921167661160648513945600
98001321673586804888786849992749103448064 18333448117819477223076550041260902597071571569511003251485694623606354814688328624512476160 6739986666812179877320607993658782404304779254324372940084173864960
98001487827046663846455967073920543096832 3522885545992499547865246544015651431569684811996437811252080838269848560471618699538034129015309165096345600 3010600062430764116652287293712004531932085618117192062767931451051632859545600
98001508596273712142581477090616955371520 16296287810675888690147565507287880792765819071531825701827852895655228022056955992149860352 3010594320177803586903216147995126972383175030930776488715868909238963041992704
152446500380897344281648881479806334533632 2642132243371029181323308653500043612995148486541660250455111306254007724208540088044752635783217709440082944 2779011025119121098641161742928322020636234526913494486620927564680568003100672
152446500380897344886111791287120921886720 2642128323578499822142798248747810184034689573464364606543709494738904974798580093943333300867201158508487680 231584620187241085383513932591263788680354338023089800760338438938495977259008
152446500381135028769191674492586966384640 3919792529377513958522571710652037008954338198240982973381026106000895654617707774149604345175444071424 2779010141695588709448996951279571626832675271675042783952418281477839519744000
152446666534396818000595904263003456929792 2642128883548861159168585449426700673886183703903978269959624039241062510428574378814964634426632094355858432 3010600062424024129985499633763337778160160569265322307430564620627641072877568
152446687303821936703007075123683729080320 559970361355359235318498367712928044171700516260487486114013160787115688908477986148247759560359846912 3010594320171063600236428488046460218611249982078906733378502078814971255324672
196002643346460554954903773880698489798656 293586300775027914982817588335248221421439784679661764841067482828298947145703154233238561801563004899197952 6625676492918941235937365627953352469842424867276720571825015398300909568
217780714830192899752859666650553563217920 6999356110372224463517939568344753973959826024613837280251723747869573684435995469679089947550964252672 115798494058347267036910507836884650790867383817186325766486402883282047860736
217780860214504938728033265504450781380608 6719370929704730150071171917366292719161592728684282199228462257876587608157535217408625918399221875200 115794960364217710268251341241883075750854934726900008385697069077433438699520
217781005598816977703206864358347999543296 279985180669531473753911239511390239332206317733860833521240667542643918006411379063095401784104993280 115792089237737445393715768383444295889287355201931974713041898668565867790336
283114929278537714251584730733605327732736 293586300775027914982817770460456867583540183379215529545964980553940108283783275420528971362984968356660224 3010595203593753491095244822201627268193318564672499848351219479970730131587072
283114929279250767714213109771947223285760 728500834584648401594798215058819589990902564644552320484749161638245687853829849088 3010594320170221101903080030552876874389759309434048145682710196768001648230400
283115095432037187970531753516802450128896 293586300775027914982817041959622282935138588581000470726374989651375463731462790671367333117297114526811136 3010600062423181631652151176269754433938669896620463719734772738580671465783296
348449143727040986586495598010130648530944 110159605399273123088333908113026325330430252928145254522947360428834838877832539829892920717349122425749504 3359617113266706315836163420852666417182468245851974302352124653653175644232198816961339736410977992704
696898287454081973172991196020261297061888 43830537577053553371399287031592625005271115189743125027558872149187560686741086491058376243958251520 1119872371088902105278721140284222139060822748617324767450708217884391881410732938987113245470325997568
696898287454081973172991196020261297061888 78894967638696396068518716656866725009488007341537625049605969868537609236133955683905077239124852736 1399840463862146149586568668398411896670233124852181693510218240480808571064814762494358960299812323328
2090694862362245919518973588060783891185664 82583964560578747038279470629852560306666149101388813703735377313152214437699848315022393251892610102984704 7839106597622314736951047981989554973425759240321273372154957350966171306354637279661993713226957717504
2439144006098160460307066791881391462154240 573040699153176658423539195889972469752339799112328990027077198206106584873960585788653568 293567822847797149041185391312135177001632622004033144189058459933674581687199611063961875714633166191853568
2439148658396145724437583429810910889246720 31890852534777568428213886688125895079585595078551315858997673675549605770443647363317760 3639585206038931842155843705923721951947673933006305494214801708124273614584882051708118047778559492096
2787593149816327892691964784081045188247552 4595956210948854240063871563431794514299734813879772365989249794546180021563631508143477983743849497886720 279968092772225526319680285071055534765205687154331191862677054471097970352683234746778311367581499392
2787593149826469097493790619293018813890560 55151579724475796296459738995248134305776140883390635460727682470994122548849231762402491282487118133198848 1119872371088902105278721140284222139060822748617324767450708217884391881410732938987113245470325997568
3136042293543368879278460382091175836778496 110159605399273122292057241216406687909393850221291519213508395766646637837771625894939095450283005093871616 2348547062263317599794189522349786854411804299474339628419604501369023187798019327722983226214627836061286400
3136042293553510084080286217303149462421504 110159605399273123184006465717359030615071912992522939761704145664488786454825560856541738028680064515702784 1174272411259287710995005023804890948816330444609675785036287984903019405499946548556403017761896874238803968
3136042293553510103423099331137216257720320 110159605399273122865097940369583346332933046111263988965848194878975627864848824101045680324243590882525184 293568382792526641635952753704561017602515072264327447243375074877001969064639979154565796499714339715940352
3136042293554777734680514446704646165626880 891949224500952342705678062771231420548195749897842148617053934961602642578397059421831168 1174271291386916622092899745083750664594191383786927167711520534194801521108065137823464030648651403912806400
3136042293554777756441179199767971310338048 573040699153176658423539195889972469752339799112328990027077198206106584873960585788653568 8543948143714723031855698489812919848919994391932889589218445181499662724134427228458438361088000
3136047610465493243086590946365457379098624 110159605399273122801316235300028209476505272735012198806677004721872996146853476749946468783356296155889664 3816388976187503041327252578580379105052788877171091478024035011857262446754487266166891027589484520342028288
3136048275080758788562607266899742571888640 509258994083621521567111422513720679593168608955226358309081850855007373333073291062018048 3816381697017090963463568266892967257608884981823225465413046582254020422779121616896080859152394028547309568
4878288012188715017012764207353802705076224 82583990858851133296524405077359827868356561430498847958414290368094123538308797386705369841923187250561024 3522814994033120955180804513972392278004713212183530120459328961948770114534643802646519994357195576042323968
4878288012188715036355577321187869500375040 82583868133579997424714710988992579247134637227985354769912696111698547735467035052184812421780493895204864 293568382783982693492238030672705319112702152415407452851442185287783523883140316430431369271255901354852352
4878288012196320920614133583762782924308480 122725271136444850393241543907044761120092485962940841393368724565829918960540627142294103279144009728 3522813874160749866278699235251251993782574151360781503134561511240552230142762391913581007243950105716326400
4878293329100698176019068936416110621753344 82583885665761588263544667287330757621594912114058710939698638148326487135873001099973463481800878660255744 3816388976178959093183568938250799018228110668712680659934608400777468835805327652248353051395673763702898688
4878293993722301974496226403957879330570240 17532181591411870655451514836797999470776045825922125741148956929427483164253895235933980970553704448 3816381697008547015319884626563387170784206773364814647323619971174226811829962002977542882958583271908179968
6272084587086737758556920764182351673556992 9191929954079299382756888514786935821125793047246557882271050613365332846286906368690003472481513893789696 8399042783166765789590408552131666042956170614629935755880311459908367247060003749155550335962120716288
6968982874566172792091509332817714022973440 218878863544887497963182664451291050765406770773260672720904627916703830450697436147847315662435254272 146792030498588969060855966384334649111324501966944047699093247601242728112876512852495346629341177635143680
6968987526864158039297064496142425004179456 210112772749499973837568272930532034514651859990255365344964865262862625141349091428087749117416046592 146787551009104613452434851499773512222768258675949578400023444768545415117214390414032645975364361655418880
6968992179162143286502619659467135985385472 8766090795451305830683946657615444024131162573164478566096865285559200656699443931300453839745843200 146783911423898574520592695656067588500816311002016572094529229966837290843599805531980937857316583095926784
9059677736913206856050711383475370487447552 9191929954079299382762716521463613008338551432967180156049523556879466741206349686528398440510225695899648 3816382816879850110704029450243329944153261058130261912387209095497470494811660087102386002019358427020525568
9059677736936024566854819512702311145144320 23312026706708748851033542882489095113891774056535579677773271353579872114847208439808 3816381697007479021801924171522189659931121997307513295062441644789252610419778676369447014906112956694528000
9059683053825190015057016112537678404124672 9191929954079299382739404494756904259487517890084691060935631782822931161528576415174818568395378487459840 3816388976177891099665608483209601507375025892655379307673430074392494634395144325640257183343203448489246720
11161261635006781601598834697714587012169728 2779010141695588710252429193445888232753005786239906068476291478827406276440585 130668428897640369970821292969337051676672
11498821742992352557354502308286901077934080 88928324534258838728077734192513335634962618648980332169040505661907266294513664 130668428897640369998270048151016864481280
22300745198530623141536013420553540858806272 12020975197330437011565954454292054761614865421179339460285540271923350893634856159749 43556142966038579648340478426453418967040
22300745198571187960743316761401435898249216 13902177832763237783077340305843437047762914656007048266451098536453 54445178707508610479168465864270001733632
22300745198692882418365226783945121016578048 87464217232652137462887779525869289918668648329162173740466706853734121472 130668428897798826294964377928986081099776
22300745198936271333609046829032491253235712 55608181010112836988585028556704315509820066254316752819672309563392 158456325028528675187087900672
22300745199179660248852866874119861489893376 12020975197242972724822943473953092210426627268712918254373397187859083100657713938432 65334214448978641309996453302086584500224
22322523270013563203197669395429174024339456 303542014411374448852898246518308124059200946347697624009238664801969698828087459840 43556142965880123323607097656445683892224
22322523270013563203197669395429174024339456 546375625940474007935216843732954623306561703425855723216629596643545457890557427712 54445178707389768235766004239354145275904
22997643485984705114709004616573802155868160 9713344461163982363292743888831074222210630854864177511183850565065791059738115440640 43556142965880123332756682717005621493760
22997643485984705114709004616573802155868160 17484020030095168253926938999895933599979135538755519520130931017118423907528607793152 54445178707389768247202985565062388776960
33451117797795934712304020130830311288209408 2003495866214450791671298918154241972149753013103321389275877907970224598962373921285 10889035741470030830827987437816582766592
66967569810040689609593008186287522073018368 2084260035686405602365173305521358342749477817842351779387459328750917896905730 130668428897640369972001884590054462980096
68992930457954115344127013849721406467604480 66696321141964979275685545778367130234755388855938704288081293866682886687555584 130668428897640370036048980013974026190848
78052608194857180995376046971937393005821952 7288675501357509769767816862984348042503135724085805425580088959092916224 51381014938923151635283026146695863126875701248
78052714533259103607073859828655040743087104 7288675501357509769767816862984348042503135724085805425580088959092916224 186922686907253794627097867851923456
78128831445331702244211766195118951765114880 14462442398330912479877658831070463422699826944045135517721602 11417981541689217502562880006616275959400104960
78128980464251542735892377255769195751152640 803469022129495137770981046170581301261101496891396417651201 141557464639110400801723067383448472649728
80491752201239295190134237149754049744076800 462798156746589199356085082605937576686260338637975546851491840 11417981541689217502562880006625001700321165312
80491905727072808906441286203398515675110400 25711008708143844408671393478107678361753358486259794177949696 141557464639110400831459218830268269854720
89202980794122492566144053682214163435225088 57320476518835891232580437511905067997618260337642481324498005202773602918727680 43556226042629860182785461142864892264448
89202980794122493339856578235576835247187968 22928219762236362029135442098858224002972808034136135191494846689514503956072452 302231454903657293676544
89202980794122493649341588056921903971973120 30570949964747814087415312410950154869455242192618886382953971761835091261652992 130668511974390106829409360645397554397184
89203193470601818152683718294158558057463808 8014002571683309445315076211822691046564011925163965423365694094837859074251717345280 83076749736557242056487941267521536
89203533752968739091147181673269589453045760 8013991107558850976131399656656117398098475009341885351973085973534498163694761934848 65334297525569921542209981114840764121088
89290093080054252812790677581716696097357824 115792089237316195423570985008687907853269984665640564039531515099396043702272 10889035741470030830901774414111420973056
89290093080379088279099161365850230588702720 728502224092369519986320516033280194438564433430663580977591823894513826486791706636 43556142965880123323607097656445683892224
91990573943938820458836018466295208623472640 3705346855594118253554271520371554865084588119905058111700362599491745362214912 10889035741470030833189170679251405373440
91990573944273480217296271028290342564659200 23312071170955824639562256513653481550094708597251780504555585032280827922219276435456 43556142965880123332756682717005621493760
100353353393428369807203140742037767897230336 106064188022828744866533333886536246318473942288049226416916484 54445178707350154154139937189082913832960
100451354715061034414389512279431283109527552 2779010141695588690165703640208509788478479631975373536948754056542495835160576 1180591620721706270720
100451354715385869880697996063564817600872448 2779010141695588712662836259834373646065948924751649972259595969501595529394188 45671969722733682390901729149448658500842426368
100451354715385870500272478616062269637795840 2779010141695588704628146038539422268356138463045836959648581000587631352882178 11418003319760700442624541810167355982055744512
100451354715426474313986556536581509412290560 22497132619625863857587469292776276435310841912959099694233612 45671926166590716510778405542351002055158534144
100451354715426475011007849408141142953829376 14462442398330912479877658831070463422699826944045135517721602 2251799813693440
100451525022722830442618694418593667870629888 2779010141695588703021207994280431992814176370704674357126378006804838517579776 57090016598637348713649595747305291650288333824
100451546311180554946147342185988965965767680 12855504354071922204335696738729300820177623950262342682419200 57089907708279934013341285548969529818667299840
103489395686931173016190520774582109701406720 88928324534258838085302516488917225418177781696289006950506657620113160197373952 37778931863094600663040
103489395687265832774650773336577243642593280 88928324534258838805210760316944868860976799083303367254300581120686648828362752 45671969722733682390901738299033719127352147968
103489395687265833412963606093101447887462400 88928324534258838548100673235506424774262864302226583636766996258088707048865792 11418003319760700442624546385038417797170102272
103489395687307665244458304906826635385241600 719908243828027643442799017387014360303793923500573488630988800 45671926166590716510778405542351002121730654208
103489395687307665962560241757916365160719360 462798156746589199356085082605937576686260338637975546851491840 72057594038190080
103489571145361277021858829397885204706631680 88928324534258838496678655819218735956920077346011226913260279285569118692966400 57090016598637348713649655219686717024744407040
103489593077665040022567367975798091582284800 411376139330301510538742295649722219962753621665455958495592448 57089907708279934013341285549048061553528963072
133804768938417053947200824343434977781743616 29154702005430039079071267451937392170012542896343221702320355836371664896 130668428897640369969935849253798993199104
156257662890419777888692169552137752661721088 2084260698254054894259296899257921121343921253148813107744568624776280480424962 45671969722733682390901729149448658505137401856
156257662890419778508266652104635204698644480 2084257606271691532086720128487294821236518555051993575411391909991255090668546 11418003319760700442624541810165104182242051072
156257662890663404488423532390237903530229760 3091982363376635019169101538779985061529167282955033003658830160907478018 45671926166590716510778405542351002059453509632
156257833197756738450612867907166602931478528 2084258047983457726682802524311670006966147511922967794316131440674830146348034 57090016598637348713649595747303039850474648576
156257854486417485120584318039645360083706880 441711766209058524794155287665607287787941437641604566474728710573401090 57089907708279934013341285548967278018853614592
160983504402227595561423284878011749032263680 66696342344129756616297500777937139685028130657704832284858513831831428090822656 45671969722733682390901738299033719264791363584
160983504402227596199736117634535953277132800 66696243400694129026775044113277095583755335582796234966564820661138234875576320 11418003319760700442624546384966360203131912192
160983504402478590380268474299508099488153600 98943435628052320613411249243457357877680846174004554031808668740066738176 45671926166590716510778405542351002259169869824
160983679860323039808631340939319710096302080 66696257535470647253849680779657101883937163450640320297749633971237262477754368 57090016598637348713649655219614659430706479104
160983701792835965158377537368479555685196800 14134776518689872793412969205656266910473781662017445151948074574453669888 57089907708279934013341285548976003959491035136
200706706786775609511764160070362142628397056 12020975197257550048021621020530220764232514953112710039034694908523010893352953447426 21778071482940061661655974875633165533184
200902709430122068828779024558862566219055104 546375857523106487594685711456524793234453901614432783770370596901444041805169427458 152446500380580431633805433418277304926208
206978791373862346032381041549164219402813440 17484027440739407603029942767050179224754064519670111834962715451316435334291068551168 152446500380580431702427321372476836937728
211857079386040919844592127495258638158659584 2003495866207162116169808828149445619355685498393460083243894010116784448470259859456 17127004979641050545094568722489798785262157824
211857079386040921082532166780638913057800192 2003495866207162116169861860243457033728118765060403351367053247087928473083468317698 11418003319719161988528176085162014467197763584
211857079386081485979110722576823075278439424 53032094011414372433266666943268123159236971144024613208458242 226673591177742970257408
223225232700947722246684109795869206564065280 5521397077432451029947804689821620361960887177736309244133540290149482496 5709132328309247861682242906967142145584005632
223225381719867562196237048623084180017795072 5300541194335956457772021997366526528528622271928117975865089899039293953 5709132328309247861682241726375521428172702208
223225530738787402145789987450299153471524864 220855883098101510220041682730635795524606068410713471262233183945490945 5708990770844608751281440003308137979700052480
229976434860683702139022759462036367023820800 176684706477838432958329750078752098623776187546146516918577232779702960128 5709132328309247861682309241463194075592146944
229976588386517215296806079853722154240593920 169617318218750606648704703920010679103320373181842677870408443060079820800 5709132328309247861682271462531331118430437376
229976741912350728454589400245407941457367040 7067388259139248327041333847558762307412029721027345765141309307979038720 5708990770844608751281440003312500850160582656
245308665072091370847283409772366617615794176 16027966929657296929358470625195564954845483987147680665951152080934275587762078875648 108890357414700309063858511637309061857280
245308665072253631671537672242483541397491712 14577351002715019539535633725968696085006271448171610851160177918185832448 755578637259143234191360
267609495341862761330752142491264236954583040 8013983464828648464679235312597782477422741993573840332975576040467137793881039437824 65334214448820184984967924626899496599552
290192802510501157107878185924712796807757824 728501066169268587993385265221229690732179542775570863887844293866740500686899774466 57089951264381361518596330535036409018927035392
290192802511232036907072274439013249413283840 728500834584648401594798215058819589990902564644552320469894787861185835526921388032 57089907708238395638473006927938752573243143168
290192972817838117669798884279741647077515264 231584620186398587050162410100741276978131018543417949506005554665159978386434 57090016598595810338781317126274514404864177152
298969365318135826249677312577454561967472640 23312034117416594815788328487667864496070470128296461156764194571003419911685863899136 57089951264381361518596339684621469795224027136
298969365318888810706212880841943613335142400 23312026706708748851033542882470741085265622434505397287205916478747938309579181391872 57089907708238395638473006927938752789602533376
298969540776231270496885368638762523031511040 7410707845964754785605197123410804847693791063869558278092255481602106682507264 57090016598595810338781376598577408260817977344
356811923176489970264576214728856653740900352 1154936734274781400554125899058951253497609161923920283111478878451899866270057276295098439027166085120 1959776649406597211939273699670714311979635923043508602960262839961986521035353051565915431688436973568
356811923176489970264576214728856653740900352 3753544386393039551800909171941591573867229776252740920112306354968674565377686147959069926838289776640 4759457577145148786258779145782374635003496537692182288733822171083988023841438257708251938268425224192
356811923176489980168096529011898852934025216 1154936734292637356199587429882228367157853635719492073306725700567347309755389648599170771012249010176 4479489484371904747778938294345151234269373780422259527541394121237240680021468993586204941180347613184
356811923176489980168096529011898852934025216 2598607652117207742406081252271077883638753510361923461053324628469075738848023803509673466808074633216 6999202319322952996816221426352585760189920419256415121136026126858996331806062826077145332133381799936
356812603741223819569143377199360365926907904 1050408840702020611562436730867103966897175947502848047698960259605068154298021003049058304 1018527701511704171779577441515026674804874608334378658854251566306554243133712056599969792
356822812212231440295407042716294470323666944 3522885545992499557032467926159020819608419626164783501434521190943394528145666569249628405530580109058523136 87458929706530024314373226288982370976543882226725172806059845769941221376
357160372320217011251162710326866784389431296 110159605399273123088333908024098000796171414200067520330434070465798386819568758052734751628805391326904320 3464605148056290888206043527754312242719420378534848499300628544996448980063193469316330029530660995072
713623846352979940529152429457713307481800704 288734734284395215278811849000004129495739783100666059203564103557752594129881731520312235338422550528 2495331813590960493213861018691944101502684908581890077192080188998600165733081322800315244421591276795723776
713623846352979940529152429457713307481800704 3464816811412742583345742188000049553948877397207992710442769242693031129558580778243746824061070606336 587136765565829399948547380587909882843323872042685231925114322767618090846873185600593428826907331365175296
713645624424462880590814085432588940647333888 1399928573489322247246059106902132822923506050217320642732528403619583822005829246463253236391094517760 29152976568843341438124408762994123658847960742241724268686615256647073792
713645624424462880590814085432588940647333888 2519871432280780045042906392423839081262310890391177156918551126515250879610492643633855825503970131968 36441220711080691275385784293289096948084249469874773447511844217245663232
713819848996326401084107333231594005971599360 293586300775027914982817041959390698314952189993950308316274248374397332712919383863321681419285354548068352 218647324266325060785933065722455753216787842046319638767350609359528787968
714320744640434022502325420653733568778862592 43830537577053543658054825867610261712527226358683868593694340176175008522902386855896392264581120000 1154868382685430296068681175918104080906473459511616166433542848332149660021064489772110009843553665024
714320744640434022502325420653733568778862592 78894967638696378584498686561698471082549007445630963468649812317115015341224296340613506076246016000 1443585478357838216761148939285862268441177910003812371432412558794422004304659966835084141849900744704
719895930940066678287709350221895659155357696 9191929954079299382739404487346196413522763104479507729984706146132185041944330245977141490619689228828672 8661512870140727220515108819385780606798550946337121248251571188266550586637490380043026068761328222208
1427247692711152177916839686543957180012298240 2724700914368610250016388029847314787725383252752453058374065703657024938803570706489465261455496890145669120 559936185544451052639360570142552781296605970391058208100550988943752076991156142092223348466239143936
1427465473425982380720112860493649932768641024 6999356110372224463517939568339232576882393573583889475561902127507612797258259160434956409734715932672 3821350303925459812218046758617010783864117770035574918657976983610085037064192
1427470237524503585897576521400058269524951040 6719370929704730150071171917360992177967256772226510177231095731348058985885607099432760830699205836800 3821233692019184438852294260981958807543706950056126445054150036154123773034496
1427475001623024791075040182306466606281261056 279985180669531473753911239511169383449108216223640791838510031747119311938000665591833168875037409280 3821138944845335697992620356653479076641815694183714159450276804654539670044672
1434216675585718360612451510159817093228396544 218878863544887497963182664274606344287568337814930922642152627294249316134828396681157023231977193472 151379281451669874344007715333845106896053392653411049189689911410371178106739908201567942060689850703544832
1434221444191153238998145552630696243747749888 210112772749499973837568272760914716295901253341550661424954273271828183759367141438710977386770333696 151374661978139132622823440609141434479729766759573002725024177239152074079963344436902101419655541813150208
1434226212796588117383839595101575394267103232 8766090795451305830683946650548055764991914246123144718538113867182912445317010251278751145121546240 151370908655895404974361217395319700641466820720829589972483268224894994593568275977310342062123550263738880
1784059615887642148181415901272813833753198592 1154936734276882218235529940282076126959343369857714635006484574547297786789267412603694481033264201728 559936185548525124592029542315089672673427940589249662868433945369211717651593956146762223688534196224
2140871539064132118445992116001670487494098944 288735835717895763240776638693661635200148976273832387949958567542705769773826692721983528507782725632 559936185545469570627527813185687004140811462940606071792521728050116987156265595605858067271812907008
2140874261317875198998685309689070372803182592 288734183567644941297829454153175376643535186514082894830366871565276006307909250919476588753742462976 2519712834951048254865289808684621738678932359309309800144450189353249256625312092928639786903649910784
2140878344725749361003872395274631818684497920 1652150250821942947184540486258556613789759749493119591695977429763465917441802506939754040262656 1018517988167243043134222844205492549547863691970739106364910165109453513634718805573763072
2140936873273388641772442256297766821942001664 2642131403415487175784627852479623618182220885279874582025718131158021942945706308957918176403553787580809216 204070835981903390066870861340958691387363861675198776633007301731205251072
2142962233921302067506976261961200706336587776 82583964560578747038279470563156239164701169825703267925368258496498146622596442060530477107324390431784960 8084078678798012072480768231426728566345314216581313165034799764100475756626958135156971063839551389696
2497759685494706878868854047289171358504714240 18333448117819477223076550041246440154673240657031125592654624160183654987744283488994754560 7642277889690671395985240713306958153283631388367428318900553609309079340089344
2497764449593228101378007163236984944112926720 1018580153571794266464492266985707433130746753851817793782750282674302294818794919763656704 94747173848740859673904328479730901891255872412285603873231499584102989824
2500122606250614471814776518243806456483676160 573040699153176658423539195427174313005750599756243907421139700748008760500322632481112064 302741817311790809948722434790639401282933641441659179944966536449789989187136551954620684124247100527477760
2500127374856049367548556072184614264036884480 31890852534777568428213886662414886371441750669879922380890034927877504416352649957343232 3753322243727648462223213821733838262946038743412752540909014257079486395068459591759357531991549411328
2854495385411919762116609717830853229927202816 1967942032790460982165270186950684145585811452229666089020336817439130896925176632319178996134441468225912832 6159308720928215255536047218849148341825043991507018462971235617502241215146990985242033484662401138688
2854495385411919762116609717830853229927202816 4389881190749507240147481327114391627483307706685209002151943131200839761582855909203896009429707052982206464 6439277347698218280071415345718985498126830286602454766668346448926502808712842266321233014358187966464
2854498107670855129624317424863741481091858432 1211042694618893827249488142655384086237382572894188625196219885643053762949371005588826287311830826082107392 2519713368947807235092810407440048281488210176659669136099314787199269901530475849448092923560743403520
2854498107670855129624317424863741481091858432 3027458628496299981914836775599947529376239357923924884190899859198570571838323778268999180353354098471337984 1399851677798158806317170214436010466457376553082930893763387722657305979312930280739021883227359936512
2854502191059258200692919613979158256225091584 151379867634313430983156408859060011869685775867095492764823386359215426795161125346070541764522128428761088 533997777498215687841798560765653483309899907199646835336952385555070273210033087855462667255808
2854582497697851522363256341730355762589335552 146792870402333287959934767068455837988092645888758930517345285677166919237147748360265072092262565190565888 7288244142210835359531102190748530914711990185560431067171653814161768448
2854582497708236432992976054044767266862530560 1761517804650167489896902251756344189889713139963701849897645490246383996277516251186448438529740581525192704 29152976568843341438124408762994123658847960742241724268686615256647073792
2857282978561736090009301682614934275115450368 4595956210948854240063871559726447658705616560325500845617700638452362725498097629586993182232649666658304 288717095671357574017170293979526020226618364877904041608385712083037415005266122443027502460888416256
2857282978572130824931173163707207378838487040 55151579724475796296436426924077178481136578626876982015095520509461059201090841162877136956675003661680640 1154868382685430296068681175918104080906473459511616166433542848332149660021064489772110009843553665024
3211405309910082962658663384446650232913002496 3522885545992499531568958733336983731280423716018391314846053256949544379011790430345857354054732181718171648 61138339729209226981242876268139045794946388593836796806375498514892353116831744
3211405309920467873288383096761061737186197504 3522885545992499560088208386874403619001896427121905800826761452498847909493917417272535289986964868349493248 30569140711628044647280404588483594170021420929221105081145446272851029973401600
3211405309920467893096028188236953450159800320 3522885545992499549902406851156460954356973757264831469519293913980669971666414590529512341799015670712926208 7642292466401375377660761711462919714136200631689857155155392331697079439360000
3211405309921765987117098060800363175220346880 28519249653537419887721472711103514485980708195549303530482126986926677935932232686631321600 30569111558651475803938966464074831175897762081260362839421177586235773326327808
3211405309921766009400698788710741352315650048 18333448117819477223076550041246440154673240657031125592654624160183654987744283488994754560 222419560004801935951580063790739819342057715392704379080371775733760
3211410754604492127584558086415705835024154624 3522885545992499547865246544012872421427989223293416603257800406277034384100914025180907752161425831185612800 99349802060215215849525480692494322673227669002708501284400605806055719176667136
3211411435191293273200294924161837785288048640 16296287810675888690147565507275025288411747149327490005089123594835050398106693649467441152 99349612565867518367806132883837363211598111062827197206486107142061616294952960
3214443350881953101260464392941801059504881664 110159605399273122292057241127478363375135012135989002724591216020395022732198812809583460214014209144389632 2421939157959046274787757944923217693612173183832912741807717142036805162416707431714327632625455677644472320
3214443350892347836182335874034074163227918336 110159605399273123184006465628430706080813074187312179444759322475438153962238862836367264877863341198934016 1210968424111140451963598930798793790966840771003728153318671983003989708086392303483111880517962791829639168
3214443350892347856008719315713992628409466880 110159605399273122865097940280655021798674207563163315730341815776638930153338513557592220714336841625501696 302742394754793099187076277257828549402593668272587679969730545610095676855388089671129198260851586677875712
3214443350893647178047569809170608301193297920 891949224500952342705678062051323176720168106455043131230040050026783804663849132054544384 1210967269242757766533302862117617872862759864530268641702505549461141375936732282418622108407952948275974144
3214443350893647200352251181060516574522540032 573040699153176658423539195427174313005750599756243907421139700748008760500322632481112064 8810946523205808126601189067619573594198744216680792388881521593421527184263628081599564373565440
3214448800727130574163798221394997371860156416 110159605399273122801316235211099884942246434238333542987458314436879085391558443701837211881631541710815232 3935651131693362511368729221661015952085688529582688086712286104193738879508147845933058483514279899705652224
3214449481957777758276714949951646910904565760 509258994083621521567111422102344540262867098416484062659359630892253751667617332566425600 3935643625048875056071804775233372484409162637505201261207204286165398945107221229507168212598220981931095040
3568402346704562834077083387276361272834129920 293586300775027914982817041959390698314952189993950308316274248374397332712919387577141799275426179245441024 99349641718593865206143079132651872971939052430623899913032011139877413935546368
3568402346707159695559813429469664897254031360 14855280471424563298789490688 99349612565617296362801641008243109977815393582663157671307742453262157288472576
3568407791388587088373258376931005370672087040 293586300775027914982817041959390698314952189993950308316274248374397332712919372721861327850862880455950336 99349802059964993844520988816900069439444951522544461749222241117256260170186752
3577178909512197503218882513929103037993844736 9191929954079299382739404487346196413522763104479512327471328743798760116985411696904692346837055779635200 3935644779907345426663530370563434004908050466196832597149309377947705470762606917368200539733852819428488192
3577178909514816469358954035872595261175889920 18389946490390666300300164325803710203424869466203226112 3935643625038962741233234301882258086803969559723373085533142944404857138612946896303710767623842975874823168
3577184359346980241200344861290026246626082816 9191929954079299382739404487346196413522763104479493937524838353132459816821085893194488921967589576409088 3935651131683450196530158748309901554480495451800859911038224762433197073013873512729601038539901893649380352
4281743078123071940033449404374810409939501056 2724698893227673119948523957881827505636867806189733898661253086480139718248001527576858096824309841613815808 559936185560747340450036458832700346803893851183824027172082814645590638999082098196264148607067750400
4995519370981625074765418310342534088804532224 2642132243371029181323308653497959352296894431647400953555853385132663802955391274937008067446675653402066944 91707363828930996255158337516633165177964611910308809203176716743318470603964416
4995519370981625094573063401818425801778135040 2642128323578499822142798248745725926428417881932277886415222199917668456243528100367921909245440279569530880 7642292466178955817655959775511339650345460812347799439762687952616707663626240
4995519370989413757737708094578342717009428480 3919792529377513958522571710648945026590961563221813871842246120939366487334752741145945518862827290624 91707334675954427411816899392224402183840953062348066961452448056703213956890624
4995524815665649329061593299997178186642489344 2642128883548861159168585449424616415838200246177295467435312369234096362916651411020648503274188190117036032 99349802059992796289521487914188319798754142390596799358267500330006396178694144
4995525496258941043820904957939817327077130240 559970361355359235318498367712486332405491457735693330826347553499327747470836381581773031399542259712 99349612565645098807802140105531360337124584450715495280353001666012293296979968
5000245212493432892438149425668408085175074816 82583990858851133296524405010663485524226804814201347180477162101199981028663673227928717694519875924393984 3632902962596655985030204655034029536692360500064265436723682990582420126778423846763545012631864582359494656
5000245212493432912264532867348326550356623360 82583868133579997424714710922296335846440508201210310656635611945924753800349927780070261620940943625551872 302742394745982152663870469131227360334974094678388935753049753221214155261966562486865570179252022304310272
5000245212501228943629553036487612912967352320 122725271136444850393241543808101325492040165349529592149911519134649453446195867216573901564779954176 3632901807728273299599908586352853618588279593590805925107516557039571794628763825699055240521854738805829632
5000250662328215630419611773029331293807312896 82583885665761588263544667220634500086124264860209030160041547682392643404394748558335755345737933953957888 3935651131684551564845555467571136487547739127109951930557564911517701718216826994079566195562160757107864576
5000251343565359523858698177268651522678620160 17532181591411870655451514822663222952086173032509156535492711797025184521526274254225119622809518080 3935643625040064109548631021143493019871213235032465105052483093489361783815900377653675924646101839333307392
5352178847647349553968643220932849806113505280 3753544386379384236871782903991279896365957424683077632794769330348588082002820261953195653798652018688 2239744742177804210557442280570211125186423881564232832402203955775008307964624568368893393864956575744
5708990770823839563847225134930149342302961664 12816207401059470558831994461579182247989033200846369438715863893633257104383858304363312051531776 1852673427797059126777135760185774578046908648032766939278242400755599915614208
11417981541647679048466287755595961091061972992 733964352014336591650353847563710161317480264492806654190302380470932346563331365408977791631355774490462720 463168356949264781694290070028629944030243890754397423676542632643762493325312
11417981541647679048466438871323412919708811264 1399928573489322247549601121313507271776404296735628766791729349967281446015067533475904304273172725760 12637475000272837269976139988110507776695540110015489133252790190080
11417981541647679048466438871323412919708811264 1614721574431540501630778464640162354898456581884174639218665237036051162439329003899751141588982703879017984 231584178474632390847141970023233240237405228683144333697535896055541051424768
11417981541647679048467647797143027548883517440 733965751937569787457042908441070117608013802618424117990766637004507261225457178657235682062279392079464960 6129982163463555433433388108756281470840532680390475776
11417981541689217423334717492351656890342572032 1321135833625805864970636925614678290371464476087051977542544284847678223813996457736160024936440394082832896 3010594320182858556013112317589753455666611865837075391594466529633877572452352
11417981541979986047412667839549364684778897408 1321137233553311295589772777471047332435388604835612858805650569537873180571578432439838383746068536138813952 12637475000266707287812676432677074388586783828544648600572399714304
17126972312471518572699658306985119379563216896 6719370929713897372910319734933769952754067756921297265451173686139152536902813611251958470952513344512 7582485000163702361985683992866171743217745090851675253393976197120
17126972312471518572700867232804734008737923072 6719370929707785891988888969334982999152148691508380007957236153490179011718960230874064353055425497088 1389505070847794354724492345657668021787070793165923414100280651208292380442624
17126972312471518612313512890526110433364934656 12816187030451045595766238456044607014064631823522301948535062750096905546902250984662055176439808 926336713898529573030208405611201541312260335799634746705208859097210277593088
17126972312471518612313664006253562262011772928 12816193141931967026531837242998208933130044740779795886067711723622089400282628878779952264287232 231584178482214875847305672385218924230271400426362078788387571308935027621888
17126972312471518691541675404790448026908884992 12816182956130431308589172598075539068021023212017305990179963434413449644648665721916790451208192 2871126480275319632860541875570884321180006711257970789063702693302763520
17126972312471519206526167346919434757089525760 6719370929703711571374601792269125030084202647899768502961277798390863328263057977288801607790700265472 1505300031211590815826055665692891632427455166447149427004772388063710137024512
17126972312513056987181942627281806232645533696 12816191104771659882943304314013674960108240435027297906890162065780361449155836247407319901671424 3010594320177803566013021572628253390337667829967923865419715237352059929886720
17126972312803825571645887275211071144633303040 6719370929711860212603176146400840968220094735116991512953194508589494695174862484459327098320150728704 7582485000175962326312611103733038519435257653793356318754757148672
17126994090543001631603337060765323660074418176 12816183974710584880383439062567806054531925364893554979768738263334313620212062037603106632516096 2871126480265678004594987933917632548625715871358618665469893008011821056
17127146537043382727019460594718439822413791232 6719370929704730151528173586535589522351189158801921379210267387165692249127033540685117294106881573376 115794960363796461101575579999550537751251240057443525467433417920778537533440
22835963083295358096932877742646825839417622528 5039459845692634209408314703507246346895484699380110964332320043461697185166068502469000471056243228672 842498333351522484665075999207389338912965836527302313309802332160
22835963083295358096934086668466440468592328704 7839311652377763145411709155956503817547682767697190537054830831139847156590426659136797625735480082432 3242178498644853494357156979844018658391409913804944751131531271525483386241024
22835963083295358255388900539720597369211846656 2799861418691975731341468784807525503248298881777194608507383502610012792752911239982235043076337827840 6404820609844943796381208799350260030368150816949187629074554040614912000
22835963083295358334617063053984934962755796992 3919802141366027305742826565787228491509178109104026437596387817681272781322654502649353904948032569344 2779010141695588712662873039797552177916599456438656083736459479414401283391488
22835963083295358334617214169712386791402635264 9612006846795338074332358268032596100813460115035784872714931862821328553083314437888397100974080 231584178475474889180493492507898316236612618022057299534063198368850853756928
22835963083295358730759386782581141216943931392 6719370929703711571010351374976800829286803540370358707965826516068587168020683396469678763863785340928 1505303564905720385450219186359815411803164354591255118221612398915057449172992
22835963083336896709485492790740630762036396032 559979973343872582538753222848119526726540427123530950329374872467492815613424714647997319332948344832 3010594320171063579346233912679586636565742781116054110082348406928068143218688
22835963083627665095879106710872777604487708672 4479489484355608422207635813017394852765045085716695049787817885926067190881196871135441040120395857920 842498333388302377645857331807989667565502316426525894762970480640
22835984861366841195450562195695473002377379840 3079846599360488624941808230052451250313518688608902565779634581377827789895347055649014758544261513216 6404820609822446663761582935492672561074806157675999454803698856620982272
22836137307867222251252680030380146282268196864 6999356110372224464610690820221726576352023347202066665238077594836402165163119212136458479331709026304 115798494057926017870234746594552112791263689147729842848222751726627146694656
45671926166590716510777801079441194738423693312 146792870402867318330070769512742032263496052898561330838060476094186469312666273081795558326271154898092544 3357970587882169667283558565336790639590042634473205108312225725116616749875200
45671926166590716510777801079441194738423693312 3522885545992499531568958733339762741422119304708557018486261766738022858643765803882806106958353172946485248 1852673427797059126777135760185774578046908648032766939278242400755599915614208
57089907708238395242332194356617064598544056320 1614721854410846837090756252373930324294902381365509838621693063251103344463225324974493171044923610000015872 13058724166948598512308677987714202446152023028279140289907691356160
57089907708238395242333403282436679227718762496 733964631996847109331147649962500543830922608860414829607569221740982209132344991428665550265442971049542144 115792089237316196227047669618816087333975452267611437146616798177761454718976
57089907708238395559244088835037155829485666304 733964352012200470169809837787028552572815901235291336847476370434267226199919828779013972179258247531741696 578960446186580977921331609665282567808785909633900104541688590288843557568512
57089907708238395559244239950764607658132504576 1614721574426200197929418440198458333036795673740386345861600211944388361530800162324841592958738886482215424 231584178487691115014090568535541918225119431129296356725815036345448742780928
57089907708279933934112518571792851628766265344 1321135833621533622009548906061315072882135749572021342856892264774347983087173384476232386032245340165390848 3010594320183279805179786546336545127777357202159504685442362470657362375999488
57089907708570702241278423324843016363614142464 1321136113606180261170886718236787064140242457197144835616985116081062966019598547125883964118430063683191296 13058724166940936034604348543422410711016077676440589624057203261440
57089929486309878578533913005276369056195149824 534030370136002444170402186166090814378829335706502509166280090852884157490954863024381739680256 803469022129495137770981046190903324946010299484140440911872
57090081932810259396651996644350385041394630656 279985180669531473814619642393444272798439502322095799353815881263023278046807142532949209105257480704 115792089237316196227040007141111757889683660532475491794778247511910966624256
91343852333181432387730302044767688728495783936 17331160549995323848587739136 114634168344943034264770921950869131268434971321485750143401200065718624463519744
91343852333181432387730302044767688728495783936 849917640348756468527264584235289521656052992085311040565540688577953302496134823936 3473762677119485886811240059117323905948493951563950112861823186815645514727424
91343852333181433021555602158882389476847386624 12379400392853802748991242240 49674806282808647836711952569981155090762758835292378590268285744006614640230400
91343852333181433021555602158882389476847386624 607084028820540334662331845882349658325752137203793600403957634698538073211524874240 1505297160085110540506422805151016061543133986440438169033983324361016834260992
91343852333181433021555602158882389476847386624 559971429395728898898423642760853129169402420086928257093011361447833528802331698585301294556437807104 225935568409357844955102641439143997741753086402305931181668391964880404480
91343852333181433021555602158882389476847386624 559971429395728899019840448525402908710561718694251506716691739986912578406027013390361721709269090304 6846532376041146816821292164822703772088151849450413904315123685738414080
91343852333181433100783764673146727070391336960 559971429395728899626924477345943243372893564576601165042443877190706178809984648088899794920793964544 3010594320170221105116956119070857425473683494197661445466751394704563411877888
91343852333184029249213032086960992352915685376 559971429395728898898423642760853129169402420086928257093011361447833528814711098978155097305429049344 99349612565617296468859551929336468163584891679857325961780189067562743035756544
91343852333222971475652194409902422869671936000 559971429395728898898423642761294841778095349517781575051541312546153858325235486450654107066964115456 3010594320170221081012885455186003292344252108471195522386556524881098536124416
91343852333513739386677739938813255122740576256 2475880078570760549798248448 1314881174062932640471461749328158302426854684597498052608
91343852333513739386677739938813255122740576256 121416805764108066932466369176469931665150427440758720080791526939707614642304974848 39844884062513110317317022706914620634643847793363386368
91343853694355035312787075834374653377375174656 559971429395728898898423642760853129169402420086928257093011361447833528799855818506730534006639558656 99349612565617295673425220021136281770313655950901697608536953575009098282729472
91343874111252915961617263814857265110012919808 559971429395728899444799268699781142974194010811896267544718236029568098688797357679338372957336502272 6846532376017042746157407310689574340702425383527333709445300220862660608
91344026557753296542048895406681394542171652096 13617340432139183023890366464 3821364880399843011388465699824418526939025934537879998093198925377290484318208
91344026557753296542048895406681394542171652096 667792431702594368128565030470584624158327350924172960444353398168391880532677361664 115798935769692212466317142418927309693043316766955694182477393327991388372992
92057497957605895902146416244314978417494720512 559971429395728898898423642760853129169402420086928257093011361447833528810997278860298956480731676672 225935568408562410623194441252750726506024130773952687946175838320127377408
114179815416476790484664388713234129197088112640 1092751251876972602392197322588229384986353846966828480727123742457368531780744773632 1852673427797059126777135760185774578046908648032766939278242400755599915614208
182687704666362866043111204317764778953694773248 400759074225955816510177924100942800626269593285635398894694465172362778835664698157346420948992 2348542582773833227889480596789337027375682548908319870708787549208835869702849016732400472196896377955942400
365375409332725729550921208179070754913983135744 22979781054827871316242387800027271723687828256425766090236941926932890264486558677016290565881580014796800 587135645693458306972377919872903159760204315074707261752823479765528259279155363317376973454711854337097728
365375409332725729550926043882349213430681960448 43830537577053553371399287031592625005271115189743125027558872149187560686741086491058376243958251520 16019902769465105684729434668399224716724989484874167979784585006080491686760208343230166891233280
365375409332725729550926043882349213430681960448 50555518320621316895733253160059997792113222164136685398521272239252358581870429089435839244939476032552960 293567822846729153486185074598667128421960318613539983838598455069086025360535175557837814620573138306465792
365375409332725729550964729508576881564272558080 22979824885198248456858224581353389294073392034746098108636534362914217728687179901001038034369632555499520 7770675568902916283677847627294075626569627356208558085012201701344213565577724166144
365375409334054957546710959755253020490962305024 41363605898690168369236298040049089102638090861566378962426495468479202476075805618629323018586844026634240 3816381697023498898089863304791833201237599688845117485311027422906694372953520374006648409429426658655338496
365375409343359553517205370865579669912924717056 41363649729194305440202162515743937890815207834122597160606436002773187318964479256295465358985449701376000 16019902769457335009160531752115546869097695409247598352428376447995479485058864129664589167067136
548063113999088594326389065823523820146022940672 210112772749787038134434684463883661561930758024161863484219940176752959750971745039765971638102786048 9611941661679063410837660801039534830034993690924500787870750870725495433080967387711542436823040
548063113999088594326427751449751488279613538304 210112772749595693019226019053314378241802002653684349913748632281598973708918447405143309753922879488 1761406937080374933139341846950057093975003397832763457491654231664846073104012694533494701759411528145043456
548063113999088595594032412496835533867677908992 400758437403551593778382644133973534402009681774646129463072720099817221629868283309465905659904 1174271291386916626166971697752722837131082760605683489814457321526674022382942343417819072518265251532111872
548063113999088595594037248200113992384376733696 400758628748666802443793213417293663157380159288216600770967874085859274927502905971350085566464 293567822856341095147864138009504789222999853443574977529522955856956776231260670990918782008284680743288832
548063113999088598129333612953294336861084319744 400758309840141454668108931278426781898429363432265815257809284109122519431445201534876452388864 3639585206052172576002017865484466848922334891053140038773630293753416965503063705594194292783322234880
548063113999088614608837355101421912226864824320 210112772749468129609086908779601522695049499073366007533434427018162983014216248982061535164469608448 1908194488088945549832778986909201819209590993322900948090928731579352918260444144189651389228018182314262528
548063114000417823589822164073017799444657078272 400758564966961732888656356989520286905590000117026443668336156090511923828291365084055358930944 3816381697017090936982100574544648136119091032501309371743957464596849164492420414358073201114604767373426688
548063114009722418292668392806754276628265697280 210112772749723256429365129327027233788554506234002692294062837545034964403620645828225084343376150528 9611941661694604761975466633606890525289581842177640042583167986895519836483655814842697885155328
548063810897376052211306785944490357122381381632 400758341730993989445677359492313470024324443017860893809125143106796194981050971978523815706624 3639585206039950360144010948966856174791878622086831228411634676249592333886280640468585451240464318464
548068689185388247264622739030990074317241319424 210112772749500020461621686348029736581737624968445593128512978334021980687891798587831978811832926208 146787551008570616693452681310282531067154951185392078750527639169219262272601474059559375895737809617551360
730750818665451459101852087764698426861363920896 157516227976951628084178540890103716353619837760309092761437514932171926229437206238945416586570235904 1067993517964340378981962311226614981114999298991611198652305689225832708946540159253104075735040
730750818665451459101890773390926094994954518528 245177135931145777865670231781976017728050204541158022471620654629173956059676149494245518510395490304 4109949519854208177325141337117558423163386165406617792914695208710596782138709948623611678354710229948563456
730750818665451464172444817271059115814779092992 87661208392556227402175582452390236136316588295577526714924663013252122913448113654347703885427113984 8119074690424077284927578315311502970672900910810850855725790481071512135814054288348212024241427578880
730750818665451466707746017727517918808185503744 122725571574233887314772258809139156686088735007917098598997918892052934845543690956467744654957215744 3522813874160749870352771187920224166319465528179537825237498298572424731417639597507936049113563953335631872
730750818665451466707750853430796377324884328448 300438362077620683891560517934761886221514728597004741523316250093083209170399047601961601859584 293567822847797147004149414977649090733186933594654983137590066267738331049761008266784354779826242382200832
730750818665451479384300377042596518942205804544 210112772749468117953073555425227097178278057828818450587547398750373144127580572192125477740865388544 1908198967578429921737487912469651646245712743888920705801745683739540236355614455180234143245749640419606528
730750818666780694703535769303700184385164673024 17532482029200907576982229738892395036772294870898382946778151255650499049256959050107622346366910464 3816381697008546988838416934215068049294412824042898553654530853517055553543260800439535224920794010734297088
730750818676085283068131414747928883343606677504 139984046386112798127880202711729256078733764404139306819400886992771520263389417587885396201805185024 1067993518010964432395379808928682066878763752751028962789557037735905917945679621031941246025728
730751515563738918254417990262255136076076154880 96427299187975642380324751541577466273759624973662419685942976982952325896472007979877714077809639424 8119074690395558781258895510103744731035169616556130298214467373562587996008719103169239428056444043264
730756393851751112040085760972164681032582299648 218878863544887532931222724514414327315721094506903343558565712720073347110604466517655487933247913984 146792030498054972301873796194843667955711194476386548049597442001916575268263596498022076549714625597276160
1461501637330902928344889634542118231629558185984 4595956210965574263248477560005454344737565651285153218047388385386578052897311735403258113176316002959360 4256733431277572725549683581680673362118424619896329765659677507157895034546327657858346267230621776947970048
1461501637330902928344889634542118231629558185984 110159605399273122292057241216406687909393850221291519213508395766646637837771625894939095450283005093871616 2348542582773833227889480596789337027375682548908319870708787549208835869702849016732400472196896377955942400
1826877046663628647754630219411746067153409802240 50555527086528192092010360550588623001812026545746943281619804818044643761373751061634987444312421489967104 16553899528447275874220415824012532207282489134369973579110737850693408041233478422856718929100800
1826877046663628647754668905037973735287000399872 22979789820835066651627131169997855916013617662468309085684306050767563631991962012774119541849324502646784 146783911423364577761620238811037735990557600820993190039566636401706398696593154429634348044647003213266944
1826877046663628657895810842721188986543541321728 22979781054760991223503963813732632401936504906804242682004387563571298139151837767977170048151713994506240 733919557116822884733990388008371992834478238048073157716763546539878449417663505545309977285793279826198528
1826877046663628657895815678424467445060240146432 50555518320454116663887193194323399487734913790082876877939886330848378268533626816838037950614810981826560 293567822863283053014632350472887544245972850820822472972968428648196763211228583599071293043429857235566592
1826877046664957885891600594297371252120520491008 41363605898556408183759450067459810459135444162323332145961386741756018225406363800551081983127111986053120 3816381697024032894848843532312431956664142076873768161441616586099181473658612037310696343455661816262164480
1826877046674262471720909546394976523635652558848 41363614664630483611882617423725033973212556917987398549641305228952283718246488045348031476824722494193664 16553899528437562529759287178657934897748371539836761544915477153087142789106798155899746773893120
1826877743561916114513085216168843809798244794368 16720023184605996573659830437830837405380852058138590840398031333680227259780129432466505072640 1018517988167243043134222844204689080525734196832968125318719301398588760467403461904826368
1826882621849928300692863892619212321324628180992 8766090795451307773352838883344514943593069447255738057078036663524173804472056729623130077013213184 146783911423364577761610525466576607345203003511459072445033424367511137998986889177507667777690031058059264
2923003274661805836407369665432566039311865085952 21454937572122444017016858380104328570662347710570430464 4541127259660341624499877719431886592102931949208141759368905819207216736505787868680026755340545687275189248
2923003274661805836407369665432566039311865085952 27197364491160206992872466696237277632873736399291509624068816579176517467321743179776 4403517342700937332848366273388496089311934011353349584842575342259297162415726233079477686016873080926765056
2923003274661805856689779269084236463259116371968 15324955408658888583583470271503091836187391221836021760 1967821812519481356962084328169190595203452760706385204168105266815689763097652541941416900773099721088565248
2923003274661805856689779269084236463259116371968 19426688922257290709194619068740912594909811713779649731477726127983226762372673699840 1908190848503739497660202984891336334742742070988009894950889957949059164843478641125945795033725398992027648
2923003274661805856689779269084236463259116371968 17532215030821417463221930347044104685010890543473547437477736070470003409160954742358556905832448000 8950229965844645541466500664400503813575837965258082354964960850105870808637141195590284386383083601920
2923003274661805856689779269084236463259116371968 17532215030821421348559714812637050002108446075897250011023548859675024274696434596423350497583300608 8679010875970565373543273371539882485891721663280564707844810526264345515122217935362703453900400230400
2923003274661805859225080469540695266252522782720 17532215030821440775248637069927759196727514816809844920835262639324755752422562579650112870257000448 3816381697007479025875996124191161832468013374126269617165378432121125111694655881963802056775726804313833472
2923003274661808455373509736954509531535047131136 17532215030821417463221930347044104685010890558798502846136624654053473680664046578545948127668469760 3935643625038962745434621003072135639732638792067715542701796506340850655552664009621129247410361157709476864
2923003274663135087220870221116877531829501952000 17532215030821417463221930361178908163184632327714731029061206103745077979151208999777998023048560640 3816381697007478995320456479173870538441328047985597201393352527132081352133077473831439356868323695520645120
2923003274672439660373687678042024163927698440192 3064991081731777716716694054300618367237478244367204352 52087809672802360714028072376705600684349533372085490913597413259006347664828619830272
2923003274672439660373687678042024163927698440192 3885337784451458141838923813748182518981962342755929946295545225596645352474534739968 50509391197868955843906009577411491572702577815355627552579309849811568561626032373760
2923003276024267151058005102541349762337205190656 17532215030821417463221930347044104685010890540408556355745958353753309354860336375121078661465243648 3935643625038962713924220744148053992767619549485147113936894791820899278504786293565790763126175542301176832
2923003971560093310771752442075432483520413433856 17532215030821434947241960392740546438341794194536066447891748505429836309104724184682084158454890496 8679010875940009833898256080245855800565580990864792681939821482504783936714085572662796050791607042048
2923008849848105489345564653013804625349492867072 16857450949524777441941817298653401019806130344019623936 151379858885310532901455386666520491631367622540503383484230578657490249061211885850581482982746900066729984
2923008849848105489345564653013804625349492867072 21369357814483019780114080975615003854400792885157614704625498740781549438609941069824 146792590434240516752926435555413810066780724887760856711981167356025517464204301864491570106337360760274944
2923717595406446290712281594504890196827895234560 17532215030821417463221930347044104685010890554201016223538958078978432599213119027689730761117663232 8950229965813135141207576582753538794333255396829317453250440898728822930921085857106000200767675301888
3653754093327257295509260438823492134306819604480 34968040060063123276550314323733642670837661084803369516659907030369808172270812659712 2348542582773833227889480596789337027375682548908319870708787549208835869702849016732400472196896377955942400
11692013098647223345629478661730264157247460343808 20035004518452836438941991778190655789481059866185298814803464719629977888115532501513 45671926166590716510777801079441194738423693312
11692013098647223386194297869033605005142499786752 13902283896951260611822206839177323584009233129949336315677515452937 51380916937414556035010944957239175283954679808
11692013098647223589018393905550309244617697001472 111216362020225673977170057113408631019640132508633505639344619126784 316912650057057350374175801344
11692013098647223670148032320156990940407775887360 45856381215124321167074462846512639426651312585623805125852720915038554644545536 68507889249886074607710376590633116920547639296
11692013098647223994666585978583717723568091430912 20034958662071621189502178786550874687849369262286758587348973228326220894538753376256 57089907708238395559244088835037155829485666304
11703431080188871024677944949485860118338522316800 578960446188687226968571179424873588674928562827487228411176042179049871116805 22835963083295358096932877742646825839417624576
11703431080188871024678099843106498242701531547648 1273712981615111899330856594734721895084842838220471902504587292793909716456971 11417981541647679048466287755595961091061972992
11703431080188871024678099843106498242701531547648 303542014411374448852898246518308124059200946347697624009238664801969698828087459840 290768624079008157294092719614868480
11703431080188871024679338992071603237605605394432 303542593371820633327633548347200081016068513929443158740663259956047427702829877765 302231454903657293678592
11703431080231447858918085429660448875551089756160 1042128803139637008543428122964772459614871413089477011140116875922289768010249 57089907708529163866410144703818994517631054848
11703431080529485698597984535538103305497997215744 303543056540177587647408456597973595248316339749747254935089041714452731082829730313 290768624078705925839189062321189888
12057388507979949075180399869909334912161443479552 18526734278037991262994277742063663906499158582428317091338826303607542151905280 22835963083295358096932877742646825839417688064
12057388507979949075180559448117524043212504696832 40758815411683580778587411032540060594298148881342297600945417867936592734191616 11417981541647679048466287755595961091061972992
12057388507979949075180559448117524043212504696832 9713344461163982363292743888831074222210630854864177511183850565065791059738115440640 290768624079008157424978583785799680
12057388507979949075181836073783037091620994435072 9713362987898260266484273547355617312539461915521575210231493763450344967591365181440 302231454903657293742080
12057388508023813599041461671923350239151709489152 33348121700468384273389699935714595031698485448370970764409887346493575873429504 57089907708529163866410144703949880381801922560
12057388508330865266067777238564133610726143035392 9713377809285682804717070611380370142138647465649388936300725346864787613376208437248 290768624078705925970074926492057600
17538019647992102666376776646561857430310652739584 2003499687572263371896129644601664444369501706278727299296865543020612744136559170057 5708990770823839524233143877797980545530986496
17555146620283306537017149764659747364052297321472 1457001669174597344383939617796610367435411594647048798443427834685889168891466224650 41538374868429736758229074071004160
17555146620283306537018388913624852358956371168256 1457001669174597344383934796982477590464584968760771774955620268076907820512960317444 68507889249886074766167306082071599425444122624
17555146620283306577621350712789263194199594893312 10109983214057578440980681741556546184939134202858702246005971093508 45671926166590716669234730570879677243320176640
17555146620283306577621505606409901318562604124160 10109988034871711217951508367442823208426941769467683594384477000714 11417981541689217423334717492354190165132977152
17555146620283306658830217289910209227583217729536 10109980000181489923000130657632361502613929158452714680420300488704 141557464639625383858065785577809997987840
17555146620283307186689321530592420626025353858048 1457001669174597344383931583106389072484033884836587092630415223670920254927289712640 74217021578174553440414728477159324901900812288
17555146620325883411861491192963851951412162332672 10109986427933666958961232825480730867264339247264689811591641698312 57089907708279933617200472977647841843968226304
17555146620623921210937034457091352426848762989568 1457001669174597344383938010858566108445136052684956457280825312482895386098630922248 41538374869034199668036388658361344
17555168942806576672393420487579604656757242068992 10109980803650512052495268428613407673195230419554211571816718139905 141557464639150014882980199552245513060352
17555325200469467295194947111947584059417548573696 1457001669174597344383932386575411201979171655817633263211716484772417146323707363841 5709132328288478674248026857997532791044046848
18086082761969923612770839172176286064818757045248 46624053413587115020286067770668512278565281531628594218354332968430673314768475914240 41538374868429736836760592573562880
18086082761969923612772115797841799113227246783488 46624053413587115020285913504616263415498829503267725572284162448279755756003408216064 68507889249886074766167306082071599525302239232
18086082761969923654603069612395572617633907867648 323519462849842510111381815737976423473961176321525918366665006907392 45671926166590716669234730570879677343178293248
18086082761969923654603229190603761748684969084928 323519617115894758974448267766337292120031346841676835925430074605568 11417981541689217423334717492432721683635535872
18086082761969923738268009227458713116417393164288 323519360005807677536004181052402511043247729308091973327488295108608 141557464639625383887801937024737974681600
18086082761969924282091632718346923103495129156608 46624053413587115020285810660581430840121194817693813141570715434845810716826696417280 74217021578174553440414758213310771829877506048
18086082762013788178464131414409587944624173877248 323519565693877342686759450423550335904674623334959863405841718706176 57089907708279933617200472977726373362470912000
18086082762320839803658056962622895632332395383808 46624053413587115020286016348651095990876464188841638002997609461713700795180120014848 41538374869034199746567907161047040
18086105759613409722973123936463329690219549032448 323519385716816385679848589723795989150926091061450459587282473058304 141557464639150014912716350999073631764480
18086266743117812159732550390383855693912376101888 46624053413587115020285836371590138983965603489087291249249077188204296976620874366976 5709132328288478674248056594148979619162750976
23384026197294446691258957323460528314494920687616 109330132520362646546517252944765220637547035861287081383701334386393743360 45672013279042801453584912130396322779445067776
23384026197422052578854309247259295481131694030848 16027997500643705054679345589356814989315275182602388963457964062033937867648805109760 166153499473114484112975882535043072
23384026197592193762315861676525359744387928569856 30570949964747814087415312410950154869455242192618886382953971761835091261652992 68507889250052227790270841017688742428906881024
23384026197762334945775247710722674592163089612800 16027966929671874280361185644735100588571452683232686937399323691785435765680264708096 57090016598761963442113617120604418646906765312
23384093099530042283128381931500789975117497106432 16027966929744761035374972870808824414691029230325491367132818693925812753724027703304 87112285931760246646623899502532662132736
23384104249902641548439952699507500251887926509568 7288675501569638145813474352717414710276208216722753310156187411926749192 51381004049700487478344941524081327442441011200
23384271505491630528114752159647439783719266697216 16027966929671874280361185644735100588571452683232686937399323691785435765680264708096 21778071482940062417234612134776399724544
23406862160377742049356199686212996485403063095296 1092751251880948008287948687329791804363025413627440319472811115521735286438661980160 41538374868429736755977274257310720
23406862160377742049357438835178101480307136942080 1092751251883156567118921667741770926238954061772224674343905639219388704313940377600 68507889249886074766167306082071599429739098112
23406862160377742211773623053213612303444290306048 2208566413457980548096564126026641369055481831541392537189428190501666816 141557464639625383859246377198531704258560
23406862160377742292982489630334558336827913142272 3091989945847172712888212876398100626969223779979202016250795340613025792 45671926166590716669234730570879677247615152128
23406862160377742292982644523955196461190922373120 7582485000136117442250097993224271126960446868839536010315223269376 11417981541689217423334717492351938365319283712
23406862160377742699028371452145669747376119631872 1092751251882273143586532475576979277488582602514310932395467829740327337163829018624 74217021578174553440414729657750945623607083008
23406862160420319127222630110509147094040480581632 441719348679596218513266625283722853227997934665773579066693890278948864 57089907708279933617200472977645590044154541056
23406862160718356723276084378644601548199528763392 1092751251880506296521754091247395979987839683998483448498592210782204602863606300672 41538374869034199665784588844676096
23406884482901012225336826250883007732618314645504 2429422296555278589294476313619506183533917318650844906954769978029506560 141557464639150014884160791172962924363776
23407040740563902807533997033500833180768314347520 1092751251882493999469629773618177189676175467328789367882577282110092678951356858368 5709132328288478674248028038589153508455350272
24114777015959898150361118896235048086425009393664 34968040060190336265214357995436061157469483054957510965711763641031911264954299187200 41538374868429736764702998535372800
24114777015959898150362395521900561134833499131904 34968040060261010147805493368619393057500983964096850186138419565098461760092310077440 68507889249886074766167306082071599662741454848
24114777015959898317690678969944950821889857552384 70674125230655377539090052034636698441139426112716347893474002812964700160 141557464639625383925580868887832575344640
24114777015959898401355618585008091320673342849024 98943678267109526812422812047237062096875114283378717520094200868169056256 45671926166590716669234730570879677480617508864
24114777015959898401355778163216280451724404066304 242639520004355758152003135789301800205686060423826923507674953809920 11417981541689217423334717492360664089597345792
24114777015959898819681912442405685125101381505024 34968040060232740594769039219346060297488383600441114497967757195471841562037105721344 74217021578174553440414795992242634924478169088
24114777016003762925216680387022106647663608858624 14135019157747078992424532009435971129668049771391608640233606702555987968 57089907708279933617200472977654315768432984064
24114777016310814341248336686681657653938647732224 34968040060176201488696130920799394777463182873129643121626432456218601165926697009152 41538374869034199674510313123119104
24114800013603384302395793678949567395692013420544 77741513489768914857423242037786789355073348155381940300129052326765789184 141557464639150014950495282862030793474048
24114960997107786697322830114442617715518628450304 34968040060239807983028152756664393487491533691355048420010422787878496611550906810368 5709132328288478674248094373080842576324460544
29230110799226253261819511237675973178406696124416 212128376045657489733066667773072492636947884576098452833832968 51380916937414555718098294900181824909778878464
46813724320755484423547246106427224606888580612096 115792089237737445393714235884974717734985712565497445682235208435809974223361 74216880020709913815030870411373747091902824448
48229554031919796635381357939889901643779715104768 3705346855607598252598855548412732781299831716485663418267765260721508430381056 74216880020709913815030870411373747091902824448
58460065493236116728147393308651320786237301719040 8014029321209863533392327441135814830222006621515996983206954112813588061989791336452 22835963083295358096932575511191922182123945984
58517155400944355123390499215532491213507657738240 60709676595256499827480945379290103082292235485735288153773047306360479501002998273 311537811513223025672081356743523840
58517155400944355123391738364497596208411731585024 60708981842721075930308403953380050954845115865827294310388810117269883124740784641 5708990770823839563847602924248778914188495360
58517155400944355448225191055913084725227102928896 578960446187002227087998175919726349148065651228059701840361268833394149032449 28544953854119197660780178435440701096312441344
58517155400944355448225345949533722849590112159744 1273712981610899399629424085971853796267685559221903086077550359429770411246081 11417981541959216859979510781268042447805496832
58517155400986932282465331536087673482439670368256 1042128803136267008782282115954477980561145589890621957998487329230978323841537 57089907708549933053844284014333257240436290560
58517155401284969797310383907964096276304123406336 60709445011078025195090098237320085706476528945765956872644968243330280708915593729 311537811512845236353451785126425600
58517177723467625542997260830703426187784750104576 421249970143250876286809881715727899856881642703693336413930521089 39614081257132168797040410624
58517333981130515881568296562820327908872908990464 60708402882274889349331286098455007515305849515903966107568612459694386144522273281 5708990770823839563847225134930149342571397120
60286942539899745375902797240587620216062523484160 1942709651048207994479390252186327178056543228985514092627415756316063910971895185408 311537811513223025807330083053486080
60286942539899745375904073866253133264471013222400 1942687418967074429769868926557204948727352721456794662278745554140466960499721895936 5708990770823839563847602924248778922510073856
60286942539899745710561757809799236555941158584320 18526734277984071266815941629898952241638184196105895865069215658688489879240704 28544953854119197660780178435440701104634019840
60286942539899745710561917388007425686992219801600 40758815411548780788141570752128281432145712915536244535271391255638962052530176 11417981541959216859979510781403291174115459072
60286942539943610234422819611813251882931424593920 33348121700360544281033027711385171701976536675726128311870666056655471328100352 57089907708549933053844284014468505966746173440
60286942540250661566790015031034229783576161822720 1942702240354496806242883143643286434946813059809274282511192355590864927481170755584 311537811512845236488700511436308480
60286965537543231778931812133866993628526799749120 13479999044584028041177916215243596580605306567402661229763068166144 39614081257132168805361909760
60287126521047633922864508458795189845156142540800 1942668892232796459178601155199603090953027298516195136988187052327469501772910821376 5708990770823839563847225134930149350892896256
64306072042559728400962132639516452864861031890944 106064188022828744866533333886536246318473942288049226416916484 28545008299401750908490947870816331308770263040
64306072042559728400962983723293461563800025050112 3821365101255726082172029167460337866507884022509498754966533680184906861248512 54445282553287325228481826428581115330560
64306072042580996048894691293482914059300494114816 3821365101255726188236217190289082733041217909045745073440475968234133278164996 5708990770927685461403915988232316386438807552
64306161245540522523455549867347143777963460275200 3821365101255726188236217190289082733041217909045745073440475968234133278164996 54445178707350154456371392092740207509504
70152078592181087469351246784338768448797548740608 30570920810045808657376233339682702932063072180075990039732269441479254889988096 130668678127889580548356383428594676793344
70152078592181087469352329981873143156538085488640 30570920810045808657376233339682702932063072180075990039732269441479254889988096 68508019918564202180378274889959195141048631296
93627448641510968197423559595886880946708178534400 849917640348756468527264584235289521656052992085311040548210585838050141448074952704 79925870791533753893861907467659349943528731648
93627448641510968847094492212854449213777161224192 121416805764549779541159298607323249623680378539079049603695465920787879531234983936 163335536122644673683564190364348627025920
93627448641510968847094492212854449213777161224192 607084028820540334662331845882349658325752137203793600391578989884321529605767823360 74216880020709913815030870411373747091902824448
93627448641510968928303358789975395247160784060416 728500834585090114203491144489672907949432515742872649995274455805109409137002807296 57089907708238395796929331956467427761404785664
93627448641553545762543499270149984004373351499776 441712608692929430853317958529951098320329525379667943923573610081419264 57089907708238395242332194356617064598544069632
93627448641851582871344683437283591004408718049280 121416805764108066932466369176469931665150427440758720078315797976864305921153564672 755578637259143234204672
93627470964034238860657695410523844642951185563648 546375625938928013804791590724968010451706874581734569877800758839812950255272460288 163335536122090076545964340001185766309888
93627627221697128955600117794209612647169355939840 667792431702594368128565030470584624158327350924172960430736888872753682566344605696 5709154106359961614309689842137981731297296384
96459108063839592601443198959274679297291547836416 27197364491160206992872466696215864599476559506922963501740235891872594694509044957184 79925870791533753893861907467659350193174118400
96459108063839593270762715879779803287559430209536 3885337784465592945317097555532429688884252341945671004473540226026316423895246176256 163335536122644673754473474583946109911040
96459108063839593270762715879779803287559430209536 19426688922257290709194619068725617571054685362087831072671597065623281924649317826560 74216880020709913815030870411373747091902824448
96459108063839593354427655494842943786342915506176 23312026706722883654511716624258047259938937704033502077145137291649598348544564002816 57089907708238395796929331956467428011050172416
96459108063883457878288717296856959113333181515776 14134803478173741787306174673315269528104789939220812901660038965382610944 57089907708238395242332194356617064598544482304
96459108064190508792331693375386801913213675913216 3885337784451458141838923813745123514210937072417566214534319413124656384929863565312 755578637259143234617344
96459131061483079255467830588784419861361586077696 17484020030045696441753330903640361988622532095407152755343658171962613771149768654848 163335536122090076616873624220533604220928
96459292044987481148403633551816735877976677154816 21369357814483019780114080975598179328160153898296614179938756772185610117114249609216 5709154106359961614309760751422201079135207424
105228117887825010110666545895611662795502042234880 20034966304801823673150305657646802528605021266369589119559609271206348879129529549826 11417981541647679048466287755595961091061972992
111074124437510172447370651720720803365642362159104 2003495866207162116169808828149445619355685498393460083243894010116784448470259859456 62307562302417931542365955950641152
111074336294228007824399891878565004752489031925760 53032094011414372433266666943268123159236971144024613208458242 17126972312533826135001849564936307592543600640
111074336294249275472332450532531465946928494149632 2003495866207162116169861860243457033728118765060403351367053247087928473083468317698 5708990770886147086535561809340346501481627648
116920130986940122359848184321418241416463403450368 16027966929657296929358470625195564954845483987147680665951152080934275587762078875648 57089907708238395242331438777979805455309864960
151996170282413903493183222602493434044216984469504 8013983464828648464679235312597782477422741993573840332975576040467137793881039437824 34253944624943037145399316613970238759126433792
151996170282413903493184460542532719424491883610112 8013991107558850976131399656656117398098475009341885351973085973534498163694761934848 11417981541647679048466741102778316577002487808
151996170282413903817703633170979088897789648723968 7642730202511452164344058334920675733015768045018997509933067360369813722497024 453347182355485940514816
187072209578355573530071658587684226515959365500928 2202871202731286737661833564758332286802213921361282800320160702192326310195020534670350916583424 3229246051314020704644362484641619043333768357574275677688701091447292356971427210660571595576813258518036480
187072209578355573530071658587684226515959365500928 15970294737597240746790635338090911782213180073759609521046306804058403073514840468138194444435456 1174271291386916622092899745084677001308089913356743500028613709513103690668384648491979655958809999415705600
187072209578355573530076610347841368037058962063360 2202888008278091497172045279435261664172042595975530544294228450675552037499170308981332950450176 3522813874160749866278707005929599906840553417917857800291449770286370380815194044876808466773620493045989376
187072209578355573530076610347841368037058962063360 13767398326048423633453697559161803181209402300376498953967696761700774195470435774988837101518848 1321055202810281198835992282384126357608307388858937062932924547958774635139154284204603453419143793563664384
187072209579036138263925914915003838540771148070912 8403270725616164892499493846936831735177407580022784381591682076840545234384168024392466432 8148159446689082150906350109339194996794127001947736134902227562790989276276139646232035328
187072566390278750020064206084606092217561290932224 16805546804759510211714676929377369828674614247743974067748483225727304149774310982033866752 16296326664053733204728983896526017293793862736986383911795927612713150096217158515758727168
187077918569126398667709720446526063797942930636800 12816207401059470558831994461569072248705595179815486001554686424036691944958969664289377731608576 61138223117302951183645480086130561075547985385081308996181999224934797215268864
187254897283021937694188984425708898427554322448384 400759074225955816510177923777422823556252920297365409728848645699284578511624339621802917494784 2421934538485515516261026865439003809481172628561704866668437160121611990631063048505287986953049389767065600
374144419156711149656291746442782267297201255350272 2724697161112499042006215193507196354489420334187473162727613761286499550032648987104488781811043242034167808 293567822846729153486185074598898712600434951004387125808621676891341888941539271425247594920667588295917568
374155837138252794739191783463124048993009792974848 733964352014336591650353847563131200871291577265838083010877506882257418000503878180566616309752665001246720 15284555779325737795911572310944057402179382943436013129238142178817300915879936
374155837138252794739196735374396917965938036375552 1399928573489322247246059106902132822923506050217320642732528403619583822005829246463253236391094517760 417036675009003629909212619607637452034982295369478000646292043694080
374155837138252794739196735374396917965938036375552 1614721574431540501630778464638888641916841469984843782623930515140966319601108531997246555881455863002742784 7642277889662868897955685010766331552425039820814212090810505499077940713881600
374155837138252794739196736583322737580567211081728 733965751937569787457042604898476745787380474984875770790685620935993331782298437994353516054058575635496960 202289411394297329303301807588947617131180661419488116736
374155837138253127046195681603365143917703106461696 1321137233553311295589772473927990792257800957427156260832055321221533430824323497351174459909005092004708352 417036675008801340497818322278334150227393347752346819984872555577344
374155837139613965745255357506871462654034252464128 1321135833625805864970636925613636161568324839078508549419579512388063352400906980725019909357554797002244096 99349612566034332348432706480460037159951518639379762797986873540309373340254208
374509794566043872789694238383547523786832714137600 22979781054827871316242387781500537445649836993431488348173306565387585905101997992499691483630675962101760 605483634621378879065264729868931383502710699920791863682599212794577171028649027891892574417458292303333376
374509794566043872789699194979407943766449009524736 43830537577053543658054825867610261712527226358683868593694340176175008522902386855896392264581120000 16520524731010890237377229501786700489122645406276485729152853278433987549502459942869778164628480
374509794566043872789699194979407943766449009524736 50555518320621316895733253119301182380429641385549274365981274443852688991224395583499321263987487116623872 302741817310689439532628358179875476185146578570213108333554656433183040476561929529448753965092264782856192
374509794566043872789699233665034171434582600122368 22979824885198248456848511218365491033806907761198742506289800212275441333787850484532140398614584859033600 8013509180431132417542780365647015489899928211090075525168832995066487273762737620992
374509794566054506613665474306391174222931252281344 41363649729194305440192449137934652208010490763511216805430125502547366654927585206815419170645810176065536 16520524731002876728196798369369157708756998390786585800941763202908818716507393455596015427007488
374509794567406331485378733749134364017634872197120 41363605898690168369236298006700967402169706588176679026711951817697654629183596386499444670535216731783168 3935643625055483238655171533066577988776274679121527406726997028088468956216781514869039150234106729108354048
561216628735066723186363405030466493813160620851200 2202873303548968141703056689631794021010147715713177806016256100112845520331329130712357014700032 293567822846729157560257027267870885137326327826357324000076444774298314401179931863061649459542810590969856
561217342360274203037839258769335653705311160631296 2202867001095923929579387315011408818386346332657492788927969906351287889922403342586338720350208 587135645693458311046442101866769597737761278830744449808698121665640203342719203288309244380210398886887424
561218412800807705115756410492070754819330854092800 6302453044212123669374620385202623801383055685017088286193761557630408925788126018294349824 4074071952668972172536891376821970198191454767882956425459640660437814054538875222295052288
561233755707379192108795103061595376948907054563328 6719370929713897371453318065759172608370128139124686898015762091492103738459386381028979111574657728512 250222005005402177945527571764582338298189798246529182161217528299520
561233755707379192108795104270521196563536229269504 6719370929707785890531887300160385654768213894525902417492651184729407236763340567260066342056075788288 45853667337977213705908247406700852466517339820082955311514635198692240501374976
561233755707379192109428929570635311264284580872192 6719370929703711569917600123094527685700271064793379430477243913554276235632643358080791162377021161472 49674901029982496922259836967863048925415518907045837819907610471983102421893120
561233755707379193406901503909650112790952723611648 12816187030451045595766238456034497030850574245081321266793506203911966412699392282416049209540608 30569111558651475909996877385168189361667260178454531129893624200536359073611776
561233755707379193406906455820922981763880967012352 12816193141931967026531837242988098945095173029561844377700268900413662458513161195185567791480832 7642277889913090902961087188711859124189622159112401889057034681239158242181120
561233755707379196003129161339578191393828791910400 12816182956130431308589172598065429088020841722094305859522331072910835715490213007236370154913792 94747173849085547884397881893834652760071753459229639324727976487781662720
561233755707379524415794049290563602900672124649472 6719370929711860211146174477226243623836156724258425404508058455904538237894037776439341521735130415104 250222005005806756768316166423188941913367693480791543484056504532992
561233755708740364412965077953397526451977183100928 12816191104771659882943304314003564973680306768068336674064681334913097109908571557595728264167424 99349612565867517678429711896730535004096373431065737143715318263808557289209856
561233755881603763972949422863883110269349905137664 6719370929704730150071171917360992177967256772226510177231095731348058985915317660375609957296784818176 3821233692005283216351994139984985053556785690578060403627237634613700896751616
561234469353003620466009752153663623982769439244288 12816183974710584880383439062557696073728274852841059711340124855661118389792507826031289918570496 94747173848767374151634601819277344265780170954358221984885074730539810816
561764691849065809184548792469111915649673514287104 210112772749786991510381270876768641275862987355673530161764525173856522725325459385307890168792875008 9912314838606534142426337701072020293473587243765891437491711834137592950726318347495309200860160
561764691849065809184548831154738143317807104884736 210112772749595646395172605466199357955888498037444879657745245639571182515758194358809774269048815616 1816450903864136649799946279667246378161722254015037315538268424263500973829573254794938096124655659676340224
561764691849065809204831240758389813741754356170752 210112772749468082985033495192486502409238838491959112655065725950047622376046684341144363669219442688 1967825565841725098265053330250114376059890711864241602718770252121925772638128228682618719436815803600601088
561764691849065810483883222809256422214387036585984 400758437403551593778382643810454071552167171663264313725096462779513974747855006593870521696256 1210967269242757770734689563307495425791429096874611098871159111397134892876449395736040588194471130110627840
561764691849065810483888179405116842194003331973120 400758628748666802443793213093774046041485400313768333004630748119723542012881504709770265755648 302741817320601754371234892322301813886218598863686695577320547870674752310699522480175072312587573983716352
561764691849065813082566953277126695282662967345152 400758309840141454668108930954907421892621685896261634205406939219374263237837341183270692323328 3753322243741302969002080923780856437951157856398550664985306236009540475686741201818663716082512035840
561764691849076443008515071796095146106155757043712 210112772749723209805311715739912213502538157582930646660424765329094742655469704376475184868878188544 9912314838622561160787199965907105854204881274745691293913891985187930616716451322042834676102144
561764691850428269179567718174843262445189194645504 400758564966961732888656356666000721211712657430266993244785986339653686257872672004470351069184 3935643625048875028762791217499168390372812627266975289610956133581441084999060626769248208100553548357448704
561764697424252108837487026142319381903844732665856 210112772749499973837568272760914716295901253378330554405735605872428512410974561845560716319176785920 151374661977588448465123077601228860163003543409935581211481627714846978959605311553670756286707669399502848
561765406169810453516589455602547349016231746207744 400758341730993989445677359168794084307508057338012304085329320109409191115341757535920649666560 3753322243728698808898511291122070430254124829027044704299498255458721324346788946379304161537008074752
748288838313422294120286634350736906063837462003712 2309877874275161722230494792000033035965918264805328473628512828462020753039053852162497882707380404224 2054978119544217345183683311024684016056623813488502425201055109428283310562877507351399772323639137801338880
748288838313422294120286634350736906063837462003712 4908217075972639573307626432136958402524106357303285446127556858993140901048367901115490864823105748992 2348547062263317599794189522351639531373295488170740927700457199726445805634196200353478308626234783289049088
748289551937268647100227163503166363777144943804416 288743545230918389032901728464542078898212519256820780396240135274526044246719808394268383910354223104 2495330973686682176537282059651088887673512963672934490604768038172116750104965836066102106086568577437007872
748289551937268647100227163503166363777144943804416 3464814608545741487421812608612734542540059010861660052949980314723124778270690855840404237722350256128 587139005310571577752757938030190453054449058466566796157946724971573865855181150225161797720301196321751040
748290622375760435505505464939517583235357331161088 1154936734270579765191317816612701506574140746056331579321467486261104025231637003677906355014969851904 3359617113270780387788832393027853579156457792544540703371188890087972102607374666607878966019729915904
748293120056500411999939712785627935385881545932800 4619473530741721184274724703672416323625893838046464665731316723718614856801648092721222480912751525888 4479489484371904708925560449830569815880135643921231483875939563027283314416681799594028582805417492480
748311674276505589478393470748793835931876072751104 5039459845692634208315563451626298338607536012050319159969294629834256865693257538062992636995983900672 27802445000600241993947507973842518956132082853824803080845752565760
748311674276505589478393471957719655546505247457280 7839311652377763144318957904073347250428761099955419610815876769367622482246521171033136376548721426432 106991890455280165313786180334850423474460530801170659433545905669159681131937792
748311674276505589479027297257833770247253599059968 6719370929703711569917600123094527685700271064793379430477243913554276235625215717845078880727626416128 49675017641888772719857233149871533644813922115801325630101109761940658323456000
748311674276505594670838881786104255191771722547200 2799861418691975731341468784805316936834840901229098044381356861240957310921369847445045617634616279040 211359080124883145280579890378554051163280508947039832824017934043683225600
748311674276505597267066539216032333794647790845952 3919802141366027305742826565784136501563330936391138224719989717054303557542675300633103113455711289344 91707334675954427517874810313317760369610451159542235251924894671003799704174592
748311674276505597267071491127305202767576034246656 9612006846795338074332358268025013615813323997593534774721707591694368106214474901878081878753280 7642277889690671342956285252760279060398882339770344173664330302158786466447360
748311674276505921785392416977762061883641142837248 4479489484355608421114884561136888556243290994469299069799978201927583742382604811468963889085436395520 27802445001813978462313291949662329801665767347686067434733506560000
748311674277866768273130113259779747455672250335232 559979973343872582538753222847677807377860830905017683704091149614264817678758941068930625992426258432 99349612565645098118425719118424532129622846818954035217582212787759234291236864
748311674450730161342547790551081569252318923325440 6999356110372224463517939568339232576882393573583889475561902127507612797280542081142093254682900168704 3821350303911558589717746637620037029877196510557508877231064582069662160781312
748312387922130019133719472600189687780712369881088 3079846599360488624941808230050021828016963410019608089466015075194293872576696210742059991589890031616 211359080124140739904132236871253664676600150402831825811832530691803840512
748403018128838770910781202259764423235233743241216 22282920707136844948184236032 61138223117302951183645480086130561075547985385081308996181999224934797215268864
749019589132087745579398389958815887532898019049472 157516227976951593116138480699767451139261842324253921602660989131085405750810032758257537965132611584 1101368315400726015825148633452446699274843027085099048610190240716065766462690265895744827294720
749019589132087745579398428644442115201031609647104 245177135931145742897630171520965869922556835921770951281343328579105629854701360226881522916774641664 4238385442349652182866552003902482123887241983075574598943279431841931392521604798075371228238557450206195712
749019589132087745599680838248093785624978860933120 210112772749468082985033495192486502409238838482764139409870392799897540213144829239431928936117829632 1967830185315255856791784409734328260190891267135449477858050234037118944423772611891658365109222091478007808
749019589132087750776755937702835593710217289793536 87661208392556227402175582381716110905661210756487474680288073462511649875908352661776323208923840512 8372795774499829700081565137664987438506429064273689944967221429181326120069950241464336122370389442560
749019589132087753375439668170705866778493220552704 122725571574233887314772258710195478418979208195494286551761009241719739517464883649225917189580652544 3632901807728273303801295287542731171516948825935148382276170118975565311568480939016473720308372920640483328
749019589132087753375444624766566286758109515939840 300438362077620683891560517692122366217158970445001605734014491425772017025193152338257281810432 302741817311790807848029084195700624818599025269487951360639755481793230717277995295911444230988009610150912
749019589132098379403364669285799117989380261806080 139984046386112763159840142535527767382602843604750515666924521241481360930031767264532740974804205568 1101368315448807070907735427957703381468725120024498617876730693867078763224163369923692078314496
749019589133450212071124163536292707009295378612224 17532482029200907576982229724757375879025215878473850937342201904095470592795290686877135247610216448 3935643625040064082239617463409288925834863224794239133456234940905403923707739774915755920148434405759661056
749019594707274045232336623632023353787069237428224 218878863544887497963182664274606344287568337842515842377738626744699562623533961986294327431282032640 151379281451119190186307352325932532579327169303773627676147361886066082986381875318336596927741978289897472
749020303452832391210778440028256247443786068656128 96427299187975642380324751463835952783990710116239177648156307407313672286297485408638721704088043520 8372795774470419993173235994794486753880018667073509370033669474562748100910553612219945195845898469376
751942592406749551415805798309874681240343474733056 27584919735585999450450246488705565305137304199304839168 2421934538485515516261026865439003809481172628561704866668437160121611990631063048505287986953049389767065600
1122433257470133443776578380793519173361038717353984 2887346241410451604826153700306383789252988637833494263289246571592572765654872354001451060214865330176 293567822846729161634328979936843057674217704648327522191531212657254739860820592300875703998418032886022144
1122433257471494570648118657140116017060981371895808 4405734002191847859158774630022817636772692665314985577855939812702575779844806685172677440700416 1321055202810281198835976741032988551775740033163682462521707081776951351156208042289242286220754591921733632
1122433257478300237457658073555222918552877610991616 2887341835676449412978294541531753766435351865140828948303668715652760063079092509194765887537424629760 8148143905337944345073782753643940396382909535765912850919281320875628109077750444590104576
1496577676626844588240573268701473812127674924007424 1362418808713777329600873508573093728285947652645228714131889836008026773445740525866960283401518417979637760 1761406937086782894247089035847493858331797547826041553738125823372094762275896471830005966578271081782575104
1496577676626844588240573268701473812127674924007424 2421934538494326462784200619528883274019122031034441022821661775121016862816272592074701166028933243936440320 3229246051324700627601712323668833119672532023426575589273012219635821790715731362714136974735311341854130176
1496577676628205717708257022555327328571800506335232 151379867639269881735622237700613633328461445708464772013302745134303359084451523098395949285341390549549056 1321055202823097121051502201527358682012767455831298871145769998527299655319378767273169784870082597095473152
1496577676628205717708257022555327328571800506335232 4389872817745357516317699763538217049783812787148051708012845156565905343442657619325943616488540175631122432 587135645704138246226046652278744706268617464387091456995417218957597123423310307617210665216991775686656000
1496577676635011365046695598865223476876826804224000 1211038941074507447865251270872480094957486206936763942118587090873723414361289002768564334116177027430088704 12815930363669365832314475310810176311556805006972452516261155082452045859555607727078449763844096
1496580531128355082764912277653532466979469971685376 605519470537253723932625635436240047478743103468381971059293545436861707180644501384282167058088513715044352 10679939253676503080947281067747562378317205378173865174913345540231764766715475375656599094820864
1496623348553011189341677763572208510383543445094400 146792870402867318330070769512626240174258315453167616602175501376451483600100775636113323261950533000249344 110813029400111599020357432656111716166310744220373687586450284968941411855499264
1496623348553011189341677763572208510383543445094400 3522885545992499531568958733336983731280423716018391314846053256949544379011790430345857354054732181718171648 61138223117302951183645480086130561075547985385081308996181999224934797215268864
1498039178264175501553511875405671187420434579587072 4595956210965574263248477556300107489129967398686297669634661313077517181020399598499938296726135192420352 4389756351004996873223111193608194404684625389268090070836542426937301753728715590446704887726149110855630848
1498039178264175501553511875405671187420434579587072 110159605399273122292057241127478363375135012135989002724591216020395022732198812809583460214014209144389632 2421934538485515516261026865439003809481172628561704866668437160121611990631063048505287986953049389767065600
1870722095783555737896865015144256079424876179357696 2724694273762953324750513437247003297758493582768632008351308547839447716406594842766842249557977500793962496 293567822846729169782472885274787402748000458292267918574440748423167590780101279351203698961467729124524032
1870722809407402088280662066789428864394000733372416 8810946523173754089879464537949402472736156154721192676031716773450116838076873956148571931672576 2495326494197197820928860944766527747251262590825171362139103233764379424660213427310258616098785912848121856
1870726377526633872651495263217729755274005662957568 2724694273754142378227339683157123833220544180295895852196587355163415999633144725928765375601828928862289920 16296287810675888690147565507287880792765819071531825701838562007925956104040800140828606464
1870779185691263973695983676871984589829690181877760 1614721854410846837090756191664253729038402553884564459331589980958867858727937171201521424133437367032758272 430937897509303750906186373594558711513048336796390402186714919976960
1870779185691263973695983678080910409444319356583936 733964631996847109331147589253518701109846678552010876227518266895866343305050681039930991579861975889362944 3821138944831434475492573097420748194316523561965134302544778378940891153907712
1870779185691263984080869547035332559376553238069248 733964352012200470169809837786449592126628899008203338671556644085119160548691769077173611631000793762512896 19105694724157172271403943118953411299166603203593558484165789377096772581670912
1870779185691263984080874498946605428349481481469952 1614721574426200197929418440197184620055184774340756921775628358148120675971578259238764044184576184905908224 7642277890093806795464988761672517926019598532327260427606895901264655633858560
1870779185691264306002982623100952815781455251963904 1321136113606180261170886657527342053062217262107046598296899409604534020253641674480991279948912236651626496 430937897509050889141943501932929584253562152274976426359940559831040
1870779185692625155086933121079079973037577697558528 1321135833621533622009548906060272944078999482563239060740937786793786837497282762518233900000051054524776448 99349612566048233570932956029104162339606114073405931602509503146684441344507904
1870779185865488545560137996674272323150133032452096 279985180669531473753911239511169383449108216223640791838510031747119311939238605631118549149936533504 3821138944831434475492320235656505322654894434705648118023364403114116793761792
1870779899336888411139977795279346070568369953701888 534030370136002444170402186165669564408686084830215699284564362953027275848251169687967809683456 26514477730273339546442374524298542072618111653575146436820992
1872548972830219363948495974897039718832245047623680 50555527086528192092008417840937574793817547155494756957434966426978715521738546392776359902049413638389760 17071208888711253245289803818512923838760066919819035253457948398792020432733805075817650578275840
1872548972830219363948496013582665946500378638221312 22979789820835066651625188482578888841583847793541751883728762596264539168749960615254400808653515638439936 151370908655344720816670871273882665240262525846649227228303093610853762067616704135322830038267881272117760
1872548972830219374343206113789218711207267293724672 22979781054760991223503963795205898123952433639988301052105463866886968083012790116847911025656733859053568 756854543276723599881927587633633617610555682987075443895412406477219843020740563194220337968452410837830144
1872548972830219374343211070385079131186883589111808 50555518320454116663887193153564584076186133001941306125811667697601144436001375894369870119052631859003392 302741817327760648421339611425165280003659502408973175253373691686640988875353949962182559040909915361132032
1872548972830229997772462254224022949288727290380288 41363614664630483611880674721484679476406314034843755266199565150073990070742351133602373537584114305073152 17071208888701236358814264902990995363303008150456660343194085804385559391489971966725447156249600
1872548972831581833038890609154805551438069451784192 41363605898556408183759450034111688758774899881290304434576266420696418985005180635195883754587332525686784 3935643625056033922812869892697195455309896516776073416486667102630721278818258255544021728745236160837596160
1872548978405405663601434208570247185086416266002432 8766090795451305830683946650548055764991914247655640259404002725541259472467319434897490267305148416 151370908655344720816660854387407126324740597371192168458940718700589899473210243094078996929175677850091520
1872549687150964017375912346582509638009112003346432 16720023184605996573659830424350838360796824016960674625154455522301968912945114493485525762048 1050346675297469388232167308086085614292163390483998379234929278329354619946629545458663424
2806083143675333602951074878815263397739390482513920 13767397275639582931433085996725072314105435403200551451119649062740514590402281476967834052460544 146783911423364576743092537299449356300217475502193562904310838445670944470769635712623797460333794147958784
5986310706507378352962293074805895248510699696029698 23068028609011322367871275121788185999023891866691715097949238620857187221555 3138556854004046889296247673896908013946426232931713286144
17958932119522135058886879224417685745532099088089094 30757347034717049272547744138697202595432242252550164152112927181639912652936 23945242826029513411849172299223580994042798784118784
20952087472775824235368025761820633369787448936103943 213421459003147145970416845581674429332364770992647678591112 7404770507972365587876644524096407591258937923969407533700874240
47890485652059026823698344598447161988085597568237584 30235630341648004949002856341111343444571315745545854330780984532035697583388098560 452313711301559737193803575845376432058370396281854780472699093546134667264
98774126657371742823877835814086375694992070515098657 178416850625933685327310905925830035069992960 8590147584
197548253314743485647755671628172751389984141030197314 356834722157381235444041470003437668516495360 32768
592644759944230456943267014884518254169952423090591942 356833701247972910326233148337249417261219840 14167144484759828660224
790193013258973942591022686512691005559936564120789256 280625441339845831813680187313159733715575641210880 4503599627714560
1580386026517947885182045373025382011119873128241578512 147128551389363508320554744501205007044440346487800463360 2361183241434823016448
1915619426082361072947933783937886479523423902729502720 7860432292188949103213679878703951781737952642272482198405358329268806748388969055655976075912019968 4109949519856344164361070017979274773619620129970969498229962560125948309956496722135514398362747365339693056
1975482533147434856477556714685945432008530899689799700 4995497592899757224073970829048587565899186176 2713877091502889358185928497249714114453616009992364275084629697141469020160
1975482533147434856477556724590976903566091385351307264 126100789566373888 106991890455335770203787380816137394956730053593586467033773744414667834569195520
2074256659804806599301434552095813889594833480817071797 178416850623986455163116574168624708630609920 2361187745043039928320
61299821634635554334333881086012367344749564887344087040 7839311652377763144318957904271427370581650280654797104063227399852969309725528344459037999179312922624 104031955174207217202681554272664723567596576114094076107554308343786259873792
61359684741700628117863504016760426297234671884304384020 198425207470228708888749231040464481757969382949898613461045716736540672 2713877091502889358185928497249714114453616009992364275084611700094861836736
196159429230833773869868419475239575503198607639501144064 534551852340590545428060192586146860556140968981084396774326274892042935342910105327559512162304 1321055202810281198835998110423143629625647985846018664289759639765128455167686104739993453985837727979929600
196159429230833773869868419475239575503198607639501144064 10690515564607222807303545845315939914019948523511997154211667211004896031459143698329340542451712 3522813874160749866278699235340268971635155310275885734249800825217962028277329287325282463864863241902489600
202289411394297329303301807588792723510542537056478887936 534030370136002444170402186165669564408686084830215699284564362953027275848251169687959219732480 34390250503482910252916960686491006359389364433673759742820689861581076691075072
202289411394297329303301807588792723510542537056478887936 10680085920515460782150385716906393991070850840494623204416428972224582841565964985537334693855232 91707334675954427411816899392156396685778899485463517915599887414646280508801024
392318858461667547739736838950479151006397215279002288128 2242068696081042759127444974959286281147303234969791825221962939597717562674526386748210278348001116160 2519712834951048276234647623229326308126625607385819158579128830643666550601267468195892142770277580800
392318858461667547739736838950479151006397215279002288128 8127225616953181130699968651875738755723808786944953513962760840020490039642304443652865294797625098240 4479489484371904740008262725551889896549733553707188650321036789475068493928296444212489408615077117952
394234477887749908812684772734417037485920639181731790848 7860432292188949103213679878703951781737952642272482193409991404797947164684968162456642309006032896 4113963142434328875459078875418707656490462443083353884277131959843147366456829228707556624255099982040793536
404578822788594658606603615177585447021085074112957775872 2239881445356251790031289916089355067592865729789126334708080253976954495504005324734629322203280179200 65594197279924033269806074390552169534140565945204691603458459200966017024
404578822788594658606603615177585447021085074112957775872 8119296833075813867726406563472238106588972830665041110849936104645223921149165593853634328773011701760 116611906275797598205339654061822300228771365300977518382466048950794452992
453618680096303102074070720036491518351146780166346375168 7839311652377763144318957904271234121683940144868748930899083643140300678674307573635493325355744231424 103853743911863438929966202348297634403585987722714246992556523707513055906037760
453618680096303102074070720038087300433038090676958527488 197886871255179044913329320083206873772678196450069323309619894544773414912 2621568561963669586414360016900673938094260444659712
784637716923335095479473677900958302012794430558004576256 734681070329163342244926217113657025131447904809241515634742499684347286513633052670378751762889410493808640 533997777500158356734024289849645681106628206638880772749378794462369287617353578552346489651200
784637716923335095479473677900958302012794430558004576256 2350836081389823315713293571984926526702522745581456190780741487385854938728989310290921310487651663973711872 12815930363719875223512344266967814419508092901034543737189940588956218359376548579793051467120640
809157645577189317213207230355170894042170148225915551744 733964352011666444892574603201250522262924564372331818240460197644923565099490155172825028639080250657996800 13901249014777851270313300429285461470765110870645576817452412583936
809157645577189317213207230355170894042170148225915551744 2348542582773833244185768407465225717523248056183345159119038120859699030203732038298749396491462352499113984 333629552123125890819783615889510337740495071866471439460317924851712
1471195719231253304024013146064296816273989557296258580480 21410076154464071061440552897165660112220720809502166841162018440014837173394928758102687744 7770675568902916283677847627490438590364482380942427222447037450600543570766698905600
1517170585457229969774763556915945426329069027923591659520 21389188578534860022470026842203562454065480918586578974002875008206561872200668248285380608 202289411394297329303301807588797408098093543744530874368
1569275433846670190958947355801916604025588861116009152512 13986815414912626751710484694146313110029524177370532345106939921 2035409975420432143270282781383161717255455120640628112228594514967591387136
1569281420157376698337300318094991409920837371815705182210 13986868770277377538496977298357708528636857268563280507026587699 3138559847159400142985424155043445416894050488281561300992
6277101735386680763835789423207666416102355444464036610048 58664955842029690035206292794596657662649273375241933297211418538409984 5176317164886969947442510179470366572564098274529045342951516846161920
6277107721697387271214142385500741221997603955163732639746 73331166828959638083505149358769037997080790267337153073197744878780416 3138580799246872918809659523069207237527420275730497404928
12554203470773361527671578846415332832204710888928073220096 15378636851887004359641942826066886835125024718248540602351734761736854568960 2713877091503712115172397442878682649786677865771381037408449523683053010944
12554209457084068035049931808708407638099959399627769249794 23067955277802532961988453736383695775903455846571359188264053826076987621376 3138568826625459904052953598483057625736923254331105345536
25108406941546723055343157692830665664409421777856146440192 4031417378886400687840624986608681842577318883487344712222513201153076206079311872 2261566831073680268703154405747669372301770419952879994472897410136289574912
28246963795550769944639405366727573678355848010787860774914 27973577474460502716634476784081230801451715263548316528294232064 3138550867693340381917894711603833208051177722232017256448
51786188091066773673388086661131531826751697658290559779873 1777203117967030734224032267085173277368769121878016 8589934592
100433627766186892221372630771322662657637687111424552206336 3485937491508352010231261004675436019241932041531867768638490233115316967053197837068953645733642240 4074071952668972172536891376921606634037247551647321910971538512936599693484216617860595712
103572178633880232603290525482926495865688864833656570511360 588514205558881372170848502961451474529253743222664986624 6277101735386680763835789423207666416102355444498394251264
103572178633880232603290525566591435480752005332440089362432 6125125441105203417182942647960087822336 17179869184
103572178633880232603290528079154153295616943436532637761536 14855280471478606597397151744 106057910921093358185769498094516731766465397589664361489629184
155358267950820348904935788349887153221128007998660134043648 1298153442796221171470217626255360 14167144484734058414080
155358366724947006276678612227722967307503702990730649142305 340304434261815398995060199634711347200 8589983744
207144357267760465206581051133182870961504010664880178724864 3211329086659892672442805087236239690026713088 240518430720
207144752364267094693552346644526127307006790633162239119492 931766268315553104629958212899295296410127486226861654016 262144
207144949912520409437037994400197755479758180617303269316806 356839145765843645341648562330968325552603136 154619084800
207146332750293612641437528689899152689017910506290480698004 931768045515816570490448476655619323690780620296369995776 8590196736
401734511064747568885490523085290650630550748445698208825344 609210569872362745271624300314616843649087575247824673867306830028195261750698015536590934922449140056064 733920676989193977710167619417012342924879198292730437467550087076838071613261823527553393783944732242608128
401735277312518001829919702258804225785142557815259300626432 1523026424680906863179060750786542109122718938119561684668267075070488154376745038841477337306122850140160 293568382799468599502720966175354932785582017501547007264650936714115101597788570161274700133381464351834112
414288714535520930413162101931705983462755459334626282045440 374167255119794442418240249760324377919840145375232 1130783846894752676420649394174550642626571991519909220105265307569856004096
414288714535520930413162102266365741923008021329760357449728 1683661304186741819834287110646568891665718009921536 72057774426554368
414288714535520930413162112316616613182467773746130551046144 9444732965739290427392 19105723877133741220803292163973207657818560368720386023329799179809339165720576
414289504728534189387104692954391857840928262746986157965320 935418137799486106045600624400810944799600363438080 452313711313901024512302399874471380804739491578044750557750078776564760576
414289504728534189387104703339322295205732053050203400568832 23611832414348226068480 7642292466582091270164663284230648513862003609990485830371915282074700404473856
828577429071041860826324204532731483846016042659520714899456 882723417849458489792771234525369965314899306070109323264 37778931863171910074368
1004338193281295004574799255647010564462856394538148251566080 6698455344647974018390788070547715431394081382110463090839846949973085195061984620504702472620605440 4479489484371904708925560449940114333896793992990372158507391219241271172981442238446052872041246228480
1035723761821335473467761732385979644602320656867465394913300 4281830190403811403421504532356074332867264512 37778931863094600663040
1035723761821335473467761733222630636535033953165811195597460 931768045515638153639824490200456207116611995587739385856 8589934592
1035723761821335473467761737579078689793762486334451534135296 108086391056891904 116611906275797597396182008481775700036992004120856750605316529688433131520
1294652232923502907541131569582392943509400066655501117030400 10384593717069655257060992658440192 37779003920688638853120
1294652331697629564912874393460228757595775761647571632129057 1777203117966690430438847173084288802904243223658496 8590196736
1501799454640936436528254513172814422975799232090426233616317 1777203117966690420054253456014633545843250565218304 262144
3213876088517980551083924184682325205044405987565585670602752 3359828576374373416725334214439529530582967221616506579609140919166256018494472944666401397578594779136 106710729501573572985208420197065630274196501358881993129984
3217014639385673891465842079393929038252457165287817688907776 24188504273406401392965329019427678635967575412082154413235269301955917701430902784 6277101735386680763835789423207666416102355444464068067328
12855504354071922204335696738729300820177623950262342682411008 587171481609333151839739068288659213385901721093680754523619280902367893733876190708606355810470428061728768 19223325397210795499151039701424080883215918475028213809643755851180876496896
12855528874000576058557430472281735225124561850088297620045824 1467928704023332879599347670721648033464754302734201886309048202255919734334690476771515889526176070154321920 7689333092546942000047021419214970526602899505029594390120830672497587257344
12868058557542695565863368317575716153009828661151270755631104 15378636851831057204693021446466362761762419838405387411499683748087817306112 1130783846894752676420649394174550642626571991519909210669755713824512540752
12868083101416592246114615462977322857180347555020024477384712 38446592129577643011732553616165906904406049596013468528749209370219543265280 452313711313901024512302399874471380804739491578044745839855806659176694256
32138822185001440146393576180704338062811404625220744050114560 6719370929703711569917600123264310645831318933964274424689258739684573516318324306394832150846964236288 110427941549050755110020841368105490912129503302850526250339104603504640
32170207753541480615286538657443307142950868887550061193461780 169092785496368812792151518625787123585052169818174470601587396599349248 36893488147553320960
51422017416287688817342786954917203280710495801049387909513216 2039149600089227679497606063015424167038183021124167765390180892187487951656090840462262272 6111111814341242710263478904306374346716815790050505396617079779869411981716981937078272000
51422115496002304234229721889126940900498247400353207660085248 2644711312108962405393435539594436857445499656185016598104997225655255798525710218948109073459456360784592896 3885337784451458141838923813745219295182241190471213611223518725300271785383349452800
51422311655431535068003591757546416140073750598960847161229312 1603653517872171547056501080152377566244255868760232066155213434495236618540778659891838074224640 1018521873505027494592364683154240512135548616876076292114189316243839747179318142304256000
51422507814860765901777461625965891379649253797568486662373376 2802585870099264299309216991019610245371113619545201598506329506731756772450970495483606757094539132928 8148147790675728796531924592767227880549322659320277038418235965319640875532047454987878400
51422900133719227569325201362804841858800260194783765664661504 2644708509521488650572114458741161657257495844489728629996455466135426087944261639171584859536716587708973056 16296291696013673141605707346610616907472408589676308262465167876454892041370531670488252416
53028955460546679092884749048556479711947662834133601599094784 2037160307143588532928984533971414866261493507703635587565500565348604589637589839527280640 159086967526345734427318898796576917644103950840870776856412160
53029056605252376241549400699460274108309418105402129838538752 2642131123431908604493623180903455178822780313764836448554644216708568445394505431504870900467631405467172864 101144705697148664651650903794398704049046771872265437184
53029258894663770538878704001267862901032928647939186317426688 1602089073247700188922673629512474721811191992997139394218105523358516478940163871474038131916800 26514578874979036695107026175182648272937366012455023030599680
53029461184075164836208007303075451693756439190476242796314624 2799851806693277577231968806578764849957110747370146424877396681883627618814658051328649062914572943360 212115922986892413520203647845134625392570584772237078386737152
53029865762897953430866613906690629279203460275550355754090496 2642128323578499820105637941602137393499433347960863020153728692214032868678027535019274818309504613235032064 424231744829079129891742644039365456386437120497702284508037120
102844034832575377634685573909834406561420991602098775819026432 1069101665531581001628440887566230705688114899779147669380887159603193683197868554564278562062336 293567822846729156541739039107814640854243003340531174138451117317878417432445307861140835662766287513190400
102944468460341564526906946540605729224078629289210200371232768 3485937491508352010231261004675436019241931453053580073996293001062715653630200341324992244040597504 4078050538560250465674134434906881634385817387745922065341833547414402607147428309450620928
106057910921093358185769498094516731766465397589664361489629184 3359828576374373416702568563358676446918999853127633470304700848190178696693780073140452567487438913536 102950745562076951207670782332627620620962601917722905976766464
106057910921093358185769498094600396706080460730163143901184000 23312026706793557671902585332606063927746632679503177523894645162100123406746209222656 2598683730467870273068275930759168
106057910921093358185769498097112959423895325668267203198189568 1068058703111697744752271443346805157402505908166923694933541160405489203091912701786078912184320 7642277889662868977499118201580675454925964497163685968495925203465135208792064
205688069665150755269371147819668813122841983204197551638052864 560517174018221540181772016060323964223810384575409773284366567134039209776444108735396478746538016768 559936185554636232521033000587602740701929646562539596933497168704803805544848781046295281012414873600
206692800177290511941493686812154774166455845995950978891907072 6698455344647974018390788070547715431394081382110463086558103871855205551887126712048130672415473664 4483863985821486647117870567567008976800990080874151818818433593478811476861306928168928833696652328960
212115821842186716371538996194225918847790651336534406396379136 559970361337025787200678890489409782364245017581020090169316427906673123310652726594019740711292764160 14576488284686815496364937776950661873139747699217352284486949452705169408
237827284169010657083312463737212101664804394226633574690455552 6719370929703711569917600123264145003918995960433375990548564091073714689702992217117508144712476786688 113188640087777023987771362402308128184932740885421827185529445313192919040
237827284169010657083312463738048752656737107522931909418156032 169617318218724895639996560071320177519438454100059419979674195324091498496 2857282978572130824931173163707207378838487040
411376139330301510538742295639337626245683966408395103276105728 293872428131665334858820886756235130554973098908272439215713978749571149215272328880663549049064923735261184 1068011851284242051572287269122960125202673447095986739426077626870167992676147984065596768649216
411777873841366258107627786162422916896314517156840801484931072 609210569872362745271624300314616843649087575247824673493162410871484114690554698351777748924791118626816 734637396400316237454025204982849267936735675151656271468349067460164434352559939058430690832757787639939152
411778659245330951875667694815274331429771121760640920581308416 1523026424680906863179060750786542109122718938119561683732906027178710286726386745879444372311977796567040 293855070673296205556922842118885552395417828735531892513637510017086521809564250817638502464822374154895856
424231643684373432743077992378066927065861590358657445958516736 587171481609333151839739068288644739374747056569252808150493194913886234985792985638101414389097402065747968 18545985872920838645975070714324943047246706717587532123177909362435662047952896
424231643684373432743077992378401586824321842920652575604736000 14821387422376473014217086081112052205218558037201992197050570753012880593911808 468137957528299484669501159134518424776974954217472
424231643684373432743077992388451837695581302673068812792758272 293585740804666575919869534136911675976185291777517861034690571354333838474295496720525421818042260735918080 27802922261098242208362195271911660499397810770313557793444802330624
424232452842019009932395205585297262429110541052913958900727808 1467928704023332879599347670721611848436867641423132020376232987284715587464482464095253535972743505164369920 7418397179475180900947599297223886095823918753279416430143284105479980552011776
424232452842019009932395205585631922825883626371433292791808000 37053468555941182535542715202780130513046395093004980492626426882532201484779520 187255254453953312802755074671717237083055436840960
822752278660603021077484591278675252491367932816790206552211456 400165235630900898694531585465639554998183945611214397358335 226156424292455946465325676271524308306373095199107997520006639046977650688
822752278669582487137245658808118692103576775689556256096256003 3844666546063257846180326730766866295485699873047766340202836647576116183091 2993155353253689176481146537402947624255349848014848
822752278681555108550260415514043278253188566186577655488315399 7333105493678395483152575428056607012797432875379974658985810848776328 7404770507948420345050615010684558418959714342975364734916755456
1645504557321206042154969182557350504982735865633580413104422912 6047145291691663937865092959170659710233966687301164510104954652809112797748658176 822753847936036867747675550226031054407971958405651047682932736
1645509265147507582165542059399417910732547942400163761131880448 13986788737230251358317238392040615400725857631774158264147116032 1569275433846670190958947355801916604025588861116008628224
1645510834422941428835733018346773712649151967989024877141032960 65998061335494664059355721076682847829865031821289543185204581708595200 7404772077220861036367552280455433074338915420939970501077368832
1645517111524676815516496854136196920315568070344469341177643008 19223296064844768660815198281225291305514240282409949895307894293906921095168 4113762962578448952057613915340732064373443689672810774380150784
1645529665728147588878024525715043335648400275055358269250863104 6047126068329601017774148742682771405548739933190401667607912169955456044971851776 2468258405257242909902644732783381559390707824039230911031541760
7404783062181822671944679574028216299666576023928809635371286539 3844659212957764301173255455158404470389215564161409292956159532170066526208 4113761393303015105387422956393376262456839664083949658371522560
11518531901290346470030335926372189586402792326174637789603168270 29332421973859896096597713128344760668863033784190439551972652680740864 2713882267819231450506712773460949363175448706962576262658504976258723479552
14809541015890854379394722643016154544844622790702223717939806208 6047133757662693116316103562781477862287376307874730705866878038502190183151042560 1645504557321206042154969182557350504982735865633579863348609024
18100550130533266463704661008130855554810094521969384544148652032 14666210986929948048298856564172380334431516892095219775986326340370432 2261568556516026208755593977884124469312873922468813552215420813548936232960
21391559245175678548014599373245556564775566253236545370357497856 7689318425915528602346510910316808940778431128322818585912319064340133052416 2588159816560133383906159913261432216720680812771491858925536629751808
27150825195799899695556991534128545262666253685867174785825374208 748334510239588891327247713482865147259289841172480 58546863875293184
27150876981889216635673293179391328558383994061869841005870055424 1275066221553952069768350204128900346978086280355081355264 68719476736
27150980554067850515905896469916895149819474813875173445959417856 2722426387020423618412281305554306990080 45036064993181696
27151705559318287677534119503595861289867840077912500526584954880 1275066221553952067045919922648148339902290564147895599104 72057662757404672
54301650391599799391113983068257090525332507371734349571650748416 187083627563300252570203850903178709771221278392320 9007199254740992
108603300783199598782227966136514181050665014743468699143301496832 748336294408095124701032130667500976155288015994880 126100789566504960
108603300783594695288857453107809692393921360246248667425361891460 1605754378048106807384250575070543911300628480 131072
108603300783792243542172196593457448065549532997638651566392088774 356836423673061777307055339447084753941954560 45035996273836032
108603300785273855442032772735815615602760828633063532624118568629 539471355093857085573703432623983381631831604565586739200 4503599627501568
184296510419975076721356548446423256558066416950960944695044210688 6698455344647974018390788070547715431394081382110463090839846949973085195061984620504702472620605440 1908194488095887507699547199420757115270633607294011124402644955557902580116273845373677647030330932747829248
184296510420645543520485374821955033382444677218794143060999536640 1056811877370796614580187277311994285213469320444363900210656883514931499418693815779328 146783911423364577761612468139174406086292332885826981172632787246004416022894221238826955352141648940236800
184296510420645543520485374821955033382444677218794143060999536640 4227247509483186458320749109247977140853877281777455600842627534059725997674775263117312 1761406937080374933139349617670092873035507994629923774071593446952052992274730654865923464225699787282841600
184296510420645543520485374821955033382444677218794143060999536640 580988473770487542411445904078118175171935630081009553782755689647860776663492217575636801645707264 1067993517960455041197510853111737649473060222179035555029722991935251990048726481072448002326528
184296510421890696147438909519371190342004303430484368597773713408 6698455344652201265900271257006036180503329359251316968121624405573927822596044346502377247883722752 1761406937082510920175270527752487894741731469928869894515951518062112438258601158846020917187844683287494656
190055776370599297868898940585373983325505992480678476140909690880 4281830190403811403421504532356074332867264512 2940039123470834091782891722275666590532345979539359739227258257229272530944
190055776370599297868898945349472504530683456141584882553520652288 108086391056891904 49674901030163212814763738539569662713634517670297021635384285131617714026266624
190055776371290716755500542785141128175646073381881461955801120775 649076721398110585735108813144064 226156424291633195755940507097117014674041775748533233612778710239901925376
190055776371290716755500542785141128175646073381881461955801120775 2596306885592442342940435252576256 2713877091499598349071286085165404176088501308982398803353344522878823104512
190055776371290716755500542785141128175646073381881461955801120775 356833701247972910326233148346256616515960832 1645504557321206042154969182557350504982735865642587062603350016
190055776371290716755500547549239649398155226497829273617263984640 16384 3821138944831434475492370807912889079932609843047217515121509088068255709413376
190055776371290716755500547549239649398155226497829273617263984640 65536 45853667337977213705908449694954668959191318116566610181458109056819068512960512
190055776371290716755500547549239649398155226497829273617263984640 9007199254740992 27802445000499097288250359308488994132188305185744974378337352810496
190055776372574780402046375441851540040191937912687007040599490580 4281830190406407710307096974699014768119840768 2713877091502889358185928497249714114453616009992364275084629697004029804544
190055776372574780402046380205950061255274433045150973938871959552 108086391056957440 45853667338032818595909447889531169677808296104830986791829599005575743218581504
210624985072391685913837885287043123442015975943656037767922581504 1218421139744725490543248600629233687298175150495649347734613660056390523501396031073181869844898280112128 3816388976194444999193995536444504389164356133069745781955540853029114197132718695356681994180177853497212928
217206601567189390577714906215619384787842720492497334850723782920 841876324019877805716992869921469532962340953128960 4503599627370496
217207015855113733085386345435130628467071952494958728046960443392 2244916825535769642732102531356327680992143996878848 72057594037927936
217207015855903926098645319202263221049578975191895291147197612040 748334510239588884836480499520648755839680290750464 2261568556520139985841681263009746338750505668215810523002539816983049175040
217207015855903926098645324646957630214504869893864344550281314304 18889465931478580854784 99349802060395931742028724822359951325540257825924514033732932699181271434559488
236952656255115698812052624771085042920286013567021041078427975680 580988473772601166166187497307278549726559618651436492423644417448282090430522080574474189277265920 3816381697007479021801924171618530939740811988900369415440338914523880031926837775677763034696319171454566400
244357426762989290273271897749747930050508974178364509636549157128 539472103428188908311971422493255146033395974255610429440 4503599627501568
244357426763088064399929269295181450511544951490990451086030012425 356833701249271063769029369517726834142248960 2261564242916331957559405070971170146740417757485332336127787102536458469376
244357426763088064399929275420450977797628148354351923222196551680 9007199254773760 99349612565617296362801641005735116078247855919227655393159236289774648444747776
271508251957998996955569915341285452626662536858671747858253742080 187083627559897221209120124875439822477050427473920 14167203031554984034304
271508251958789189968828889283876475313175227864231684422374531336 187083627560237524345228497478213711206467512565760 4503599627419648
271508666246713532476500328503387718992404459866693077618611191808 187083627565341739079855140290853816195958718857216 72057748656750592
325810316638313331867614311571644809517736967238427427190261940224 748339148903480536620794247239439875145560781488128 72057662757404672
325810523782670599628079518152695942700607928742438092070440665088 4638663891651784313747737680585237359071592448 68719476736
352960727545398696042240889943671088414661297916273272215729864704 748334510239588884836480499501759289908201709895680 18889501960344319426560
352960727546682759688786722600381500280244420800308169132426147245 539471355093678668723086586012755644274106066053900533760 131072
368593020841291087040970749643910066764889354437588286121999073280 761513212340453431589530375393271054561359469059780842334133537535244077188372519420738668653061425070080 146783911423364577761612468139174406086292332885826981172632787246004416022894221238826955352141648940236800
368593020841865772868795457965794446900070720381445313292817924096 761513502834690317890113458487019708200634332339590168052379749357452801329417734681778955890156063703040 146783911425500564797533378221569427792515808184773101616990858356063862006764725218924408314286544944889856
380111552742581433511001085570282256351292146763762923911602241550 467709068899743053022800312200405472399800181719040 226156424291633195755940507097117014674041775748533233612778710239901925376
380111552742581433511001095098479298796310452995658547234527969280 11805916207174113034240 3821138944831434475492370807912889079932609843047217515121509088068255709413376
380111552743174078270945316027225523365697930393365483181509181460 467709247316593677658332196715090231263217252843520 226156424294924204870582919181426953039156476758498705344063884365108625408
380111552743174078270945325555422565785957889186735856492392611840 11805920710773740421120 3821138944887039365493369002489389798549587831311594125492999036824930415034368
421249166674228746791672110734681729275580381602196445017243910144 3485937491508352010231261004675436019241931453053580073996293001062715653630200341324992244040597504 13897474244994956591733054489701068689142371447020756131685391277567768077586932001155843625058720
421249166674228746791672110734681729275580381602196445017243910144 3485937491508352010231261004675436019241932041531867768638490233115316967053197837068953645733642240 13883915733536424926765510046296482288692010876473381505515339973444837562669977730221407899484160
434413203132798395128911864195140533315442268527265088322079293440 588514205558881372170848502961451474529253743222664986624 8227522786635961764307382804551563990287708804527546405535252480
434413203132798395128911864195472840314388497495491035689102868480 14855280471478606597397151744 361431785007803145921317603650828385467742932694229545085219117629440
434413203132798395128911864546056724202660058973874796573205987328 490428504630616971566435860153472968234239072597232844800 18889578521469265117184
461564908692116682806445984049652585492527899051787297099790942208 1275066221553952067045909538054431270247033503155237158912 72057594037927936
473905312508507340140631124576516945435027929302471000644399398912 1827631709623737133923371191978990112636478263805077437000477951343116326293707965660557535511120957341696 2135987035920910082395021706223475298946120444358071110059445983870503980097452962144896004653056
488714853524398194520025847219533099979872552093173224362339205120 1122501765363466972676941877291586827333934294171648 3291009114642412084309938365114701009965471731285174125206700032
488714853524398194520025848581036413037440913535943859275823054848 28334198897320950693888 55604890000998194576500718616977988264376610371489948756674705620992
500233385425646636815110631497434553514751703152608278457977143296 6698455344656428513409754443464356929612577336392170845403401861174770450130104072500052023146840064 4271974071841820164790043412446950597892240888716142220118891967741007960194905924289792009306112
515865678720198094215582838731729383312087693876127292382469160960 4281830190409004017192689417041955203372417024 6582018229284824168619876730229402019930943462570348250413400064
515865678720198094215582840773818199398967121556170271069183148032 108086391057022976 111209780001996389153001437233955976528753220742979897513349411241984
526561458342785933489590138418352161594475477002745556271554887680 4374501449566023848745004454235242730706338861786424875708824191381642088408015750202155266037776384 12815922215525460494370130237340838629640264096500089420603215444418984018697792704230469239046144
526561458344701552915672499491300095378413363482268980174284390400 761514664811637863092445790862014322757733785458827470925364596646287697893598595725940104838534618234880 2135987035920910082395021706223475298946120444358071110059445983870503980097452962144896004653056
543016503915997993911139830243925666644302835659081360402599116800 2854495385411919762116571938971047866803421184 6582018229284824168619876730229402019930943462642405844451328000
543016503915997993911139832966599985760493329576396682862543241216 72057594037927936 333629340005989167459004311701867929586259662228939692540048233725952
543016503917973476444287265100403223358988781091089891302288916500 467709960983996176200459734773829266716885537341440 3291009114642412084309938365114701009965471731285174125206700032
543016503917973476444287267823077542485084306479962774247894548480 11805938725172249968640 55604890000998194576500718616977988264376610371489948756674705620992
684529895845621713536467179943857810072818120103569223153021353984 1370724072707053063161737758801636551849721907587414841919686579385648063080115750218369890812605203759104 2669983794901137602993777132779344123682650555447588887574307479838129975121816202681120005816320
705921455090797392084481779317103366637593686356805768523378851840 841876502436388120076572446475414609183057398218752 4113761393303015105387422956393376262456839664106467656508375040
705921455090797392084481786123290703929650577697755153622703800320 21250653676513030848512 69506112501247743220625898271222485330470762964362435945843382026240
787373930681061540844216535031620269855929861785302838833873713085 539471355093678668723079446168820265057662979856956129280 4503599627370496
5897488333439202455083409550285544209858125342430750230241414742016 6719370929703711569917600123264310645831318933964274424689258739684573516318324306394832150846964236288 49980665099004179560309159279873804384304994498202067377950349210559222644736
5897488333460657392655531994302561068238229671001412577951985172480 1018580153571794266464492267011443550245832144983544530417901714980321952141097461266513936 3844659212957764327850988620742333101791891620746621782501940078038325657600
5897488333460657392655531994302561068238229671001412577951985172480 4074320614287177065857969068045774200983328579934178121671606859921287808564389845066055744 46135910555493171934211863448907997221502699448959461390023280936459907891200
5897488333460657392655531994302561068238229671001412577951985172480 559970361337025787200678890503558362375165673345261339686984330084197896703602019032102924166174343168 27973577474460502716634476104139572582598967652222761207066525696
5897488333500502276718045104619878090944137709775499795128758829056 6719370929707785890531887300330168614899364708165257753269192917806245123178245594203396540692030292032 46135910555549119089160784454341266173710978594124659325327726458874040942592
5903247599389826676230951942424494936625564917960467761687280222208 169092785496368812792151518625787123585052169818174470601587396599349248 2940039123470834091782891722275666590532345979539359708561793587964245180624
5903247599411302565890547162265747163031431067164499896846786756615 26677682375393393246302105048632582268435010638972146679824 226156424291633195755940507097117014674041775748533233612778710231320363024
5903247599411302565890547162265747163031431067164499896846786756615 106710729501573572985208420194530329073740042555888586719296 2713877091499598349071286085165404176088501308982398803353344522775844356288
5903247599411302565890547162265747163031431067164499896846786756615 14666210986929948048298856207338679086458606565862071429729160068595712 1645504557321206042154969182557350504982735865633588659441631232
5903247599451186360972652570542358440642325344257702433571584606228 169092785496475523521653092198772332005246700147248210644143285186068544 2713877091502889358185928497249714114453616009992364275084611700094727618752
6739999522316533949242812329185379950144511230196993208573522608128 1174342963218666303679478136577318426771803442187361509047238561804735787467752381417212711620940856123457536 96342820507652651105187064619892220693599758260735266379915172159004107341824
6746581553100046189427619763100600047752074229445232461952797638664 30757273703662114409386042892932725523524839676810774822999367496175634612224 2261568556520139985841681263009746338750505668215810461671587982445090177440
7582485000163702361985683992674721373449152434144673314509695221760 559970361339062947507822479036487346909188560445753003976951419145033700133562662936385119088707371040 96342636748235741392030656025746788411804513727435634607245982665295475507200
7589889770671674727573560637198817781040411372068642724517297258505 14666210986983303413049642993831283296555871730398941451007104361955360 2261564242916331957559405070971170146740417757485332336127787102313337848224
11794976666921314785311063988605122136476459342002825155903970344960 733964352011666439799673835360824016732377151367100943154524101127959867167345238385757944763088035077160960 3844659212957764327850988620742333101791891620746621782501940078038325657600
11794976666939704731801454654905422300802263052206250025370173571072 733964631996847109331147589272063534976050605961381166031026089603669439684195305167089412955647579430846480 3844659213013711482799909626175602054000170765911819717806385600452458708992
11806495198822605131781094324531494326062862134328999793693573513230 19223296064788821505866276808082953452203024798006734264374604685109771632640 226156424291633195755940507097117014674041775748533233612778710231320363024
11806495198841013037203604512966853377267890262218170195258864828436 19223303397894314997517983332904450367844673075942599463845330188661952610320 226156424294924204870582919181426953039156476758498705344045887550203625488
13479973333575319897333507543509815336818572211270286240551805124608 3359828576374373416702568563358676446918999853127633470304700848190178696693780073140452567487438913536 350829799144944045591831110177739221631807411005180579994146225684480
13479973333575319897333507543509815336818572211270286240551805124608 3359828576374373416725334214439529530582967221616506579609140919166256018494472944666401397578594779136 350492470710691971159494507482536607958889780313070016178872647680
13479973333575319897333507543510147643817518440238512192316875210752 3359828576374373394119042691152417452263370312165509040300150439921475470420857079465793445528803999744 10952478333569792300645987989427681965843631345676379513875479920640
13479973333575319897333507543860731527705790001716891304465816092672 23312026706793557671902585332606063927746632679503177523894645162100123406746209222656 8855981521949219876314461500214027386880
13493137370033889545670747296970274140858434098195354883856640507904 24188504273406401392965329019427678635967575412082154413235269301955917701430902784 8227522786635961764307382804551563990287708804410567164432482720
15164970000272234884500195986448542253920893737679072020620780765184 1761514444834407819960849234196022466391855116011220308644393173646802936468572388317412313593850796085084352 55947154948921005433268952208279145165197935304445522414133051392
15179779541288125738879590709091558408465738360469774244338720571392 46135910555661013399058015860419614097533369850315388514013804057990870859968 3291009114642412084309938365114701009965471731267177318883262464
16007468333620692378083540207917905712472054500883464910655268585472 6719370929711860211146174477396026583967410482366241081849127095927916730038166882011960930537096347776 111894309897842010866537904416558290330395870608891044828266102784
16023100626915243835484012415152200542269390491606983924579760603136 169092785496582234251154665771757540425441230476321950686699173772787840 6582018229284824168619876730229402019930943462534354637766524928
16849966666969149871666884429387269171023215264087857800689756405760 4479489484355608421114884561250077196330656240583229065941321419347781929503916230266420454182266863616 322518893234956384262373959789216066951325724901604495578009436160
16849966667030449693301519983721603052109227631432607365577100492800 733965751937569787457042604917021607950744424338502057537034043506507729751595572292415285725885756845588560 55947154948921005433268952208279145165197935304445522414133051392
16866421712542361932088434121212842676073042622744193604820800634880 110427941548649020598956093796432407239217743554726184882670756324966400 6582018229284824168619876730229402019930943462534425006510702592
16866421712603721616830134749330706180089803049041428276705105018900 19223332730316288964124809432190438030411266187686060261728232202870676521040 3291009114642412084309938365114701009965471731267177318883262464
21904956667059894833166949758203449922330179843314215140896683327488 1321136113606180261170886657560722748361952327055061920554645370506037333418071495875695768766118007492575248 69933943686151256791586190260348931456497419130556903017666314240
21926348226305070511714964357576695478894955409567451686267040825344 34601940249725372202211004779370813129607092914347986875345013936749769916432 4113761393303015105387422956393376262456839664083971648604078080
26959946667150639794667015087019630673637144422540581488302864990208 587744856263330673795940973690925620105158323847393212507793999747477829210906442136303001410311528395046912 8009960551390561009767654084265780910225076382767421540735285299855759444848321961303260266496000
26959946667150639794667015087019630673637144422540581488302864990208 4114070650179815337101116493057703387017997717123635828304123486628288426361708636699830314718586249158852608 4271982220001266853872194318797165448853025653111046181995030355698954300938828628418771917209600
26959946667935277511590350182499104351538102724553375918860869566464 587744856263330674815515773735539459853961355355105296026885510309561711905996888230046977238356948626178048 533997777507929032302927206133323528734118645229245255130321221684816325067954122123113188556800
26959946667935277511590350182499104351538102724553375918860869566464 3526325793916484655148577119009867048922415141214545947643597402384139535590078625813575506683911358914756608 12815930363684907183452281143691264105184385975268389218534726490153551289296008121810198890283008
27802445000499097288250359309169579635217616251982237715186206113792 587171481609333155914059682561000417810339651497865454592368158115938852079592124138260022911264200526397440 208518576134700242708965079120383125484559018955732811391009332346880
27802445000499097288250359309169579635217616251982237715186206113792 4110057027601832711927947455148226970954267010676941522896142595207515586442508410713529465225254954078306304 111209992118222810162506403434283691766120886965164614539619300671488
27802445001308254933827548626382786865572787146024407863412121665536 587171481609333156932639836132794684274831918483572887723114911967756645862342406812562317730059120290037760 13901249014980140681707597758588763278353908278743670361196943458304
27802445001308254933827548626382786865572787146024407863412121665536 3522885545992499547865246544012872421427989223293416603257800406277034384100914025180851083763631395442786304 333629552122215588468509277907645479606345483530030018513467535917056
53919893334301279589334030174039261347274288845081162976605729980416 146936214066367218262176233878931785721269664806980277057746563209476018187437761281930708801814601148661760 1908190848511749461267122255755453673444246419816846710239099328063590890862738777706160928028388614576537600
53919893334301279589334030174039261347274288845081162976605729980416 4114070650194782210390248930675695535039654596482815510870761392083186663716546750871942730877042666357391360 587135645695594298082363011963538217146263846175300769167346785435058482212049089484613803650974640557260800
54393798646809786929474661298615778292709316774383633977250129379328 1827631709623737133923371191978990112636478263805077435878044693868899488921781464742316039433118101274624 2138072960760676596147360594608459158328871426586533987793939226906802314096110893505247145099264
55604890000998194576500718618339159270435232503964475430372412227584 146792870402867317311490615940831973709766048467460183471428747524633689817350492961808667259914169824051200 49674806283017166492389428562886221553519736975572765297753197896125230838972416
55604890000998194576500718618339159270435232503964475430372412227584 4110057027616784983771051628408900798717553338976252890453862552907601469354103237908525567703830589268295680 15284555779381342791970279137191172535585520392729720337666432826557430946070528
69084863334573514473834226160487803601195182582760234997226510745600 1761514444834407819960849234195979044358390964469197665805936308127652316826360326775281475444730562873393152 53975840489250200594767299127608669960123240634239106928746935877632
69084863334573514473834226160882584315943302597012665694129773084672 44464162267291179031186266579830291610234513625151019141949930500221487821094912 1362458695679538769726420251185862672384
81380073386877566020816155892556326574426184970774352743366572113920 6698455344656428513409754443464356929612577336392170841121658783051698510096711336414949726612357120 4276145921521353192294721189216918316657742853173067975587878453813604628192221787010494290198528
96887308335072611762084585468976797733383487768505209375563863556096 6719370929711860211146174477395860942055087307968087115334648004571796360777509477459262701553504485376 107951680978500401189534598255217339920246481268478213857493871755264
96887308335072611762084585469393510710062058894660552888961751580672 169617318218930583709661710826589548667258122913182261962878392807010074624 2724917391359077539452840502371725344768
107839786668602559178668060348078522694548577690162325953211459960832 1175491954595357412321444274113004763515749290874628058501949052464553133017928421299089137782174681093111808 3359624589225406110974120775686071747282516802269457719231671162770409561383730240842441628115061964800
107839786668602559178668060348078522694548577690162325953211459960832 4114078497146845223057702792542997513481620062080229008324936529770252957081749819346385615675102853842599936 1399843133850015122676840634383455174280159446011427612916131546955433345331635364960263181831241728000
108366348126945345112157650486496874856143053167165071509483014848512 4374501449566023848745004454235242730706338861786424872854328805969722326291443811231107399234355200 12828437764564059576884163567650741785936769989870866687010174902636774022689740292392576081723392
108366348127339579590045400395309559628877470204650992148664746639360 761514664811637863092445790862014322757733785458827470457683180670590819598308251231925426057443509534720 2138072960760676596147360594608459158328871426586533987793939226906802314096110893505247145099264
111209780001996389153001437236678318540870465007928950860744824455168 1174345203100111651782626939263208661543870624090141768219122962683046980589675229493008063351131888114728960 87459124323751085718975337399618362457043230574869042214071917390587756544
111209780001996389153001437236678318540870465007928950860744824455168 4110064866913485061171842120568711156580044728334526992335045215534981423582863648025101855166453078418259968 36441290217299250434050098277346080117922492240745140892342452444033187840
124689753335571709050334944777465791865571792954250183753901216366592 4479489484355608421114884561249966768389107591562630109847524986940542711760361504081537783425941897216 323841878899042633920266555012191560956699581918509572933574826393600
124689753335571709050334944777904437104180815192308440083793730076672 113078212145816597093331040047546785012958969400039613319782796882727665664 8174752174077232618358521507115176034304
124689753336025327730431247879539862585608284472601330534067562741760 733965751937569787457042604917003515402292361948888763598744923094243813265771867765110129064445582308802560 53975840489250200594767299127608669960123240634239106928746935877632
124689753336025327730431247879978507824218902492741478174470688604160 18526769614911886964012992808059302158250481483473435960468615376013553418895360 1362458695679538769726420251185862672384
188903923180474453639390462157583837972018077374735031362815099142144 6698455344647974018390788070547715431394081382110463086558103871855205551887126712048130672415473664 1910057959275668647843785038482691445519883128911647764384589215987483939537924523406894443720422187457315024
188903923180868688117278212066396522744752494412220952001996830932992 6698455344652201265900271257006036180503329359251316963839881327453452030991919024231540199513915392 1763127061044505559745754190377246181051169594896681917668868953871046030040478689282038247102487433953935552
188903923181161682108497509192503909217005794149264059687919308472320 1056811877370796614580187277311994285213469320444363899561619776198078045852381774610432 146927255086863957232082792815091568371380094644862753853523534990271007567797657247328511350748515567403024
188903923181161682108497509192503909217005794149264059687919308472320 4227247509483186458320749109247977140853877281777455598246479104792312183409527098441728 1763127061042367486784993513781098820456561135738353046242282419883252090813571886967942136208982186808836288
188903923181161682108497509192503909217005794149264059687919308472320 580988473770487542411445904078118175171935630081009553425943766471370806398920725204255818295279616 1069036480380338298073680297304229579164435713293266993896969613453401157048055446752623572549632
194617115003493681017752515159422958925318136300214820648361469673472 6719370929703711569917600123264145003918995960433375990548564091073714689702992217117508144712476786688 48219581664045149939331207138260366905207497077608814720893222188118935184031744
194617115003493681017752515159576484758831294083535210363823849472000 169617318218724895639996560071320177519438454100059419979674195324091498496 1217159153886490667183776141262882195163308640911360
194617115003947299697848818261497029645354627818565967428527816048640 6719370929707785890531887300330002972987041634200731552941606047822755525240250847288385423132990636032 44510298177738888363607413284516090574853250264745594790774277275477894062342144
194617115003947299697848818261650555478869381383968248454500807999488 169617318218827739674829135448954863093348288506620840971276294065550786560 1123529383699494084860828315111561070755360683524096
194617115004201693957632555811984515251861579143046678122810294108160 1018580153571794266464492267011418441838890598260489187260208884314657542719319605128462336 3709191514807076043593180256993443606310470132898789295845003180712428927205376
194617115004201693957632555811984515251861579143046678122810294108160 4074320614287177065857969068045673767355562393041956749040835537258630170877278420513849344 44510298177684912523118163083921323275725641594785471550140038168549147126464512
194617115004201693957632555811984515251861579143046678122810294108160 559970361337025787200678890503544558882472092217686470175259776033292994485657678258992590321633722368 26987920244625100297383649563804334980061620317119553464373467938816
194617115004201693957632555812138041085375295450095729796951388160000 25711008708143844408671393477458601640355247900524685364822016 93627448641510968847095731361819554208681235070976
194617115004201693957632555812138041085375295450095729796951388160000 102844034832575377634685573909834406561420991602098741459288064 1123529383698131626165148776341834650504174820851712
194617115004201693957632555812138041085375295450095729796951388160000 14134776518227074636666380005943348126619871175004951664972849610340958208 681229347839769384863210125592931336192
215679984713344448658846659438452684726723401064291060301526196027392 2204046013574963761164603731301969480606286895968770844630939047331193916220538815912780952650499599934423040 1067993517960455041197510853111763977545977361475710034536644574157329606280513070253791720243200
215890609699201478061683832419219201528066375342247510769852123185152 1218421139744725490543248600629233687298175150495649346986324821742968229381109396703555497849582237253632 3820115918554009886888520922710563473273336406129247500647214952485445032529815424340613909974560801841742240
222419984235636462679435617551349025533578625597160574790302441668608 2201895855888408098694105977469184022822275319206820220507361040392950396359942708518025271699469148933324800 27802445000499097288250359309170223480028074570608175496731029405696
222419984236445620325012806863117538354768870596500847940657723211776 1174342963218666303679478136577289478749494113138505616300986389827772469971585971276202828778194804131495936 96435544818467344037314859622067545960059234413000658126784127176733672033648640
222419984236445620325012806863292996784872876264809468991948619776000 29642774844752946028434172162224104410437116074403984394101141506025761187823616 2434318307774684407737151705987922415640599610163200
242639931380495088453513674525472315400360545486831641789829061017600 587744856263330675835090573780153299602764386862817379545977020871645594601087334323790953066402368857309184 1067997592032407710169683390003140899253045026489448574079928176469700506738300700384827539456000
242876472661493591282353940390362168993293163906196648170181968035840 580988473772601166166187497307278549726559618651436492066832494270494045951316881295960581844500480 3820108632258462888034152613192377159153093794635299505143498355874811412094327111898803490660097703760888224
250222005005402177945527571758265805323822030326774300443613235281920 559970361339062947507822479036473543416494929101364251371780754407813412254286993344431229531890647040 96435360882195311002290591633715979891837438786956545160232278239159451115749376
250222005005402177945527571758463195681196808435837366881794641920000 14134776518278496654082667694760690913574788378285662160773898981070602240 2434313664679285190024489015407308409425712111845376
250222429236135559967685976860518605168796241849142812505488647782400 587171481609333157951219989704588950739324185469280320853861665819574439645092689486864612548854040053678080 27802551058410018381608545078668320595443571503876038229334090055680
269599878047645728248180689612491946073997689909372223278131926007808 146936214067436319927707814880560226608835895512668391957525710878856905347040954965128577356378879710724096 1067994536478443208440553987334608207972744277729144669422465474735422331394959977786550675046400
270283996567352019660206618050140164546444262345509384106181671256064 1370724072707053063161737758801636551849721907587414841077861457877086393300771046949940583061070939160576 2672591200950845745184200743260573947911089283233167484742424033633502892620138616881558931374080
278024874236634657255936336169688184804013858101125050220674853896192 146792870403935376014602313685584245153112853624862689379595671219567230977755982164900579961700248736235520 27802471514976827561589905751544747758881948803925141179881794568192
291504423338566292779837100628399756658701624068720030023925333229568 1321136113606180261170886657560690181829952585528283369020735374446621232624740344829224854591083920593256448 67469800611562750743459123909510837450154050792798883660933669847040
291504423338566292779837100628969995468893352978195763252785601052672 33348128767735323421236770723835964842087212371098671586194864581228471871602688 1703073369599423462158025313982328340480
323519771381947007837514719786531207421271978754453386254737655988224 1175492515112531430542984455885020823839713514685012633911722336831120267057138197743197873178653427631128576 1068001666104360379141855926894517820960112691503187113623211778782071407196088330515863358668800
333629764237632851832437054788027344074449090605089525651047266123776 1174345763070472988808414139942099150953652988335159349239213131999474887262798540145734657370872599407493120 27802657116320939474966730848166417710859068437143900961937150705664
377807846361343141756668674223980360716770571786955983364811930075136 761513502834690317890113458487019708200634332339590167584699047005602278610216348598162834136279820533760 146927255089002030192843469411238928965988553803191625280110068978064946794704459561424622244253762712502288
377807846362323364216995018385007818434011588298528119375838616944640 761513212340453431589530375393271054561359469059780841866453013589355143363193372939722186155988898283520 146927255086863957232082792815091568371380094644862753853523534990271007567797657247328511350748515567403024
389234230007440980715601333420919988570672764118780788076889285722112 733964631996847109331147589272045442455205528959030560870242179532734997638947359191123440201986518527508480 3709191514861051884082430457588210905438078802858912536479242287641175863083008
389234230007440980715601333421227040237700675467503458818324657471488 18526741345358850407019684642723912636868654333896679389144293828215591277690880 93627448642873427542775270131545974459867097743360
389234230008403387915265111623969030503723158286093356245620588216320 733964352011666439799673835360805924218433820711566010188116493642357793732241232047626767986371752582184960 3709191514807076043593180256993443606310470132898789295845003180712428927205376
389234230008403387915265111624276082170750590900191459593902776320000 18526734277970591267771357601390065256523197546502490246313213441266100742389760 93627448641510968847095731361819554208681235070976
404399200007259596920005226305294460104557166338108722324542974853120 4114070650179815308554016738281335447335823599403991131449762103191534406334057074028785310527339549438246912 8543948143683640329580086824894098656331360322157343036539696134454596988357179493391426973073408
417036675007486459323755389637543694528264243779733565727793091706880 4110057027601832683408697801610807083232794299573427036915434399658212055960381423786851529293022267447443456 222419560003992778306002874473361787840224596564865403973848235245568
862718293348820473429344482784628181556388621521298607625691679686656 12094252136747199455324686671599977858938367971362650391071162336064441358403321941 1725436586703918048594075646333092152535984909458698994235095090462720
862718293350389748863191152975587128912190538125324196486807688839168 13986922125642128325283469902569103947244190359756028668946235477 2156795733378328285308747887725406243314179220219348153932752854450176
862718293355097575164731163548463970979596287937400963070155716296704 87997377815889586131804005922941418331512307159432372849184071219150848 5176309760099199942311453577471604878761539395543892271816357202362368
862718293364513227767811184694217655114407787561554496236851771211776 55947154948921005433268953568162461602903430527096633056588464128 6277101735386680763835789423207666416102355444464034512896
862718293373928880370891205839971339249219287185708029403547826126848 12094252136659202007574720010905040094463003082299572533764109076362595561649471488 2588154880052738522023420129117720334092373530979997313630410618437632
1294077440023230710144016724176942272334582932281947911438537519529984 2015708689450533435427122118510115958219738750398761260349779306672243406861844565 431359146674410236714672241392314090778194310760649159697657763987456
3019514026720871657002705689746198635447360175324545126689920878903296 7333105493464974024149428282086190167215758446047609887993163170185216 2035411700864423587880034580095712022381586530221932196993878732194042609664
3019518140488542082705285230708815053614856060400944935872866612674567 7333105493464974024149428282086190167215758446047609887993163170185216 7404770507945427189697361321508077272422311395351109385068740608
3450873173395281893717377931138512726225554486085194430502766718746624 57669888194366464517598831827376067055838233462421139394342392982550997893120 1725439877706755601243394688522378183738373358126118402971757145227264
3450873173395281923648931463675404491037019860114670673056265198895114 23067984610168559773646358830237128152304385038839454614358894661996919193668 11972621413014756705924586149611790497021399392059392
3450873173395281935621552876690161196961606009726461170077664590954510 30757303036084088269282140238980364107874393376325058534088828230013212950528 5176313051102037494960772619660890909963927844211311680553019257126912
3450881400918068499747588705984425512978079399764522598404832240861184 8062853981098198530529460786670231757036380905558911662372251095559152858583531520 3291009114642412084309938365114701009965471731267159726697218048
3450894564954527069395925945737885971782119261651447667048137076244480 8062842447091227235262697370807268568694624977243356144360181787528583695703212032 2588158171055576062700117758292249659370175830035626225345673281142784
3882232320071261438790605728512366705652162624882293189985576895905803 106710729501573572985208422790837214666182385496323839295556 2156795733372051183573361206961570453890971553803245798488288819937280
5176321278631101190753748662255882780215074274694953436261505845690368 29332421973859896096597713128344760668863033784190439551972652680740864 5176309760092922840576066896707769089338331729127789916371893167849472
7764464640139384308754585997120680457705842192138849456716822685417488 12094252136673868190588125839857587021179191282764168667811822123783013521615257634 862718293348820473429344482784628181556388621521298319395315527974912
8195823786813794497578772586453967724785691904452336772444070957023232 2015708689443200329933523756074089562971421049703056955385398968802379838892539904 678470566954807862626687172831297101861391620180256274507499010114224914432
8195823786813794545469258238512994548484036502899498760529668525260816 2015708689443200329933577111438840349757913653914452373992732059995128000812187682 452313711301559737193806569000729685747546877428392183420323348895982682112
8195823786815363823896260261957642672320984956906471973646134382428177 53355364750786786492604211395418607333091192748161919647778 8979466059761067529443439612208842872766049544044544
9489919327387155740989253015291918127975829646828806653267152625205248 16125669515545602639468190048592716503771368397624455643083191750419038711140319232 4313591466744102397078275946460032672593408481635967839530076120023040
9489919327393432902587746761129537447021968061303861493818613622112276 14666210986929948048298856564172380334431516892095219775986326340370432 29931553532536891764811465374029476242553498480148480
10352640911770199263772228531070254581926058899486245949831526660177920 8062834757772801319734095024296358251885684198812227821541595875209519355570159616 2588154880046461420288033448353884544669165864563894958185946583924736
13803492693581127574869511724554050904902217944340773110325048447598592 3511919755734797027579719957381662708288657576170145923106062387221890961134151926802137941407590628343808 3359617113266706315836163420937480252601590786594813158452540447974496372152000255851069709462624272384
14234851840255537811584183965946364995680412255101422414137894287441920 2244912186866433489303337977912552028507284353466368 5176309760092922840576066896707769089338331729156124115269111039131648
14234851840255537811584183977445186738672764812455929334110813792763904 3894460328388663514410652878766080 30695382138687053627392
14234851840255537811584184322769177207911852550508464986317176535252992 56668397794435742973952 87458929706530024314373226286774466533460452895343166761218404181855961088
14234851840307323900901124093746832001456060530196305336777033837445120 2057832484304386633231760831672370345216447006900224 34359738368
14234851840410896079535004326350122527022651965677057342109473926807552 1361213842586933207316726387885966622720 14167099448643295379456
14234851840721612615436645024159994103722426272119313358106794194894848 196173459680806095162836596588749584742232248857758007296 37778931862991521447936
27606985387162255149739023449108101809804435888681546220650096895197184 1452473954795146670929692085281431674684138350638278236932704263798048736272165765445397352389017600 1119872371088902105278721140312493417533863595531604386150846815991498790717333418617023236487541424128
27606985387162255149739023449108101809804435888681546220650096895197184 2614453118631264007673445753506577014431449031148900826478867674836487725289898377801715234300231680 1399840463862146149586568668433750994761559896073014794576470350467116373024900923194650099763891929088
28469703680511075623168367931892729991360824510202844828275788574883840 245214252316200571737853542900604781053855726342777077760 1725436586697640946858688965569256363112777243052041371756370346377216
28469703680511075623168367931892729991360824510202844828275788574883840 441385654169161029128136377221088605896940307416998739968 2156795733373620459007207877152529401246773470419077303556587531534336
28469703680511075623168367954890373477345529624911858668221627585527808 98085700926123396355105988680930210290180191021957120000 4722366482869645213696
28469703680511075623168368645538354415823705101016929972634353070505984 6189700196449419415582146560 29152976568843341438124408762258155511153484298447722253739468060618653696
28469703680511075623168368645538354415823705101016929972634353070505984 11141460353608954948047863808 36441220711080691275385784292369136763465484556001269166571751166145724416
56939407361022151246336735909780746954691059249823717336443255171055616 196171401853317289730318262792367886738707377290676797440 66113130760175033057280
56939407361022151641433242539267718250202402506169220116411537231450244 654793588545254611252166792844779876856649681469440 65536
56939407361022151740207369196639461074080238320255595811403607746548901 178416850628529992212903348268770470322503680 2361183241434822672384
56939407361022151838981495854011203897958074134341971506395678261647558 356835062460517343816644243892167085601587200 14167099448608935706624
71174259201277689551791553174084647812753003132711525145514421539312805 4543537049786774100145761691893760 2361183241434822606848
82820956161486765449217070347324305429413307666044638661950290685591552 2598107096362858639956083628266633570403678717760414361363362704225343830267778368099927709095469259194368 7839106597622314736951047982187447020990698378157443268300065434915039083912361759932607492888566169600
85409111041533226869505103795678189974082473530608534484827365724651520 1683663266772098684983447347767607265893153281179648 5176309760092922840576066896707769089338331729193903047132068200841216
85409111041533226869505105936615063247471115303050789917903059211517952 42501347885422708293632 204070835981903390066870861335807088578074390089134055776176276424330575872
96624448855419410721268236194653160542015154929687143677165325065912320 18027967319854765778132606495322255453641535466403854768910895949482447995511421932961792 293567822847797149041185391319546323025696403421127022567444610047038555037723694467702637185355745882800128
96624633151929831366811756680027982497048537374364362471308386065448960 1056811877370796614580187277311994285213469320444363900210656883514931499418693815779328 3639585206038931842155843706015603606985056685477714254990252151972371069831333610505325518584509628416
99643962882151267306307868575736071808953128521239867925883058008883200 11682747159865876428531210284990464 452312848584911896069202220236388998530640902002049203091200007542407200768
99643962882151267306307871073495757303660007390093914206248099978936320 294912 7642277889690671395985240713114028519173708680226623335428763150514848771637248
99644152937927638597024624076278856950081304167313249807345013810003975 649076721398110585735108813144064 5607668906767333077290739138100083180116526039919134458208203625725952
99644152937927638597024626574043306543309405545320412035521717242920960 16384 94747173848740859673904328477339005411248823969955097324653271197010624512
110427941548649020598956093796432407239217743554726184882600387580788736 152302642468090686317906075078654210912271893811956168466826707507048815437674503884147733730612285014016 279968092772225526319680285078123354383465898882901096537711703997874697679333354654255809121885356032
110427941549050755110020841365317897762303034205356735631046085789614080 1827635195547930871421869898068834374618561085101774983194395357981021964583212385115181129025871195340800 1119872371088902105278721140312493417533863595531604386150846815991498790717333418617023236487541424128
113878814722044302492673471727570919965443298040811379313103154299535360 93541813779948610604560062440081094479960036343808 431359146674410236714672241392314090778194310763010342939092586594304
113878814722044302492673471819561493909382118499647434672886510342111232 196171963103129468318237971421763813613163060190175559680 49584866084529784225792
113878814722044302492673474582153417663294820404067719890537412282023936 2361183241434822606848 7288244142210835359531102190564538877788371074611930563434867015154663424
113878814722458591207208992657984082067375004024274134772437780581580800 588515328060646727470545913302386299542751570940758523904 1725436586697640946858688965569256363112777243052041371756370346377216
113878814722458591207208995512566579775611437017250187664283542833070080 14855308805677503712189415424 29152976568843341438124408762258155511153484298447722253739468060618653696
113879031928645868891871036275493766937744219829676921610284796945104896 1122504263196653275609526523295772850525891733749760 18014398509481984
113879086230296260491670427389476835194834745162184293344634368595853312 187083627561258433753553615286535377394718767841280 14167117463007445123072
113879167682771847891369514060451437580470533160945350946158726071975936 748334510239588893923554599075307490199725093683200 18889483945877090336768
124231434242230148173825605520986458144119961499066957992925436028387328 3511919755734797002154069495931320628094740139663930472970241677707488890748657792715169449965311984926720 2348547062263317599794189522409072517179522337759181205403897687744302498534589393694139727449692266653810688
124231434242631882684890353089871948667205252149697508741371134237212672 3511919755734797030750155589494052552029219408106128778746470348554982661766122577346932439663672075681792 1174272411259287710995005023834535561183756196950211380985448448814851319681944487244034259840369679063318528
124231434242631883451138123522816377846378765724852100550740695329013760 3511919755734797020182036815786086406227346634986185926611777144111343659659553742197617445476733917888512 293568382792526641635952753711972177762433769775182772517644834515451187969814959149772667739908508223537152
124231434242682099498773446535982634982590913481026327584926846513315840 28596086093562731923934479268442198305776228670847493771017464784631762989698360090755072 1174271291386916622092899745113395248690338663086615849381062297968035328183153769910615642817133191521894400
124231434242682100360802188273045117809161116253075243370467602741592064 18027967319854765778132606495322255453641535466403854768910895949482447995511421932961792 8543948143714723031855698490028599422257984148007149045004637182695906015360722042934518570024960
124231644867215220565511519358871745187243403515042901648963203950968832 3511919755734797018068413061044493177066972080362197356184838503222615859238239975167754446639346286329856 3816388976187503041327252578676720568619129838348170890511377121921420997685139557421365272053206941482090496
124231671195338354614472258588607406067633833767039894605967924941291520 15914343565113172548972231940698266883214596825515126968489582182452584996674034301403136 3816381697017090963463568266989308537418817614581590498870301897279394078395451003726314647957332296686632960
128113666562299840304257655693517284961123710295912801727241048586977280 2244912186866433473077053768259901499830312376467456 37778931863094600663040
128113666562299840304257658904922594871206672954576184876854588817276928 56668397794435742564352 61138339729209226981242876266595697122226588895462338669584209672707820883017728
128113666562714129018793176623930447063055416279375557186575674869022720 2244912186866433491250568142106883785712610792898560 1809253119769652263688470915465901686648697318765508920943601438289561780224
128113666562714129018793179835335756983523289567758652650600719368323072 56668397794435743023104 30569140711628044647280404587711874897616389897862038568694326444014106293960704
128113666562714129808986189882904389654078102153753729989988034744942600 2244912186866433484759800928125777928361522661457920 452313711303205244889675649580871783158822458390670729111957943321618579456
128113666562714129808986193094309699574545995249781916929904792217845760 56668397794435742859264 7642292466401375377660761711269989712036589417256614364024800509532090845659136
128113666562765915108110116740232092325796879527308401618992503154278400 18173514373846982285882298416431104 1809251394333065566047524056776936117392334205988265868902229681919215403008
128113666562765915108110116843721488013104544771766748030993304537006080 2057832484303025407706426738599177190297350755581952 37778931862957161709568
128113666562765915108110119951637402247562866644406461122318985687203840 458752 30569111558651475803938966463303112639460878744377740120972072704546045675307008
128113666562765915997077256656577777740697401135983846022831408014688265 11682747159865876428531210284990464 72057594038190080
128113666562765915997077259867983087662463410536682633436536067642916864 294912 222419560004801935951580063785125160287841804734910489283211764695040
128113883769315696208183754338836487224344759874887993622532195784589320 2244912186866433483461647485329556756891305035169792 2261568556509444206219093423735739039063882889933422739875863001076127399936
128113883769315696208183757550247241828836887459446078741199139098591232 56668397794435742826496 99349802060215215849525480689986323990035079364065290050025590365722078641291264
128113910920192678196174516669501387507247391072259892609443589184290825 10384593717069655257060992658702336 2261564242917977462116726277013325115922975107990315071993501747193099747328
128113910920192678196174519880912822698540664272554815474242207883755520 262144 99349612565867518367806132881329369312024256866417350139830941059179684620042240
185053426884049536949290433947677371273834357223224997616712795035795456 588514205559238204510883931423432016110557468374188687360 18889465931478580854784
193248897710537520559237911712642203191716341871401374292996376475205632 2598107967845569295687397245435489687580941475663859482877693378358878302058943363338254072550671727755264 3522814994033120955180804514061322440061644856992310984699459490878687191379840050533527741015272361115516928
193248897710537521325485682145586632370889855446555966102365937567006720 2598103900926252902274600365314161140753715272114448915810816899069050767033506718892731043093060207804416 293568382783982693492238030680116479272405170352924788369637685470446550787119053134411945696973989653512192
193248897710838821442536472389306321084030309859374287354330650131824640 4066919316411440764199976094324959832698871666020708411945693682303936332593927971024969033452912640 3522813874160749866278699235340182127568227323128715453095073340031871199881049333200109123992035873574092800
193249108335120858439859077981641999711754493236746767200588446188961792 2598104481914726672762142776760065218871890444050078996820370681824740414894283382384948618729861853511680 3816388976178959093183568938347140481794235950316422867303593174720936674208461581362862385273266264252350464
193249134663495076558235284441931092169073230145387854375371728559800320 580988473788515509731300669856250781667257885534651089249159544416771672612974665571148223578669056 3816381697008547015319884626659728450593923726549842475662517950078909754918773027667811761177391619456892928
199287925763991818076714096453662272041457477554882669257265146306232320 1683663802022650556942812837117329785278078055120896 1809253119769652263688470915465901686648697318765508920943601438427000995840
199287925763991818076714101449181643023082552320300977582186602044588032 42501361396221590405120 91707363828930996255158337514318100176538147386617518810638471853106197644574720
199287925763991818866907109712636214632480163429260842060677506182152200 1683661304186741821132440553485291361481762443395072 452313711303205244889675649580871783158822458390670729111885885727580389376
199287925763991818866907114708155585614105258002324241861490674894110720 42501298345826807218176 7642292466178955817655959775318409648251464256968772559289890020248879080964096
199287925764302534612615737151472143617906257042479735851766116017766400 2497835908747493119443497914852327525896716288 1809251394333065566047524056776936117392334205988265868902229682056654618624
199287925764302534612615742146991514607320014780187828412496199957872640 63050394783481856 91707334675954427411816899389909337918382636233133220362916218113638137025921024
199288142970593385266104674168568312202746821150395105693221667221798920 1683661661020443069105350879718439707738378959355904 2261568556509444206219093423735739039063882889933422739875790943482089472000
199288142970593385266104679164093127868396150211988403672785021774856192 42501307353026061959168 99349802059992796289521487911680321115567167411007783608539630570695379818807296
199288170121729297700680137080741438799356768587431226842217202047778825 356833701259655657486099024774787826800951296 2261564242917977462116726277013325115922975107990315071993429689599061819392
199288170121729297700680142076266935058297812408336182764419422154424320 9007199255035904 99349612565645098807802140103023366437556344913359843698344981264152985797558272
213523049112240384033355295524728535097161000887115180861361148369836230 1361212544433490411095554917668340367360 14167099448608935641088
227757629444088606565732970157070873000809610024676880465646148925800976 245214907108004945763795298105546150930386935392197672960 2361183241434822606848
227757629444917182414417985499949312023296968483140885388432541399121920 980809118779506886039721731190458176104394517029737988096 37778931862957161709568
248462868484460296347651211041972916288239922998133915985850872056774656 304605865924655145236978316344805729103093514183972778100286083180963696386371254820069699995454930976768 8399042783166765789590408552343693729757630175923245461375488842910788479271028469241119111132336881664
256227333124599680608515311387034569922247420591825603454482097173954560 441385841251539668008262754333161041296090274565816614912 6039028053441743314005411379492397270894720350719923733010253374029824
256227333124599680608515311594013361296109766624206728013994648269750272 98085700926123394313287172030694593646847814519446568960 63751992554891102961664
256227333124599680608515312100854418918573821675932934092002717780148224 11141465075943912542992105472 218647324266325060785933065716936166333651132238357916903046010454639902720
256227333124599682188901338111961246478155139649588739133867776511328784 98085700926123394653590308139067196420736543936531660800 2361183241434822656000
256227333125428258037586353454839685500642498108052744056654168984649728 98085700926123399757805042765710009060841533427737952256 37778931863111780532224
256227604633006999542364507261870694614613847420296858458527070565199739 340303136108372602773888729417085091840 49152
256227604634405221879665230597208517408328279703473120935681530954520774 5444517870735015415413993718908291383296 154618822656
256227767537802813406910440505877907352833969284265701888791221475737600 98085700926123397035712260897675415837957649856127303680 18889510967474854559744
256227957593734542866803889697954038984267709985780885136965805477992646 2722425088866980822191109835336680734720 45035996273704960
276069853872626889690671529495655817353691369451278318601039117203537920 6988949581533217789596511022586774518980049197150967867731224794797015583393730729292520873443459072 146792030498588969060855966388040427083223575874840551628087142800658190432643438928965905455979883392925696
276070038169137309665748250852204263776947927517695269561983812247748608 6698455344649030830268158867162295618671393376395676560160291313873295851945499552004121166436384768 146787551009104613452434851503479177116455186767248988997977295275671249889931678567461823918196457451028480
276070222465647729640824972208752710200204485584112220522928507291959296 290494236886300583083093748653639274863279809325718246211822208724141045215261040287237094638632960 146783911423898574520592695659773161512848201710563511283722305023519277518861847233851318592677872941400064
284697036806146479993505014792395061645994224746630768939625351143751700 4460247041027797858584621106529202641125244928 226162031961362715367678400857332599348500567527064558458990074931991035904
284697036806146479993505016219860535071976605466743626550971522384789504 112589990684262400 3821350303925459812218046758520540631214310202874475413700721186400863871057920
284697226861922850592802883691335647019977550252623249618101492053442580 4281830190404460480142902642941809441680408576 226162031961362715367678400857332599348500567527064520680058211974829326336
284697226861922850592802885118805884544481136150199768135854075905441792 108086391056908288 3821233692019184438852294260885491598592265588937281622811706228528621396443136
284697416917699221192100752590276232393960875758615730296577632963133460 178416850624635531884514684758863417071124480 226156424292455948034601110118194499265320451001024601545600003771203600384
284697416917699221192100754017751234016985666833655909720736629426094080 4503599627386880 3821138944845335697992620356557014259586854340113311667714381575257424385818624
284697471218313889030078808460768280830179498909177560557012849061265408 196171401854744624535319241507772392880256666483105464320 18889483945877090336768
341636444166132909058406441976632366910191728524324315138532659267912208 196172056644943248266848575981826251333074298715389296640 2361183241434822672384
358890810033511051457672052407290814050542957203490651616896957846388736 304605865924655145236978316344805729103093514184120041343666164688446568796015193663300919348801958871040 3816382816879850110704029450339671252234229522763964947044725065370696023425628493011181651719555658995990528
358890810034414954107567734437283167727484861167409390800899778816245760 589052973520326029931489638575755372924877413388111577088 3816381697007479021801924171618530939740811988900369415440338914523880031926837775677763034696319171454566400
358891020658094389338293218676290610570581108568836044524489027560144896 304605865924655145236978316344805729103093514183530988370145838658515079157439438290376041935413847293952 3816388976177891099665608483305942970941124212666949807081414139165906951216526329372813658792193816250023936
370106147847058271815724304045018651989622424616099738226919877755535360 588514392640724759478193512382916751884218137169683841024 2261565968352918655200351929660135715996780870262575388169158858906804846592
370106147847058271815724307613420998694185258693183121756286260613218304 14855285193800053367689478144 99349641718593865206143079130143878336403367072711953840881490029242709063401472
370106147847990421423429226138448266718968763078890938010422786890137600 588514205556740365879723032199022842352511450415468904448 2261564242916331957559405070971170146740417757485332336127787102536458469376
370106147847990421423429229706850613426128458638704363733092794158284800 14855280471424563298789490688 99349612565617296362801641005735116078247855919227655393159236289774648444747776
370106365053659839005114881759924692150911768211612174662876398671101960 187083984393598470480183893909531706686754214936576 2261568556507798701661772217693584069881325539428440004010148356419486121984
370106365053659839005114885328332483539498856584870547846884680343486464 4722375490068899987456 99349802059964993844520988814392070756258678416875595303353885596317042465996800
398575851527155058724357151368465228682837414748766021355102786197389312 196171401852246788626574344061389187293695629038893137920 9444750980172159713280
398575851527155061490032697774874027751416817543184540814880760620151708 654792696459640274231920437064039378669676496158720 65536
398575851528605069225231474624911296040769694845496549429756947448463360 3924996489155838493095271383910738524549152768 34359738368
398576611750260541121548626964228184282104769403869225635996789307867136 2497835908744897446383205586561037444212326400 18014398509481984
412810703368705248768864838253451546991092572504731350755869101107183616 196171401856171785115730182554484458677606367563442290688 37778931862991521447936
412811490741341274733032506498664905149322796882578840837282388926005248 588514205559238204510893018497531589658757759897572474880 18889465931478580854784
441711766194596082395824375185729628956870974218904739530401550323154944 3522885545992499557032467926248035988209606452040056624037084798398764244736163560505396243236664650426745232 87997265921579688289793137246122769381113885314691402166382967744626688
442143125341270492632539047427121943047649168529665388834214396162998272 88653318322320212763005187840564787552369300532614947889230897184727147479440 5176309760092922840576066896707769089338331729127817586488003732176896
883423532389192164791648750371459257913741948437809479060803100646309888 1399928573489322256968889256016470637742903009006877741503808716319273341039363726944333915657747824640 29332421973859896096597712415374256460371295104897134055460989248208896
883423532389192164791648750371459257913741948437809479060803100646309888 2519871432280780062544000660829647147937225416212379934706855689374692013870854708499801048183946084352 36665527467351547803122533912464122680513385288689966694665957058543616
884286250682540985265078094854243886095298337059330777668428792325996544 10078543447252667247068887091428199431653156421700897672181362209148299042262876160 1725436586697640946858688965569256363112777243042605862162667910725632
884286250682540985265078094854243886095298337059330777668428792325996544 18141378205054801044723996764570758976975681559061615809926451976466938276073177088 2156795733373620459007207877152529401246773470407282916564450905423872
2650270597167576494374946251114377773741225845313428437182409301938929664 2642131403415487175784627852546385072450301064730634039468199140574216154298469139391337721099359693427441952 198425207470228708888749231045342769770147956762109551833064400513662976
2652858752047622955795234284562731658285895011177992333005286376977989632 65585443708734054883936144686820631048345910956914903134329160600170772037920 5176309760092922840576066896707769089338331729127854479976151151280128
3091982363373421143080583558228901137344484957749988597669290402109194240 18333448117819477223076550041709690262744777697402206852087349941692008819545729236046184736 7689318425943502233176437744201300679687922814075842532656102917283717840896
3091988260861754603737976213760895439905553195979659599081868354094366720 1018580153571794266464492267011443550245832144983544530417901714980321952141097461266513936 95330371415044662313942565349966333496206709090915685680248215056678912
3095001877400152999665623190609984048611422931341541321918008135052165120 455089875815534355378094733182555815167420769723642502185248 452312848584911896069202220236388998530640902002049203091191009122082357280
3095007780647752410968189081157146314358585962772608486417904981838921735 26677682375393393246302105048632582268435010638972146679824 5607668906767333077290739138100083180116526039888469052028670709858304
3533694129556768659166595001485837031654967793751237916243212402585239552 146792870402333287959934767072164803346475430273420188630904820225591973433469047677151588952617607015432192 7333105493464974024149428103843564115092823776224283513865247312052224
3533694129569624163520666923690172728393697094571415540193474745267650560 1761517804650167489896925586593209648600900201792731040903873600513392322220344409934897339056708421276401856 29332421973859896096597712415374256460371295104897134055460989248208896
3537145002730163941060312379416975544381193348237323110673715169303986176 3844659212957764301173255361616590690440604959601346852874920937021954326528 431359146674410236714672241392314090778194310760651465540666977681408
3537145002743031999617855074982838912698769064390332939334866440059617280 24188550409316956718295798383917506455967959703752501712145666726509683568984195264 1725436586697640946858688965569256363112777243042605862162667910725632
3975405895751364741562419376671566660611838767970142655773613952908394496 3522885545992499531568958733425998899881610541250261509571482086111745679723501613951133758703253185514962944 57896155046599646762540602526646823669456807380527269702971325362717100867584
3975405895764220245916491298875902357350568068790320279723876295590805504 3522885545992499560088208386963418787603083253074387274774581233349397835989868705446362099659957034226287040 30757303036084088482704005563651080188591593337268079157149576085295853469696
3975405895764220270436419952730124091084120503195267217623702250528440320 3522885545992499549902406851245476122958160582959951772316259783513952531810851555643142578248982421561147680 7689333092365113746462366664223777366617989949857919332920767302155972378624
3975405895765827183960750289151444319442909231392842482717659088426106880 28519249653537419887721472711824125765203099147237652156266367091495228340956703848711324096 30757273703662114622807908965938664814335132965972974260015520624306605260800
3975405895765827211545670024737443769893155720098407787854963287730946048 18333448117819477223076550041709690262744777697402206852087349941692008819545729236046184736 210624583337880621166268999801836950134524351697636654377630433280
3975412635750887058096368619483895845991788912481372852766822526431002624 3522885545992499547865246544101887590029176048937064671824595493546863470975048125682498673966787499028119808 96342820507470822851603071352234096598922851038948373090175724211158174924800
3975413478250827347663112274835436994164282680545276627390973598121328640 16296287810675888690147565507686803162253113407435117791251546511731364915263534313513156864 96342636748474339552842230901859258943281311076639163429190918877252285366272
3979288128071434433692851426844097487428842516766988499507929565466984448 88653318322320212121171535397276679450159832009631056842765052988279618535424 36893488147553320960
3979288128084302492250394122409960855746418232919998328169080836222615552 88653318322320212843038234966744967291275615678512694694535929101643587518912 1809253119769652263688470915465901686648697318765508911508091844518473629824
3979288128084302516794268019090212102891819839624168847062949589944369160 88653318322320212576261411212811034828254565192186872010185822711922120720672 452313711303205244889675649580871783158822458390670724394122160824781898016
3979288128085910999570086959355693776786115197439124556751724745067069440 721866699569468287841115783668881637851770876113363968983488 1809251394333065566047524056776936117392334205988265868902229681850562904192
3979288128085911027181945093120976429824692004981316390507327093004042249 455089875815534355378094733182555815167420769723642502185248 70368744177920
3979294874652987533739040854463860588028890268841217944740391518264623112 88653318322320212522906046462024248335650355094921707473315801433977827361024 2261568556509444206219093423735739039063882889933422678544969656158719574432
3979295717975681671244814532916330975603896237850496625394449262364327945 401734511064747568885490523085290650630550748445698208825600 2261564242917977462116726277013325115922975107990315071993420761341523657120
6183964726737200657895613174804550502134922939884843977375884047206580224 2642132243371029181323308653564720827787844627479144057360208671050711280595314194794366269253745942688956704 88653347654742186596224775381974537582477190857237495939376157970208072400896
6183964726737200682415541828658772235868475374289790915275710002144215040 2642128323578499822142798248812487302879308001319430640530830862160400691210037269580233044533276779468554528 7689333092154489163124486043057508366816152999723394981223130647778341945344
6183964726746842286161167116457802274688969915499977195338580804218388480 3919792529377513958522571710747985086667869403679574155506292517441472626866906142044266198399266586912 88653318322320212736328678784262122208220730485942391042242102509218824192000
6183971466723867470075490495412543990776143783575896550418830278046777344 2642128883548861159168585449491377806437670376485103985792170549144730775407933973182252076636200945642897696 96342820507260198268265956978838260543550193262327443235883010760408431591424
6183972309231842449863529102141794949410343364652411340011895313913610240 559970361355359235318498367726634912416875363608006117384386536936285246645294027851648653402220527904 96342636748263714969505116528463422887908653300018233574898205426502542032896
6190003754790654955413089359545570570984664075568325272340152817037606912 65585465708050535278858217135104942056364540644824751927436305193910874931488 1809253119769652263688470915465901686648697318765508911508091844518607847808
6190003754790654979956963256225821818130065682272495791234021570759360520 65585363044573626769221879043111490685610935434578790892936297089790394761504 452313711303205244889675649580871783158822458390670724394122090456037720096
6190003754800305999331246381219968097222845862683082643836016270104330240 102663476908964726213907527806748848338392801776201920777827762982355232 1809251394333065566047524056776936117392334205988265868902229681850697122176
6190010501359339996901736091599470303267136111489544888911463499079614472 65585377710784613699169927341967698024290021893185356755007726818950463357216 2261568556509444206219093423735739039063882889933422678544969585789975396768
6190011344690076671005973954780605296040626903094454712478740787401588745 14666210987385037924114390562716773819641162381029492199452802570780960 2261564242917977462116726277013325115922975107990315071993420690972779479456
7950811791502729483124838753343133321223677535940285311547227905816788992 293586300775027914982834543061076985319632957270645400126057539475933420013024506241791604276291256373477408 213091418457158656937048087253029898000333604314558118860794895137767424
7958576256142868867385702853688194974857685033533976999015859130933968896 18141385894321895095917299013204924775362727202041713523624883625357178657791016992 6039028053441743314005411379492397270894720350649157411057485106642944
8834235323924060470101488943860986155318123822440906195233251750513213440 6999356110372224463517939568516089827018901770636905094532750904726672464670125315910883612930051407872 3844864971284714810271131770759799526177846647818459600163398388289684635648
8834241221412393909303944027270536440862333680566248625983481991927955456 6719370929704730150071171917530775138098330377514520256834242284214991418033304628346973248308230750224 3844754543343166161250532814666000306177457613747012182013731706856915599360
8834247118900727348506399110680086726406543538691591056733712233342697472 279985180669531473753911239518243673454594280222876501988475709572516850066781331468192559544353685520 3844659212971751116588218872100650339843961407037921266328051458641858920448
8842862506857580060404322429157725399610426677736258645571837984453427220 176425890989833786816300946729456463128281473101105506316451976633647104 226162031961362715367678400857332599348500567527064490051541021379170140176
8842868410105179450230998660109667824105363303301176606039599671733649428 169092785496395490474526912019033425690100802400442905612226368746029072 226162031961362715367678400857332599348500567527064490014647533231751036944
8842874313352778840057674891061610248600299928866094566507361359013871636 7333105493491651706524821496915641648277935865199470725503552180977680 226156424292455948034601110118194499265320451001024601545595504561041178640
11484505921072353646645505677033306049617374630511700851740702651084439552 293586300775027914982840376759166432699411353115726925829805513500376862717153265350066767604936907585224736 96342666080657715251926752623459203786060974098730739504380038126284723716096
11484505921101278531442167501993061367279515557357100505628792922119864320 23334792357789519113583380326102814991896097773770816515036433100653314582604846989312 96342636748235741392030656025746788411804513727435634607245982665295475507200
11484512661059020458825382997641299538258595474202753424783648881924636672 293586300775027914982817041966808643180297769735400823014813617402603091900638228916966114290354302738235424 96342820507232224690791496476121626067446053689744844268230787999201365065728
11495721258885900867003557928671033887556454097924309938350725570993586176 24188511962651496085717870134298642075091898881220126340025143270045277827631153184 2261565968352918655200351929660135715996780870262575378733649264981248573856
11495721258914853998758028993694226466270999459268582052838315930193756160 24188504273318403959202284484374869198916686716713651265601038578752396679360544768 2261564242916331957559405070971170146740417757485332336127787102313337848224
11495728005454585908492204660724933619838926133845529554922036253035593736 7689333092126515585649923772876175212164506475074424104691292881148270608416 2261568556507798701661772217693584069881325539428439942679335997130533765536
14134776518227074636666380005943348126619871175004956387339332479986171904 1121034348040521379563722487479643140573651617484895912610981469798858781337263193374105139174000558080 1959776649406597211939273699718691370350228787256784210445256948734227692313113655717856833197362380800
14134776518227074636666380005943348126619871175004956387339332479986171904 3643361631131694483582098084308840206864367756825911715985689776846291039346105378465841702315501813760 4759457577145148786258779145898883446443238576793403082640366425779474889941579739598142810777140068352
14134776518227075028985238467610895866356710125484107393736547758988460032 1121034348057853156518008103182088481344786429263040267378235301109240437992903054644187886251178721280 4479489484371904747778938294454806180227581181197627240685519170417495716375333894813032979381776023552
14134776518227075028985238467610895866356710125484107393736547758988460032 2522327283090153529218330982989448263259208427257496711864146223164737167562748441115908517721270124544 6999202319322952996816221426523925495481740092366911332988959667762666988411970285907022624468607434752
14134803478173742081545318519209095951053174025008742182718732242102878208 1019574800044613839748803031507712083519091510562083882695090446093743975828045420231131136 1018527701511704171779577441539961129964491390237861998934606151521927697586996217328435200
14148580010920655764241249517667902177524773392949297160449657528433770496 3511919755734797027579719957381662708288657576170145920861195872281624062547364340771922486263841470545920 3362897989353880833722722174278239505605782027506602194177526428189540714958465364402237045629408772096
14576488284421670719062204381129077755576742149223861126869734030309326848 3522885545992499557032467926247949144142678464892861235624789614391490713305343563440756359163980090999570432 84896656375284027508288073175047083068159280756931858680376620552235778048
14576488284421670719062204381140576577319734501781215481604068341710848000 88928324534258838728077734190268423448096185159676994191184622031194417684021248 2142962233921302067506976261961200706336587776
14576488284421670719062204381485900567788973589519263447219545630987780096 1119940722678125895015644958044677533796432864894563167354040126988477247752002662367314661101640089600 51017708995502362247309752917619937451290895401533560341488025639116161024
14576488284421670719062204381485900567788973589519263447219545630987780096 3639807348703909158800846113645201984838406810907330293900630412712551055194008652693772648580330291200 123900150418034948093173382440686193993069575632288613281370177010219106304
14576488284421671123641027170080559174392588767104710468304619743945555968 1119940722695440762979892641001289591570693597616105661257219434787349121629512015060240149670870908928 116611906275797598407629065456119629532073172889774926480559592695325327360
14576488284421671123641027170080559174392588767104710468304619743945555968 2519866626024764683631629361334059958774988238579636379792738467930291057159331688031639192558926561280 182206103555721630969422199966631146504657412274188689740690648790433284096
14576516086866671521593609723291203692321320190324600695271066401912225792 1018580153571794266464492266985707433130746753851817793782750282674302294818794919763640320 26514730592037582418104003651538339870993439582612831428755456
28269553036454149273332760011886696253239742350009912774678664959972343808 280259121559943535881386822250605765227258036345154776216017974010599406485063653301975521512550039552 2495331813590960493213861018753028403451124562168637522766863621997048176404362362203196312075069123379331072
28269553036454149273332760011886696253239742350009912774678664959972343808 3363109458719322430576641867007269182727096436141857314592215688127192877820763839623706258150600474624 587136765565829399948547380602283507961064837470966601198520539662606184659783665467325931950373902850457600
28297160021841311528482499035335804355049546785898594320899315056867540992 1452473954795146670929692085281431674684138105438991697498455417109464855679250142218746768350248960 1120965996451293611240907391426079835201927342502200731392508809396513571652821788134079015209802924032
28297160021841311528482499035335804355049546785898594320899315056867540992 2614453118631264007673445753506577014431448589790185055497219750797036740222650255993744183030448128 1401207495565136526685774301899018327611135898536347368587572492261977422952880835819385626089616310272
28518015904938609569680411222928669169527982273008046690664515832029118464 304605865924655145236978316344805729103093514183531419197444140799477741124424686517228063193355517952000 8407244973384702084306805435695591862268108278202718050687953793448399336287191240619037451549298130944
29152976568843341438124408762258155511153484298447722253739468060618653696 1399928573489322256959403568066115186216249938803180612626958686745907790289075030475188569786432880640 28298885458428009169429357725015694356053093585643952893458873517411926016
29152976568843341438124408762258155511153484298447722253739468060618653696 2519871432280780062526926422519007335189249889845725102728525636142634022520335054855339425615579185152 35373606823060749148177216394071535640649523887210181767303022623259099136
29152976568843341438124408762281153154639469003562430963208136683421696000 9713344461163982363292743888585859969894430283126323968289435484208384752810920509440 714320744640434022502325420653733568778862592
29152976568843341438124408762281153154639469003562430963208136683421696000 17484020030095168253926938999454547945809974509627383142920983871575092555059656916992 892900930801192199060523743385434029956268032
29152976568843341438124408762971801135577947179038526894439091261975560192 279985714697864449449211821380426564584701210043464128546505680723916764399927909253360763395102474240 64959500538773088062726797366780639794930355266354243439680443941584195014361088
29152976568843341438124408762971801135577947179038526894439091261975560192 3359828576374373393390541856565118775016414520521569542558068168687001172799134911040329160741229690880 15284584932302306745310719067023434789443435739687985138563446135799858994348032
36220364827956878756457598765229829574463419885950198086225892865789132800 293586300775027914982834525986831437722555219936716917109657750899248994562000013417731701764345079800004608 212234739191863278206932748181755430644945750783357476314386388856365645824
36220364827956878756457598765436808365837282231982576471443910471016513536 17484027440739407603029942766608793383502524851661849080640695875096288972268244041728 5357405584803255168767440654903001765841469440
56539106073113986616330670779042763654299153513142667532561527471582740480 2644714955197187161825494076101907409721011543117710047186151209982554002817311200920056689738700308051132416 559936185544451052639360570156260512259625378893377062587148310495798024617597636577219953422866841600
56815175926986613898340200770205967211389683833073096857559781867788566528 6988949581533217789596511022586774518980049197150967863271075755090890955086587074650258581563113472 146935382090872747350954458542716247591935677060887548878038008313810591645467731811646124591822574201077776
56815364830909794372793840160668124795227655851150471592591144682887708672 6698455344649030830268158867162295618671393376395676555878548235754767171663324790093983054190084096 146930898226886942176509494913150543279496615698308103862547194140850031043632229496663974830924259213180944
56815553734832974847247479551130282379065627869227846327622507497986850816 290494236886300583083093748653639274863279809325718246033416247135247022975658440647980290922250240 146927255087398475472272961964128408520032209434444971710170168487219492374524357825852539074124827353677840
58305953137898798698091004242315141267350120276924844440214716930347499520 2642134762965850933174174916234820559126636168484742092258097844125549538965687817641109898992338633456877568 14576488284421670719062204381486238127896959160475019114830117945053544448
65373341397038047478751018184571297549354116286062724734191994501098242048 6999356110372224463517939568515917283360232006542219225636193979090361186945821056247004439873293647872 3709396674838397259991407382550885932599428232866207052491653979115092673839104
65373341397038047478751018184801273984214799988201744542174979063856365568 176684706477838432958329750074291851582748389687561895812160620129261977600 93632627467250226667678757913550898839851347492864
65373536014153050972432035937086456972313041604199024949012642862567915520 6719370929704730150071171917530609496186007378875214881146824580260974898587306874660227464317605249024 3709283486198309894745293452554741732099029472942973448850466698783547249934336
65373536014153050972432035937316433560699558819495828077385342887705837568 169617318218750606648704703915728848912915912701699775227574720009456320512 93629770184271664931588748611868283905576232042496
65373730631268054466113053689601616395271966922335325163833291224037588992 279985180669531473753911239518236771708247464550682125685890377203906706127143496672215614765945323520 3709191514820570003715492807142135431092372300388820106003562957444615661174784
65373730631268054466113053689831593137184317650789911612595706711555309568 7067388259139248327041333847380345456787394189142831080386949490535301120 93627448641851583521015616054251159271477700739072
70673882591341061252997050784986111780919024688147623919900859951568912384 1121034348042560529163811715159140746636667041651934095632105637564248962229450681325761230014462820352 559936185548525124592029542328797403636547085961042076325687853779400336988498094364850084458686054400
72882441422320469417153208623801041835139093866444107887434262561335279616 1119940722680163055322788546577606518330404279760824660861743762576042748317351266956952250941167370240 14576488284527728629983297739672007625994074575971952382692850548114194432
84808659109568135889663430790929459907538895863152580307240192431555084288 280260190661609067462388450691493331457963724460054555363687354897759009678746851170530085791112101888 559936185545469570627527813199394735103855805660293316021783196316698602710322751024127486181821644800
84808766949149116814876317165387984577978760549086579492759163370379280384 280258587009110770090886008030161982111905192287704886642183283567019604888222054367698239373269008384 2519712834951048254865289808746306528012544631787113035076802283051991688871914479044397323161855590400
84808928709600449881879685884321761565152350683543984421664530186461347840 1603652498297371502442661331349346058532172349668721504071330739404790524796802831846417843093504 1018517988167243043134222844230426766916253434634885820900578092725114446907532758954803200
84891480065523934585447497106007413065148640357695782962697945170602622976 2598107096362858639956083628266633570403678717760414359679710855554566186119629053921698165316982994370560 7846761975159055278686351739982551944667144606951617684991699388750142550460780346551997943944396668928
87458929706530024314373226286774466533460452895343166761218404181855961088 2642131403415487175784627852546319939324185864555560127802401598126005233116661565898231863004343520987185152 198085296462649273622218069319247583466919203990535499867656952097659682816
87458929706530024314373226286843459463918407010687292889624410050265088000 66696321141964979275685545776683466967983290170955256940356187948675156114669568 5000245212483038157516277944576134981452038144
87458929706742140136215413005286942402928067455963371334653808192323059712 279986782756567561146956573651869911389858612549372295470200614265077169889131001166062549474014658560 14576488284448185196792477721032680502421238014349252431795801095818706944
87459040916310026715341202078947298691655997585166035633353208643708911616 279985180668512893600339445244704891182122508790510045084658213953336561655326363297009870355646382080 65594197279924032713510193056234513950060595076011819333701213903506112512
87459207731775463940688426070347760293211252292146400714020235256692572160 1602088054667546617128407165020207736103758862250385542400311740608233804637869052679118368276480 26514477730273339546442374524278853874233316965683150765162496
99040060076804895989299942099519489555565533802929355325659838400335708160 18027967319854765778132606495322255453641535466403854757228228017779085831317805191921664 293854510174796950944545923928256817040064418868889943420340336974438984749048715651705078148249654707355680
99040248980728077150982050597028682059474750808723504589719526319644180480 1056811877370796614580187277311994285213469320444363899561619776198078045852381774610432 3643139488466704236532949022134759464406263863132152377025653630538669107871670811435756799431859503104
102035417991322897721659257421553737532368003605749656779651963477378990080 18333448117819477223076550041709238311419829856387210675248878989710049449953727825561255936 7418383029641140007430985614284270862184744600777640212007125914889231322349568
102035417991322897721659257421634229284569242900939789983784049395630080000 462798156746589199356085082594254829526394462209444336566796288 187254897283703167042031232108502318542955401478144
102035612608437901923353215054109549516883255467328799826330086287673098240 1018580153571794266464492267011418441838890598260489187260208884314657542719319605128462336 91971377739891029800645412606301006657172554153342846903741338931588759552
102035612608437901923353215054190041422610328276235240079513846347018240000 25711008708143844408671393477458601640355247900524685364822016 2321542420081410573132557617124634098531303424
113078212145816597093331040047546785012958969400039651098714659839889375232 1910174426217455795022346945433632740713092597671270595065667210254898841154133684611019848896033856776306688 6159308720928215255536047218999926742113065507646070376204414294697210901311703207956128355173544230912
113078212145816597093331040047546785012958969400039651098714659839889375232 4261014991471264899597883326807123108921088723439557515637680161328322098708990872008771757897874688979238912 6439277347698218280071415345876617776969097396848355898787640604088297570378030280948180991539792576512
113078319985603265695890218715607133091481663948617341261040613051349336064 1175493355888292457875294728543044914325659850400589497026382263380970968115952862409360976273371547438153728 2519713368947807235092810407501733083894533404775793772931819551374278767536717619300932450057715712000
113078319985603265695890218715607133091481663948617341261040613051349336064 2938585421517139774293178154885960629317942323584831799003440908572565555985401845159079007099970679673454592 1399851677798158806317170214470280068378815777371749770259168086651567799928623722139756573258214801408
113078481745283269384366703641032750688739383672442178517323973426543853568 146936214065832667429410443378117565277486549454136219607856989374785574607636164440331774524532461867630592 533997777498215687841798560778726219199755596991289652154143187656757528254703442659654814924800
113188640087365246113929996141343217420198187143594377283597260227470163968 152302642468090686317906075078654210912271893811956168373290602717871028672638674587944437231197779656704 280241499112823402810226847856519958800481835625550182848127202349128392913205447033519753802450731008
113188640087777023987771362399450845206360610060490691800754101028955095040 1827635195547930871421869898068834374618561085101186503784267458317739851416074984322564879565035241734144 1120965996451293611240907391426079835201927342502200731392508809396513571652821788134079015209802924032
116611906275373365752497635049032622044613937193790889014957872242474614784 146792870402333287959934767072161184843686764142313202037623298728471558746448246409525353597274350516436992 7074721364607002292357339431253923589013273396410988223364718379352981504
116611906275373365752497635049124612618557876014249723852832546733686784000 3705346855594118253554271520278013051304639509300498049262642688253220148477952 178580186160108505625581355163433392194715648
116611906275373365752497635051887204542311788716154107577756365047902240768 1908310955037681434146768776302714075008789764146480373356074814359951343458222247926138102945589318186434560 160341649153194440811578224058127480607198466461467849612748997308943695872
116611906275373365752497635051887204542311788716154107577756365047902240768 4256858017300999017644670487976612239273028556345794713362435585870362296156573051711727863085344564432601088 167629907196654290898388243713596696630782964909616877791217487797750333440
116611906275797597396182008481775700036992004120856750605316529688433131520 1761517804650167489896925563827515145714352702220214914863867524308253777512107504385181176606091860043104256 28298885458428009169429357725015694356053093585643952893458873517411926016
116611906275797597396182008481867690610936277601074045695753199309291520000 23312071170955824639562256513064966222034061869781234591268054041543753854990707326976 714320744640434022502325420653733568778862592
116612017485153367748886788053324441220630329586619115506707225792726695936 1174346603026014994347094940960434885068326534702685720769348385974116747272483506124824548400483666346639360 65594211181146532963058837181414168535172335090049104637788962269020815360
116612017485153367748886788053324441220630329586619115506707225792726695936 2935718543872650735337640779947721516216609375754350062075741914219078629646941797226640603775839767718002688 36441512636859254426828404280220553479710332465341705757746426292268433408
116612184299823371552628163132669613451315371247487521442303665135878930432 146792870402333287959934767068455837988092645888758930517345285677166919237147748360262710909021130367959040 13901249014727278917464726096959636018867911518621053431516279865344
127337220098285901878171245659011119597722960536543674444046917755903934464 3511919755734797002154069495931320628094740139663930470725375162767222008387797889606290333979363856351232 2350840565253809120887738535614550127059580465042149155799799931579990293943314578648919197670768004311285760
127337220098697679752012611917118747383885383453439988961203758557388865536 3511919755734797030750155589494052552029219408106128776501603833614715761232223669366156623820986794377216 1175419161660908109150273583428123973050875959086244533028919672430977457055952910800416224885003334342148224
127337220098697680537416576610886787292538234867973445565807558676485242880 3511919755734797020182036815786086406227346634986185924366910629171076765616025907385376165297169048272896 293855070666347468434425363823019025150567287808942477481357720505337582529529174548677992935882200163811616
127337220098749151986242782699382200857155686318052028275848363657574481920 28596086093562731923934479268442198305776228670847493752844425779759866289841622938025984 1175418040694911657856662342520732546971040757158902030828188279922168060542381257978628090805988124539224192
127337220098749152869822242979871245754390144159402166956027638791557906432 18027967319854765778132606495322255453641535466403854757228228017779085831317805191921664 8552291843073819441066495070585267976381282960651687276493899523694632486078847748124940554993920
127337435988895601079649307342843538816924488602919016691557687608027119616 3511919755734797018068413061044493177066972080362197353939971988282348966492786354989220073592405499052032 3820115918547061149766048723773084551340858913864678668510808717025114730042368316819801549570668748620169632
127337462975221813479834065053322591219324679611215934472496533839542517760 15914343565113172548972231940698266883214596825515126958104988465382929739613041642700800 3820108632268084216357575657875040281828831847683742967993489421580130678156603682450349064612232409124962720
131188394559795036471559839430161699800190679343014750141827606272783941632 3522885545992499531568958733425912055814682554103693831332725570180855727235002383528104110175015029539078144 59343558922764637931604117589812994261193227565040451445583387428648122989936640
131188394559795036471559839430265189195877610516030939334436615075397632000 88928324534258838085302516486672313231311348223211953182303424518077283563470848 1498042035547154063289601884707353802354709695037440
131188394560219268115244212862904777792568746270080611732186263718742458368 3522885545992499560088208386963331943536155265927116561141461409172958275085970216384728987321938906384957440 29673560417342066776754611485305273866178117116283900010712918904572948829569024
131188394560219268115244212863008267188256012102855261177357267651002368000 88928324534258838805210760314699956674110365592052799112250365732768473778487296 749020303452832391210788353219977087403018659430400
131188394560219268924401858440094095005775976605443860682880520231684669440 3522885545992499549902406851245389278891232595812932142752555426568066402483881373238153560128742855100334080 7418397179299759419356897965658559094828805501212320494473650287120655260614656
131188394560219268924401858440197584401463242438856822960808048368189440000 88928324534258838548100673233261512587396430817466782708697886727521620130267136 187255254449525322041780464733560006332948423147520
131188394560272297070704759541997662541616004635963844430981095899487272960 28519249653537419887721472711823422729808735838992102547850967832856624877146923876845879296 29673532118456608348745442055947548850483761063190314366760025445699431417643008
131188394560272297070704759542101151937303312301208301407722349222952960000 719908243828027643442799017368840845929946941214691190215016448 749019589132087750776765850894556433669449880567808
131188394560272297981007110816335644406474138763247499500512134476547260416 18333448117819477223076550041709238311419829856387210675248878989710049449953727825561255936 215890197921327636695425724796882873887887460490077642794665232302080
131188394560272297981007110816439133802161446429210058414104477529788416000 462798156746589199356085082594254829526394462209444336566796288 5449834782737981462347360923208632238080
131188616979779272917180164442968562917729034111885346642675546930507153408 3522885545992499547865246544101800745962248061790095259074774230047088027963463604608838474690103644843409408 96435544818291922555724796470134552237894506235630257594722850079215244492046336
131188616979779272917180164443072052488874395388907204143905607024017408000 88928324534258838496678655816973823770053643862549579427987390926472249400623104 2434318307770256416976193204986311549824245556477952
131188644782277302472882705069569420807421328457994171205281539512722554880 16296287810675888690147565507686401427742048659866232300728461221080734364515088615304331264 96435360882438189120455758966744095498158217342973059881199429151699905538326528
131188644782277302472882705069672910400498993498016737245089231017594880000 411376139330301510538742295639337626245683966408394965837152256 2434313664685416254155046939871077300556048493871104
141706655992715633557451773622379514375888592333498738491418616860984213504 304605865924655145236978316344805729103093514183531562868901096976558212219458481858714027450148222664704 3820109753224459339327763854099768585232928996562642007344229748383620808607898764720591624739112913563812256
141706655992819381494934244682044192303475368644024078222204718457773096960 574685827824708321884380135181365943857027170818850816 3820108632258462888034152613192377159153093794635299505143498355874811412094327111898803490660097703760888224
141706871882913554885088469048104305808927697482977766221772545911622467584 304605865924655145236978316344805729103093514183530988183073272268236327839323300492770170422977403813888 3820115918537439821442625679090421428665120860816235205660817651319795463980091746268255975618534043256095136
152832271103754476152639607247005529611455424006806948691542422554222264320 293586300775027914982840353993508114909767978322437387666377678119766150980563768854960918477200695425499136 96435389181080769430299761063073704907531794840050130804185171698032968527675392
152832271103754476152639607247304498976773559833056622167197109780308033536 23312034117416594815788328487079350103429745368818267644396133104313001827883869536256 2434314379000029830458511517732729063159280890707968
152832271103886245072268844449599970503027399340213769337032611601076715520 23312026706708748851033542881882226879708882068625674255021748916866851422462501978112 96435360882195311002290591633715979891837438786956545160232278239159451115749376
152832271103886245072268844449898939868346288150919978380951787868866478080 23312026706708748851033542881882226879708882068625674255021748916866851422462501978112 2434313664679285190024489015407308409425712111845376
152832493523314480954575558827069314736615711848611683602031705765986959360 293586300775027914982817041966801406160916944779555505439497969237697525306308747106044051625778232923521024 96435544818049044437559629137106436631573727679613742873755699166674790069469184
152832493523314480954575558827368284277391943119108565133745449153323073536 7410707845964754785605197123223720863300192593389374384187446150405421367558144 2434318307764125352845635280522542658693909174452224
169617318218930583709661710826589548667258122913182318631276187311472115712 2644712993385474439434357268129725498762969224676559359787726929822994406770129516278415458050905755938193408 559936185560747340450036458846408077767312182055630175994583428287049581270533803318318699710005641216
174917859413272164450588639294202345809661908993078952017971081978249740288 2642132803067984159417771245810809840240424083976832201041051342864744791172646300506115181957797506982084608 14576488284845902362746577814229316120285420822462752186281048357296144384
198080120153300958573218859505458258271509250418186474763452046199557718016 2598107967845569295687397245435489687580941475663859481194040994470215893175838652302785971700710437289984 3526255243050731424863598268469585448490168807272916499637182678403078793472303450225934602037615882429006208
198080120153300959358622824199226298180162101832719931368055846318654095360 2598103900926252902274600365314161140753715272114448914127167012863850593580193859857709541909982370332672 293855070657795176591351544381952530079982019832561194520706033228843683005834542062599145187757259608817696
198080120153609791978599884199038979111131067605858710651319676800671416320 4066919316411440764199976094324959832698871666020708409448010220056823872810224162261108533258878976 3526254122084734973569987027562194022410333605345573997436451285894269396958731797404146467958600672626082176
198080336043498879900855554931183049704548355567665502493805975250195972096 2598104481914726672762142776760065218871890444050078995136720438807617064951000258778434746165800665612288 3820115918538508857923006017388495108962425090395399641374110918313692433593545147425304031065286666828644768
198080363030082453472191166552979369473300060899022616847967846982639452160 580988473788515509731300669856250781667257885534651088892347621228599034416699811035573623487201280 3820108632259531924514532951490450839450398024214463940856791622868708381707780513055851546106850327333437856
204070835982327621710555234768550166570452457016199917366534933870289092608 2642132243371029181323308653564655694641024188263698454332106861015669283056153294384749251493229003437768704 89017006151466617343113400549086817694910854574252552212495165336608110673264640
204070835982327621710555234768711150074854684611761338585377609359556608000 66696342344129756616297500776253475883005480100762019447783685407949571626106880 2247059481717007892764320055009089954741918420566016
204070835982327622519712880345739483783659687351563166317229190383231303680 2642128323578499822142798248812422169829112010959052930526815634197237050005191894781001438545096752001712128 7418397179083869221435570328963133370031922627324433033983572644325990028312576
204070835982327622519712880345900467288061914947762900368828390076743680000 66696243400694129026775044111593434279568593761663794413122030598002299239399424 187255254444075487259042483271212645409739790909440
204070835982645795443318514843107475064736007211499313559303926954757980160 3919792529377513958522571710747888462219013883835225121083205642908299840389313797262901860076997312512 89016977852581158915104231119729092679216498521158966568542271877734593261338624
204070835982645795443318514843268458569138485801879579967568098791260160000 98943435628052320613411249240959521968933353054561056117019391608953503744 2247058767396263252330297552683669301008349641703424
204071058401887626512491186348613951695612744858004652277024217082053787648 2642128883548861159168585449491312673373670893431145148213285809457013083298186380438679697537687073635434496 96435544818076032357804254237403820281137532014593804494072818720139163537408000
204071058401887626512491186348774935375473067897813281551925948732571648000 66696257535470647253849680777973440222916720381534969418073695570851909580357632 2434318307764806582193475049907405868819502105788416
204071086204650800845496460370679233330541331033529640333604370567993262080 559970361355359235318498367726621108924181330529106300031646986708541873475367727708946318147194978304 96435360882222298922535216734013363541401243121936606780549397792623824583688192
204071086204650800845496460370840217032334166998688015804934980585902080000 14134776518689872793412969205299433209214126004531346127182293946907754496 2434313664679966419372328784792171619551305043181568
212021647773406119549995700089150221899298067625074345810089987199792578560 3643361631118440011181518104392105767454767499740163526348382686371254863546886706780077111852497108992 2239744742177804210557442280625042049038501515573508250348593241983192098470390546308879813691467366400
218647324266325060785933065722288508516834603842788951708293184464816701440 3639807348690667616804412788181163585367592614276630586100556781393375301519242722861128314623402967040 58305953137686682876248817525944952511587836641900076459320471780214177792
452312848583266388373324160190187140051835877600158453279131187530910662656 20157133030342559002308922797401506445865647767177849885386368548917925120568869017 1809251394333065566047500111534110087878922356815966645321235639051711676416
452312848583266389942599594036857331010783233402075057304720048646919815168 13987028836371629898856455110991894784458856542141524992785531033 2035407818624698760234162191629203657904840295616045871960801232817167007744
452312848583266397788976763270208285805520012411658077432664354226965577728 111894309897842010866537907136324923205806861054193266113176928256 12554203470773361527671578846415332832204710888928069025792
452312848583266400927527630963548667723414724015491285483842076458983882752 46135910555549118769027986467334122598238749231539814946001011019097386778624 2713877091499598342794148431914484367982594112016283551879498014113533001728
452312848583266413481731101736910195394993570430824117688552965387057102848 20157086894432003327308815035201398346348687281111800355305704951572114917219631104 2261564242916331954420824271724297227930758234416125098600366826582622339072
678469272875722334838646843306358194669032491652729047851513571502918205440 2015712534102413287698065028470923261915108157869900500527690835329278737597481113 226156424291633194186662080095093570025917938800079226639565593765455331328
904625697166532776746648320380374280103671755200316906558262375061821325312 109996582401974610362241424231292852508236376690714148319897447552778240 1809254845212820967004475182307299575450299137975050841772336650839148986368
904625697171469290418611938506839187651343806715265114155163116301134594048 16125700272885304251023784200853702625545907222853910760371963888687234540204195840 6582018229284824168619876730229402019930943462534319453394436096
904625697178051308647938666850404616030043944786719698884437012851424493582 30757303036084088269282140238980364107874393376325058534088828230013212950528 2713877091506180348469229785309742717041244667620881663137321444638858412032
904625697184633326877181586844078941111802610755127001080231759605969977344 16125669515560268850455119996641015360335540777958887159975286970195025037480689664 2261568556514380704198302703395502037022081383429204845826029787184067772416
904628285321412823208068608413822633988216424366181470454085252136860385280 16125669515633599905389983158341512790302373096476626418865095433845949316861132936 3450873173395281893717377931138512726225554486085193277581262111899648
904628716680559497618305323086064026302307202560492231103389064982700228608 7333105493678395483152575428056607012797432875379974658985810848776328 2035411269497872142961852438233773268745987674755199124949367925151209881600
904635187067759613771903933655336970040492573819752088004934343267866116112 16125669515560268850455119996641015360335540777958887159975286970195025037480689664 862718293348820503360898015321519946367853995550774561948814008123392
1130785140972192693374242837027827787287172497162488061768543519864164712448 213421459003147145970416845581674429332364770992647678591112 2035407818624698747679958720855842130233261449200713039756090343889097981952
2261564242916331941866620800950935700259179388000792266395655937654553313280 8062880893683356812905815814091321726312314077821788595667777531509401720207769668 904625697166532776746648320380374280103671755200316906558262375061821325312
2487720667207965136053282881046029270285097326800871493035221531420008644608 106710729501573572985208422790837214666182385496323839295556 1130784278258013104377811954718828503102319366967093790845831683523708190720
2487720667207965136053315805754915060866038619412782925459088340268336807947 3844659212957764301173255455158404470389215564161409292956159532170066526208 2156799847133444501554243360652972729672966697657648003714696431534080
2487720667208787888331943484067106754876376002053362860968038321626560856064 3844659212957764407883984956731977455597638354998623959138545028493905821764 226156424295746955579968088355834246671487796209073469251273798773674868736
2487724118081138531335209523132846199378764844967269010653518843035055554571 3844659212957764407883984956731977455597638354998623959138545028493905821764 2156795733372051195545982619976327159815557703415036295509688211996672
2713877091511116874695396874209569152260495565551162702938933077005268156416 30757273703662114409386043641267235763113724513291274343649276257360532209664 5176319633120266803730184065567134551215120074378355208915271435681792
2713877091511116874695438778384514703908966301602686344205672651903140364302 30757273703662114409386043641267235763113724513291274343649276257360532209664 2713882267819231450506748691325188407445566480721025098029996040456899657728
4070815637249397495359965332197336319493346596746024526674168773375764201488 20157094583750429214863893262616556733309643879673093295279908691535610890978099234 452312848583266388373324160190187140051835877600158453279131187530910662656
4296972061555017503392216714711818123887336009324524225419053492911185330176 2015708689443200329933523756074089562971421049703056955385398968802379838892539904 2468256835981809063232453773836025757474103798450369795022913536
4296980257364817503341077100579364284460165622893409758488518725614608318464 53355364750786786492604211395418607333091192748161919647778 678469272877367839395968049348513163851589842157711783717147151091388907520
4296980257365640255619737703600441769051444298145901126421335515821160529920 2015708689443200329933577111438840349757913653914452373992732059995128000812187682 226156424294101451022643889158326023799753964557553330438015963560478244864
4523128485850764458972181809912299116869647324387060291722703037709401718784 16125669515545602639468190048592716503771368397624455643083191750419038711140319232 2261564242916331941866620800950935700259179388000792266395655937654553313280
5880067031582463048853214082472432820673866408802059892628705437901838614528 8062834757772801319734095024296358251885684198812227821541595875209519355570159616 1356938545749799165119990439502680942290566519679699777523139094691820077056
5880067031582463048853261972958084879700690107146658339790693523499406852112 8062842447091227235262697370807268568694624977243356144360181787528583695703212032 452312848583266388373342119122306662186894764479382870964876719629998751744
5880067031582463061407489388974272436885680802734290395576398455226264191000 7689318425915528602346510910316808940778431128322818585912319064340133052416 17958932119522135058886879224417685745532099088089088
7237005577332262264190000446136440351515689427263866581284942556206846705664 12776314012408480812621156971433779020335974687424141242202795247265162702511053265697373552640 2348542582773833227889480596848622577065188440965188215031739180353083257263416412251901281396820225407582208
7463162001623895459945938147156122681626953389575582858476160809031241302016 206158823424 61138223117302951183645480084587215346526551903458217812833604356178132449886208
14474011154664524427946373126085988481658748083205070504932198000989141204992 761513212343223805801404663324579213598532609918782265416865813059631802622378319025232306462967065559040 587135645693458306972377919887725451808277954621701290653283597336695753120038372018708127924349977900351488
14474011154664524427946564688028596717766042876583464293580150343379414155264 1452473954795146670929692085281431674684138350638278236932704263798048736272165765445397352389017600 16019902769465105684729434668803635435265621567859874489719621089744410181593680005136163631267840
14474011154664524427946564688028596717766042876583464293580150343379414155264 1675329067155092372763090259314074269916771741821320983917104788731189965769232301855511074218527544229888 293567822846729153486185074606078274445997138387036900203127587731275458993804651689940939305790059086610432
14474011154664524427948097183569462606624401223610614602763769082501597757440 761514664811637863092445790862014322757733785459072909664331399158759151909671827131325470427446331392000 7770675568902916283677847627490247028421874144835132429068638826249312769859727130624
14474011154717180573780843281377555731607878092742911841280424899006569644032 1370723782217802850442528393984242584477358697853808077750358463507337244720280974245418151633340718006272 3816381697023498898089863304888174481047694090488010847368208571625035338189755012244373408618136824744771584
14474011155085773594620793434820268828500724605859044675182346788396658065408 1370725234690649498018073363245397831454538680272546717222441126890573753016728693599249140744118482386944 16019902769457335009160531752519957587638131320831452615574785957315341542767430692366303904137216
14926324003247790816319697286276175621710583960805228958211329188520051867648 467709068901444571948725782204827844722472622571520 904625697166532776746660293001787294860377679786466518348759396461213450240
14926324003247790816319697660432012759963378699997012421335378181529844842496 11805916207217062789120 15284555779325737795911572310558198133960941277672138294020638762608661348024320
14926324003247790816319894834529490365196231716476697552754530041610020847618 1028959951583178058287196720850621258389439769657344 452312848583266388373324160190187140051835877600158453279131187530910662656
14926324003247790816319894834529490365196231716476697552754530041610020847618 245214252316200571737853542900604781053855726342777077760 11518531901290346470030335926372189586402792326309741930134077440
14926324003247790816319895208685327503449026455673432927151448007548057223168 25973015655877538136064 7642277889662868897955685010573401918315818987932277226604200544522266556235776
14926324003247790816319895208685327503449026455673432927151448007548057223168 6189700196449419415582146560 417036675009003629909212619597109675539703383877957167406022058803200
14926324003247790816321475220556008313081413761848446309100136866329772687378 245214720025269469779394130542660958142813154558649384960 11972621413014756705924586149611790497021399392124928
14926324003247790816321475594711845451334208501045182892422874446896983769088 6189712002365626546745589760 202289411394297329303301807583840812237673564128235552768
14926324003302092466711494633920604348220624283141127836320438177650280759298 841876324022600229507706407968690120500450720628736 2261564242927850473767899174799553021428845653001045446931468658185295265792
14926324003302092466711495008076441487834590028396485343191900831134777409536 21250649172990713020416 99349612566034332348432706477952043260373453216851723488920326572631359054315520
14926324003682204019452693229658402229391372249792139821281795129932100141058 245215094192524593657476778390267544196198767942147653632 11518531901278373848617321169666265000253180535812720530741952512
14926324003682204019452693603814239367644499295987821424646939043237160091648 6189721447098592389115297792 417036675008801340497818322267806373732119543065719493841893823250432
21711016731996786641919847032042895076649064314875196440370225515069121232896 6698455344658542137164496036693517304167202503068544824696350451954468915407879785253716187001552896 9611941661679063410837660801282175995544789493700395537106777740845692324822573180391896435916800
21711016731996786641921379527583760965507422661902346749553844254191304835072 6698455344652201265900271257006036180503330537357264008773684268553204974106790196257204024106876928 1761406937080374933139341846994523970119224316782296283824565025077908157142301586227097214912929927555710976
21711016731996786692136373572222428833174437510468937086217140557195987910656 12776293870817406216262149678452729074091950618950033949620225915055446190200058916887809032192 1174271291386916626166971697782367421227230040008222483418309849615357239154692282847215336301349809382490112
21711016731996786692136565134165037069281732303847330874865092899586260860928 12776300211688670441041837159576392946057661899765956615803627178996747279789055429050703708160 293567822856341095147864138016915935247279314382581689696827983268382236734650344014763512486181955522527232
21711016731996786792570001338409321054547068281791599743854827668620540116992 12776289643569896733075691357703619826114809765072752172164625072427912130474061242112545914880 3639585206052172576002017865576348503960051907038335309533105948183028569998377559509149222592556564480
21711016731996787445390401657078898736488468832483648010655341145587722485760 6698455344647974018390788070547715431394082560216410131491906812952362346572730470259529248843759616 1908194488088945549832778986957374360247485359567646889655638853359238666488300234362175614636857976619532288
21711016732049442837970843727513996083123567520006778422565367455213416349696 12776298098064915699448607999201838322069091472827315727075826757682980249926056591663072149504 3816381697017090936982100574640989415929023664591172486035134358294857000238143500304081049731702136730812416
21711016732418035808594075778834567187383746044150776821972421960086365143040 6698455344656428513409754443464356929612578514498117886055461724154047601640849922254878799369994240 9611941661694604761975466633849531690799769987757239285396448005703829602475071805931615890178048
21711044338982173954825151077432770162648878086227488425401048318717435314176 12776290700381774103872305937890897138109094978542072616528525283084795645405560660806361694208 3639585206039950360144010949058737829829287087136223566878163982450113954459567760428696572738974777344
21711237587879884743431599569266491601302947267970757463025106346362884063232 6698455344649030830268158867162295618671394554501623600812351176852573003456245401758947942659538944 146787551008570616693452681313988195960828398480605586325130672029620179610856785412730898349467768518082560
22389486004871686224479842251794235547794347574715046329131795062415031271427 1176980520632110502923032668224082723181248240654368276480 1645504557327192352861476560910312798057541760963155356337602560
22389486004871686224479842813027991255173539683510149390727172011322085834752 29710560942957212988636037120 250222005005402177945527571758265805323822030326774300443613235281920
22389486004871686224481422637820753495679529620086795085477401887134783111187 1176980520632110502923028773763754334517733830001489412096 2713877091499598349071274112543991161331795384396249191562847501479430979584
22389486004871686224481423199054509203058721728881899355998598450671012380672 29710560942957212988635938816 45853667337977213705908247405543274661862014814759026340645871383254940277407744
22389486004871686276265635246354379734211138682671091370161426199608363057152 8166945555908881830047446494886383124480 1809251394333065572324625792163616881228123629195932285004585126417609654272
22389486004871686276265635807588135441590332089572595279811538990561086144512 206158495744 30569111558651475909996877384396470825230376838894471887437470294210407164936192
22389486004871686276265832794607694477696786438342559964704627052698332037122 8166949450369210218710960905539261988864 452312848584911892930651352543048616612746190398215995040094342887248265216
22389486004871686276265833355841450185075979845249015785627608816579298525184 206158594048 7642277889913090902961087188518929490074084793256099256930974844965879791517696
22389486004871686379837813880234612337501664165597587235850291033264933568512 8166942959601996237605103554451130548224 5607668906787733657930745850582549495741950955771467113402823407042560
22389486004871686379837814441468368044880860168726748575428482427093723906048 206158430208 94747173849085547884397881891442756280056003348196109866819680371851919360
22389486004871687053058851708862614322003733483498762010988320556387347202067 1176980520632110502923026177456868742075390889566236835840 2940039123460138312160264971982066992886428946351985717781466121774326349824
22389486004871687053058852270096370029382925592927691581623631820671919685632 29710560942957212988635873280 49674901029982496922259836966609003911809103477563150169037170359075104467451904
22389486004925987926657432593998808460721179005006990248270535188738591948802 8166948152215767422489789435321635700736 2261564242917977446423971938546623206333501549971149031737613135809675165696
22389486004925987926657433155232564169461543417972068201668061640166018711552 206158561280 99349612565867517678429711894222541104522519252058593657805856726361334937452544
22389486005306099427612640646923147411989488108030488597659060150737110564867 1176980520632110502923031370070639926960076770436741988352 1645504557351137595687506074322161970356765341957198155121852416
22389486005306099427612641208156903119369012523824537888222663047011188703232 29710560942957212988636004352 250222005005806756768316166416872408938989711951249647571869706387456
22389514474575366890913437048602544230231655526422097438695119309053508452352 8166943608678717635715689289559943692288 5607668906768902352724585808291042127472327956523160047069328224288768
22389514474575366890913437609837013583235275992431849592358455061446794412032 206158446592 94747173848767374151634601816885447785772453152896713674050687287383031808
22389713762501131141663837055806069463843664370094843633746946762695946272787 1176980520632110502923026826533590140185976624675049979904 226162031960539963089014804680901861068045411128035749799612663093679620096
22389713762501131141663837617039825345447428343044266497627751189036629327872 29710560942957212988635889664 3821233692005283216351994139888517844605695266419291510015774322948420661149696
28948022309329048855893129376057193435532085753166928587160300686758828310528 4955489923336511391156450358313360905878275375446894709980624778263960728704567355093912149850849280 1067993517964340378981962311253576573286805345693246492102140558149786309461851137457377865891840
28948022309329048855894661871598059324390444100194078896343919425881011912704 7860432292188949103213679878703951781737953525851942478894403226503264612022028442972096158079385600 4109949519854208177325141337221310848997112976824395887538576067141744028840197149516590696087832609607909376
28948022309329049056760001784545761406062757709055466325139770224827386822656 2904951820699367904072669805978585095374345429218394378857987530995119445571155758570566396900540416 8119074690424077284927578315516462837856845900028707468040497167424299742979819797955202094633802792960
28948022309329049157193629550732653627435388480378128982777457336251939028992 4066928768240342988895561614134821445718216689380413486423498910290840998898140193721840000191954944 3522813874160749870352771188009154300105118700050322087132320891679193110852587846136708817476252491434688512
28948022309329049157193821112675261863542683273756522771425409678642211979264 9451846930192015440285587994219514667278813346609944209082755815562253694670692382388672004096 293567822847797147004149414985060236757250714960323705548820834223377599551954437999402790443247436952502272
28948022309329049659363684001093197095371490270775380157445416317277429563392 6698455344647974018390788070547715431394082265689923371328891847207543058695044007820822554787971072 1908198967578429921737487912517824300361819256361639880027797360750457907759473215804414060689730017865760768
28948022309381705303028099706024220877384518489915970319125684234269367468032 580997925617417734426886189666112394686602908894356163726964772403676338917186888268019190317711360 3816381697008546988838416934311409329104129776559424462827350411094372676761465524245578162951761459501072384
28948022309750298022567358122848865546266767482442508968762497131776072220672 4374501449566023848745004454235242730706339745365885156197869088616099952041075137518275348205142016 1067993518010964432395379808955643659051746779973292084912124529025853543972185025990938660438016
28948049916314436219015151523569210514164567513491355006685990874924282019840 3195446057584611675278392758017644182960313244258899155749365375819049833902901867358384797723394048 8119074690395558781258895510308704598218394678698853676725688969390656666219929264510234356164916674560
28948243165212146957404881913280789960185968706262489609815181518052591140864 6988949581533217789596511022586774518980050080730428148220269692031473447026790116608640955610824704 146792030498054972301873796198549445927596787588197148955240519554607120153568545774234979887251194459979776
29852648006495581632639789669058980730392463432953395105509060083220041695236 882723417852669818879420742626378621454096394508954501120 1645504557327192352861476560910312798057541760891097762299412480
29852648006495581632639790417370655006898052911346865854302896015096114446336 22282920707217909741476904960 27802445000600241993947507973140645035980225591863811160401470586880
29852648006495581632641370055085498678277645478325143861854666907939793534996 882723417854453987385660607178009787195827677591534305280 2713877091499598349071274112543991161331795384396249191562847501616870195200
29852648006495581632641370803397172954783234956718615819574322454445040992256 22282920707262945737750609920 106991890455280165313786180332149499940783772303514506582590016792347031628021760
29852648006495581839783751840312816450002218887463449647800388044353244758016 1784174631364007503391786703502460979660193792 5607668906787733657930745850582549495741950955809246045265918007705600
29852648006495581839783752588624490726507813558302331433904643236124965208064 45036150892527616 211359080124883145280579890373218456317048007469052860472136210060285050880
29852648006495581943355930474193049053292744370389945513489252878009815269376 2497842033859953324044253000194974212692115456 1809251394333065572324625792163616881228123629195932285004585126555048869888
29852648006495581943355931222504723329798341637456484729521586672657602969600 63050549402009600 91707334675954427517874810311002696104152134327649952129381615703302498515550208
29852648006495581943356128022446363796778392126061414108032453731099784249346 6125124142951760620961771177897080389632 452312848584911892930651352543048616612746190398215995040022285293210075136
29852648006495581943356128770758038073283989393132905235337656498675815350272 154618822656 7642277889690671342956285252567349426288959632968257452196064355682668026822656
29852648006495582461218799126127359504601849341737110787365585577192357625876 882723417853740319983164661357357320899135164358502383616 2940039123460138312160264971982066992886428946351985755560397984868927012864
29852648006495582461218799874439033781107438820764408045199355824445948297216 22282920707244931339241127936 49675017641888772719857233148617485687509140469567271025787775675604792900583424
29852648006549883593747727821837477779802784692725844391598361867140044161026 356839826372115862086854110117434513596350464 2261564242917977446423971938546623206333501549971149031737541078215637237760
29852648006549883593747728570149152057669552965855957651378109322262535536640 9007353873563648 99349612565645098118425719115916538230054607299001087216319896931334636114968576
29852648006929994835772588064187892594587603966268837374036325171542120988676 882723417852312985178172769716052388305750137892438540288 1645504557351137595687506074322161970356765341885140561083924480
29852648006929994835772588812499566871093525751661254351798387050785217314816 22282920707208902542222163968 27802445001813978462313291948960455881483270465289852545170883903488
29852676476199262350859375008680748342732210248287959850645216320141819641856 1962591481987993958554903277675589287918174208 5607668906768902352724585808291042127472327956560938978932285385998336
29852676476199262350859375756993136264862229382007432450834615870478035714048 49539750519898112 211359080124140739904132236865918069830386390346687602689008559529857646592
29852875764125026549823784473070814646441780228333192410124211783500956696596 882723417853918736833788647812520437473308292666760364032 226162031960539963089014804680901861068045411128035787578544526050841329664
29852875764125026549823785221382489097171941570880982961203475192810657939456 22282920707249434938868498432 3821350303911558589717746637523566877227739880356485300904789280820663135764480
57896044618658098113520003569091522812125515418110932650279540449654773645312 152302642468644761160280932664915842719706521983756453083373162611926360524475663805046461292593413111808 4256733431277572725549683581788131360964169840480928066352068500606373740723146648236517386884455609470550016
57896044618658098113520003569091522812125515418110932650279540449654773645312 3511919755734797002154069495931320628094740139663930472970241677707488890748657792715169449965311984926720 2348542582773833227889480596848622577065188440965188215031739180353083257263416412251901281396820225407582208
59705296012991163679567503680625632900004437774926899295600776088706489516032 93541813780288914389745156440965568944494524514304 2940033515791231524426607041236216410336933204401029946314352718950919307264
59705296012991163679567505177248981453015627116604662867809286472249930416128 2361183241443412557824 110813029400111599020357432653314327815579375325018019785760907895572865065418752
59705296012991163679567505177248981453015627116604662867809286472249930416128 56668397794435742564352 61138223117302951183645480084587215346526551903458217812833604356178132449886208
72370055773322622139732823440142983588830214382917321467900751716897070776320 1675329357643234435797549908958944973674265695211376266601133354902239984758679404267742431391612116418560 16553899528447275874220415824430423721909024240706497735770691368819303336324605573864852564213760
72370055773322622139734355935683849477688572729944471777084370456019254378496 761513502834690317890113458487019708200634332339639255800173109859947092132632380962856029007938406334464 146783911423364577761620238814743309002576010733454471419661209120149251155323289877653204664911508667367424
72370055773322622541466376695177511293784263501316003155211738450643914850304 761513212341007506431905232979532686368794097231581126950679992640121622275173679341637396215042553167872 733919557116822884733990388026899857894570287507528271825916384582700169142932593257535083276491626840588288
72370055773322622541466568257120119529891558294694396943859690793034187800576 1675329067149551624339341683451457951842425460103318137751640237682414514901220702646523798598716263251968 293567822863283053014632350480298690270427562108945924443834085467046150362623955026265544879654911650824192
72370055773375278687300846850469078543733393510853844491559965348661343289344 1370723782213370251703529533294149530017881672479405800817986822668316884025871694878228331137491693223936 3816381697024032894848843532408773236474249959312747377479298089402550199685722638239397771858673048745934848
72370055773743871306407052186934655699564896112192901849502948161914314686464 1370724072707053063161737758801636551849721907587463929667479939888142353883330396499446963930387546390528 16553899528437562529759287179075826412374661431920970393089647453282967537791793932902527905300480
72370083380308009804155154200387852623258704077074554494395646212165362253824 554074842374857586261631807434628171800284616546455104877545086801159920898727561981128097792 1018517988167243043134222844230401658509311887911830477742884628234149923371054154465148928
72370276629205720241244575977366580113484097336012882490555632548190833606656 290494236886300583083093748653639274863279858413466039572324703014944259861542117360354876981264384 146783911423364577761610525470282180357221413423920108610875681777468207239786954079120393023949184008454144
74631620016238954081599474172647451825981158582383487763772650208050104238090 49043879423191693441984871709156592439507430512093315072 12341284179953942646461074206827345985431563206755290811283783680
74631620016238954081599476043426637517245132278367164635757240037740286115840 1237966012305539657575186432 430937897509303750906186373583679998057693496673889072986222794096640
74631620016238954081601054558673969773866340627755236520118257032769856077850 49043318172309013750321244348781951952940550751875252224 226156424291633195755952479718530029430747700334682845403275731639294050304
74631620016238954081601056429453155465130314323738914601028666477089212661760 1237951845206091048639545344 3821138944831434475492573097324283377261913144854801355933746761632383944966144
74631620016238954495887200966901808521715021735732128253812105277226541383680 467709068900083356807985406201289946864334669889536 1130782121458165972502600800098904309534419455534999751961538106701115375616
74631620016238954495887202837680994212979005816601675289144664653779775258624 11805916207182702985216 19105694724157172271403943118471087213893551120719355809142147850676917057437696
74631620016238954495887398515155123265200669491403596848355306130316510363650 1028959951579775020435345780841776513744094887952384 452312848595607672553278102836648214258663223585590016485886478342194446336
74631620016238954495887400385934308956464653572278095794960734479797987639296 25973015655791638626304 7642277890093806795464988761479588291899498985989970723278089617508489350332416
74631620016293256146278998314546237248225062058068027131921214266356770275330 841876324019877799226225655961614324784174815264768 2261564242928673226046559777820630506020124328253536814864289951716596940800
74631620016293256146279000185325422940850217145001148211001187303384707825664 21250649172921993412608 99349612566048233570932956026596168440027697713917817641513199059820527730720768
74631620016673367284732272567776363690176299115698930032299915296372183531530 49043692339564133544763662589031712277318470592020627456 12341284179938976869694805760944940252744548468634014062043627520
74631620016673367284732274438555549381440605118681553133252731073429388984320 1237961289939056787929972736 430937897509050889141943501922050870798213695658591981031062499655680
74631648485942635110535002769149973017735538579483134322345798386671686778880 340303785185094000884474464534488170496 1569275433846670190958947355801916604025588861124598562816
74631648485942635110535004639929872354623949719460929601691580724665483526144 8589950976 26514477730273339546442374523629182941616349397416090372407296
74631847773868398998783468976659285742030475377763285068387801908331019239450 49042850463240114007268221548469751547468150951693533184 226156424291633195755937513941763760984865294601995830665154454890053894144
74631847773868398998783470847438471607519020937901281742657819215454829608960 1237940039289883874526511104 3821138944831434475492320235560040505600284017595321554918449669677223650525184
115792089237316195423570985008687907853269984665640564039457584007913129639936 670466799128826375531776824378260267833198365955325952 4407817652605918716962476006188624169465576312087974956589631402281612784890875288965610413255384651947573664
115792089237316195423570985008687907853269984665640564039457584007913129639936 687228469107047034920071245005047935079023648952796839936 4403517342700937332848366273499659661169697642596049849883841641633752860885985591994244606792115907488382976
115792089237316196227040007138183045624251030836221865300559080899309547290624 478904856520590268236983445984471619880855975682375680 1910054316129231430763386776916988770074631268273829905446025890647857749227822546370314025205540575892209664
115792089237316196227040007138183045624251030836221865300559080899309547290624 490877477933605024942908032146462810770731177823426314240 1908190848503739497660202984939508783898981399515739851320329320253290483459730235984616105487635384062967808
115792089237316196227040007138183045624251030836221865300559080899309547290624 580989581918058668371876834112572669873655242175596678999382166843785942271700056887498707340099584 8687486472529130378790874224661086362939118421386351376744388836460769246362192643448527996893853122560
115792089237316196227040007138183045624251030836221865300559080899309547290624 580989581918058668371876834112572669873655340255311294773081705519219494508866306178158940955607040 8679010875970565373543273371758977992312238501111528284891744236375534907594954807110455821186503802880
115792089237316196327473634904369937845623661607544527958196768010734099496960 580989581918058668371876834112572669873655831132789228378106648427251640971677076909336764381921280 3816381697007479025875996124287503112277703365821976049477586466171201942898376288614362728180535789315162112
115792089237316299171508467479747572531197571441951089379188370109509918523392 580989581918058668371876834112572669873655242654501535519972435080769388256171676768354683022475264 3820108632258462892112203151752627624827228229542181139529315743620733477436160659313206097807526013211509152
115792089237368852473308105059661505095572791617082369294544994908751527936000 580989581918058668371876834112572669873655242079815708052076716937613065216304152031923376270344192 3816381697007478995320456479270211818251018038909951402605171375539342953769530272255529436470689011498745856
115792089237737444590246746251020445852863024741943294730243399192052557152256 95780971304118053647396689196894323976171195136475136 50558716775210624746097324041165743856622450778246761477592897849136262010643970785696
115792089237737444590246746251020445852863024741943294730243399192052557152256 98175495586721004988581606429292562154146235564685262848 50509391197868955843906009578686557794256529882401537090601553923458544918490658111488
115792089291288848651840376653604003729055831218238459136120958591772578086912 580989581918058668371876834112572669873655242079815707695264113196389253074805732911327512203624448 3820108632258462861526824112550749132271219967740593990042626882249373330530101884370850953623591548469903776
115792116844301583389295156877206494732352840640657753982105301549406442487808 580989581918058668371876834112572669873655683869545848296599165554841997032833845689983417354027008 8679010875940009833898256080464951306985326476464655869801112377386406061578595973818745974408687386624
115792310093199293525081205050370638489065509271708974752928846100084708868096 526795342172649295060681790582918781868941573250613248 146935942573336454757567965281345304689941697953282691129766797682696140726866244663389383206027088795533312
115792310093199293525081205050370638489065509271708974752928846100084708868096 539965225726965527437198835361109091847804295605768945664 146792590434240516752926435559119602174305554519994914757433594978015115902963904440944288398869438230691840
115820386397338037538568489637218381428606080383007763894879980214366414831616 580989581918058668371876834112572669873655242510830078563795354609674354460830190804097890317762560 8687486472498544999751672346168530354677316834236864687883017476313863187587250288304344062429111517184
119410592025982326530557578290209404973684671686441831665690633508160414941184 686599906482863760193010204232193316077930025484713721856 3166189940082864740583155126738225190679878935893315658788404922096674045952
119410592025982326530557578290300748826017853118829561967735401196888910725120 17331160549995323848587739136 114634168344943034264770921947975278100648991989608941612833034968483543046848512
119410592025982327359135007361251265800008875549853798591201552177412979032064 98085700926480228695141417160241912421542290537110831104 6470387200139692682227783673749095572009943410543317908866352378019840
119410592025982327359135007361251265800008875549853798591201552177412979032064 490428504630616971566435860165852368627092875346224087040 2940033515791231524426607041236216410336933204401029946314352718950919307264
119410592025982327359135007361342609652342056982875354193360434566889818030080 2475880078579767766232858624 225935568409357844955102641433440418821672007984159954297800776271339192320
119410592025982327359135007361342609652342056982875354193360434566889818030080 12379400392853802748991242240 49674806282808647836711952568727112469052823421559801972927303539394732615532544
119410592025982327462707185995131498403299401032780294456890417011069549543424 588514205557097200261577277326094281048635165883334918144 2261564242916331963836506806357850910576207180692998752230142547034852720640
119410592025982327462707185995222842255632585062029507488977378003422455791616 14855280471433570515224100864 99349612565617296468859551926828474264017354013744387159624633879439009934376960
119410592026036629113098983342775927129809441355116193334999526000199778435074 356834381854245127071438696123715467866013696 2261564242916331941866650732504468237150944199466166295871898491153033887744
119410592026036629113098983342867270983503796390428980410833900653027388358656 9007216434610176 99349612565617295673425220018628287870746118304868898911134151956956298762158080
119410592026416739733691957071364834785764994265129022690563505421202246074384 98085700926123394313287172033170473725418575069244817408 29931553532536891764811465374029476242553498480574464
119410592026416739733691957071456178638098508004515700430502318671926940139520 2475880078570760549798248448 1314881174062932640471461749294965279544878166833531092992
119410620495686007870210630529619197692738866910678308794046380453201553915904 441385654167912108791646519276338570460507303279467692032 6470387200117722826153930291075670309028716578086959664810470559186944
119410620495686007870210630529711255190696472806580455210290407201242888536064 11141460353577429690526728192 225935568408562410623194441247047147585963132495911463815878293560166973440
119410819783611771447739992708194720941848806436449880213960178383721578102784 539471355093678668723079446182437605489802162880846495744 226162894678833311909488234025384645696226967516657313599230404236014518272
119410819783611771447739992708286064968406559732991929109364553935254527672320 13617340432139183023890366464 3821364880399843011388465699727948006305495457098634524765916150554693445091328
144740111546645244279465646880285967177660428765834642935801503433794141552640 883579460280489044897234457863633059387316120082167365632 2348542582773833227889480596848622577065188440965188215031739180353083257263416412251901281396820225407582208
149263240032477908163198949093697921780801088075548177787309723651333951717376 22282920707136844948184236032 61138223117302951183645480084587215346526551903458217812833604356178132449886208
231584178474632392454080014276366091248502061672443730601118161798619094581248 12816207401059470558831994461892908163253219290960971098123652247051669707787433916657174099001728 57896044618658097711785492505805455563965895251023966852445075023612497362944
463168356949264781694283940034751631413079938662562256157830336031652518559744 733964352014336591650353847581676027663272965004675128601830489019501223528571828465588463997437831702118480 15378636851831057204693224981395759421959146285920856855811258953271309500416
463168356949264781694290070016915094968513372050670857394564810988141252968448 1399928573489322256968889256016470637742903009006877741503808716319273341039363726944333915657747824640 406439625659816511156784710554816471088635951759243360899369533440
463168356949264781694290070016915094968513372050670857394564810988141252968448 1614721574431540501630778464679687260859200523010285282924027075842902691762858022624294620794363229744660656 7689318425915528602346510723415869085547572783978154309834765565482472833024
463168356949264781694339109874222803411980839155539667288440610640051128238080 733965751937569787457052327747170686917041750746971267043280666880580134258476837472873891273628508865167440 203534564021250864000717964548236141727822306363834368
463168356950949778360986985004081783411452098967773178920973596768210228609024 1321135833625805864970636925647016849793891337008415231483294880235102202351429291238059235195388097063813264 96342636748642180349177659099477564451394574924038826117236418389617867227136
463168356962744755027865389914248602512023187387489429605835097228693058093056 1321137233553311295589782196791520594821155288479281664673778118854291039916083124530497876117758758694682768 406439625659612976592763459690815753124087715617515538593005699072
463620669797848048082657264194941818553131774540162414611109467219183429222400 19223296064858755582940839941841505873972237437631411880839085024162862858320 904625697166532776746660293001787294860377679786466518348759396461213384768
463620669797848048082663400163415988615943560890564090653739190686371859660802 42291251342689262282469847872051312922738922362789106137845987053158298288304 452312848583266388373324160190187140051835877600158453279131187530910662656
463620669797848048082663400163415988615943560890564090653739190686371859660802 10078543447252667247068887091428199431653156421700897672181362209148299042262876160 11518531901290346470030335926372189586402792326174765882707804640
463620669797848048082712487911209349118437851693777498994776978423879303168018 10078562670548731965956582659965627689986649876563542380060694469379034820410081360 11972621413014756705924586149611790497021399392059456
463620669799534690253917636356624832028064845158171394916013610046853939724290 34601932916745760049293511895314710573150027387736541385510353043493153144976 2261564242927850473767899174799553021428845653001045446931333682137869058464
463620669811341185452697289709086735912913835031422524751934545570228500168706 10078578049185583964855358910479592029729253468253326824016238003730484858472890512 11518531901278373848617321169666265000253180535677744483315745184
694752535423897172541435105025372642452770058076006286091847216482211879452672 6719370929713897418122902781507993795668194021672362729931289732530385563540993727222872290669323354272 238598160812442891164914101337976881699397437420723326737878876160
694752535423897172541484144882680350896237525180875095985723016134121754722304 6719370929707785937201472015909206842066125360370887737061388465347878153251111795510025705901724270656 46135910555493171934211659914343975970638698730994913153881553114153544056832
694752535423897174148363954311117722661582000335005986758948497830271613140992 12816187030451045595766238456358332430675856054518983728827739323898298055134710088733015519789120 30757273703662114729518638467512237799543553163038604534212021983188598390784
694752535423897174148370084293281186217015433723114587995682972786760347549696 12816193141931967026531837243311934499337157529511853630094921831308587937066422935317783118872736 7689318426154126763158953614580783186885549665677551747255488892220351709184
694752535423897177362240042829098273745506185017331191803354485395857283743744 12816182956130431308589172598389264384901655071190403794649617652291438133846901524343170453733376 95330371415391472184822679462168260861847172389306824309664581534351360
694752535423897198252492853026524759567631002639476736340970916658807119544320 6719370929703711616587184838843348872998079586169904408481454287226206546391190507701461316056658214912 49980665098822351306724504524882611224320084943030392320750285840217607766016
694752535425582170815066999280447874659954160640216909522091758566829323190272 12816191104771659882943304314327400476450057037847563663005860995505157976422518653122860585844864 96342636748474338884330896083177757594769737488543232311323081822375468072960
694752535437377145875010424922706149996279873412824858303117502722763684577280 6719370929711860257815759192975064811134171134571871065641322643469549760111033083318590095746790326400 238598160812849960292956603065978317628493909704178971350606544896
694753418847429566554404834477848645204764098759279629612833546198957930053632 12816183974710584880383439062881531396345205317022548778194148070193153114168853665440631720247312 95330371415071339996317958743212635601255975498484234805587935554961408
694759602812156311789811186216527731241694312575064238816803403083612290023424 6719370929704730196740756633109813365265091029720150240626437831756624448106170829653602413517924728848 3844754543329179372513251679666677755409387647964575639152188370676791377920
695431004696772072123995100245123982923915341335846135980608786029557789491203 46479870956741712158081417539983301168123648149300986025620462921827121760766525600 1645504557327192352861476560910312798057541760882169727881838880
695431004696772072124044187992917343426409632139059544321646573767065232998419 46479870956741712158081257473889048807764170336670694230126852311763287927886446656 2713877091499598349071274112543991161331795384396249191562847501376452296832
695431004696772073732493215985249673562618701507208141042892783472683988287488 322518999945685885835946944989660893506945303404224209105115414592 1809251394333065572324625792163616881228123629195932285004585126314630971520
695431004696772073732499351953723843625430487857609817085522506939872418725890 322519160011780138196306422802291185302438914014288042937995493536 452312848584911892930651352543048616612746190398215995040013357258792501536
695431004696772076949507855370923565028460780901137179295349948760501677195264 322518893234956384262373959781240698976616229664181653216528695296 5607668906787733657930745850582549495741950955740801707223178931077120
695431004696772097860161303078308475153146267290491850341303896069606744260627 46479870956741712158081150763159547234191185128250499699797778571720732039299727360 2940039123460138312160264971982066992886428946351985687116059942129850384384
695431004698458715903753588146932687037551772125217121347796926300354498789378 322519106656415387409519930198081088037274377144266764993702133888 2261564242917977446423971938546623206333501549971149031737532150181219271072
695431004710265209494028989790794730220885615476704570078804140913414429999107 46479870956741712158081364184618550381337155545090888760455926051805843816473165952 1645504557351137595687506074322161970356765341876212526665957792
695431888983022759490493120449018419272346876199474238626127617189294003191808 322518919912638759655767206083345747609198498099192292188675375120 5607668906768902352724585808291042127472327956492494640889786726875136
695438078986777558188043423703067309104235029677188324987525243499945352232979 46479870956741712158081177440841922627584431430355548332380047006731371011446407184 226162031960539963089014804680901861068045411128035719134206483552182206464
926336713898529563388580140033830189937026744101341714789129621976282505936896 5039459845692634243317751988437914229080892403082712893472452410088204598762167900278495252255711690752 27973577474562269998645101536139931564873085723086672360248442880
926336713898529563388629179891137898380494211206210524683005421628192381206528 7839311652377763179321146440955706040956720769809019591907374060509194082280177995439009873086583406592 104031955174151270047732429732667433364524296250964329936108134999065762988032
926336713898529569816320057105464364994008246689774922404472647194476378324992 2799861418691975731341468784876060079765916840660316114043147717593515713337930077151804329012974583808 205758312964442227294843520830273751773976675692157350560003686137856000
926336713898529573030196145623444916077932431372100127448878634760062048927744 3919802141366027305742826565883176804516248187350838793417116377761911506745134115216010177345323270144 88653318322320212843039408285835695193429150683008021316438603868100817321984
926336713898529573030202275605608379633365864760208728685613109716550783336448 9612006846795338074332358268267890088473934009415608226067172526229819919981991289708182102867968 7689318425943502179821072993414514187083712715543027395557852237842721275904
926336713898529589099637888034982307051887688664812165038253322152877746028544 6719370929703711604919788659948589316206389423118496912533405400340798288872973957374804024754234720256 49980775526763900357479614545723979329810997072533695171276536179322211270656
926336713900214569696899190592775068076304591677311050212021895496619758977024 559979973343872582538753222861826630265254147279270755295210397256724126523522001023392632348277211136 96342636748263714300993781709781921539397079711922302457030368371625724739584
926336713912009536722155459931163697480536559438160287000399908216834311061504 4479489484355608456117073097934355866705726729737451553785468080004006702058565881246392328089537347584 27973577475735586897120547693320541007564055411465520600863211520
926337597322061959008484848754214736453266160431723360213951707997577024634880 3079846599360488624941808230127839260953499677332946783886639882635614661689731086667855791096061755392 205758312963720360595274052542432635990290046945902384472269368323997696
926343781286788702636956221224985278725950998600399667514085808577682916507648 6999356110372224498520128105200368497393972259791127582376897565382897237224774966890855486837321891840 3844864971270728021533850635760476975409776682036023057301855052109560414208
927241339595696096165326800326831977231887121781128181307478381372743719321604 34385618820038511545519218676827216066110825732634298247299673068055346219413667840 1645504557327192352861476560910312798057541760882099359137660960
927241339595696096165375888074625337734381412584341589648516169110251162828820 34385618820111842600453868417068710347147519128066591280128983425203992019756646400 2713877091499598349071274112543991161331795384396249191562847501376586514816
927241339595696102599343807161231420037947707868182905727133265014002236260352 73331293532810551816370393507224866248116255326010874017725986042281984 5607668906787733657930745850582549495741950955740838600711326484398080
927241339595696105816358446546905311503789787262111943979590430301819925168128 102663715506670447912968105921902224421033468457735016877184306179473408 1809251394333065572324625792163616881228123629195932285004585126314765189504
927241339595696105816364582515379481566601573612513620022220153769008355606530 238598160811574876112470531470815823222496700516869080185699303424 452312848584911892930651352543048616612746190398215995040013286890048323616
927241339595696121901493003160016469461118047735773895668173491412792674091028 34385618820082510178480008520972112634732841769893674066997259282344533699619454976 2940039123460138312160264971982066992886428946351985687152953430277403705344
927241339597382747987618818708588324978722857880120924284494573129490435670018 14666449585090759623174968677870149902281829062562588298809345767899136 2261564242917977446423971938546623206333501549971149031737532079812475093408
927241339609189233535360689872502724528857395921986615405673736256600359829508 34385618820023845334532288728778917209903487053547839640733810996625617059345072128 1645504557351137595687506074322161970356765341876142157921780128
927242223881946785140329072239326274281833803166519965057910933442794562256896 80664399026275525840519821610894205791345558608941909732590566076579840 5607668906768902352724585808291042127472327956492531534377934145978368
927248413885701582229375123784775303412206810122470370314394838843131282063380 34385618820089843283973473494996262062836511109436903370280190318059398279653752832 226162031960539963089014804680901861068045411128035719171099971699601309696
1852673427797059139632640114210928729988016493379549844808945294388952756649984 146792870402867318330070769516335205532654593000935025720366097803900244705714365693117692799487566340423696 107876614387109033627037812208008604620025118346881969866371051199248570777600
1852673427797059139632640114210928729988016493379549844808945294388952756649984 3522885545992499531568958733425998899881610541250261509571482086111745679723501613951133758703253185514962944 57896044618658097711785492505805455563965895251023966852445075023612497362944
1854482679191392205198687614322462840075895415736365811454266530028004472520704 3844659212971751116588167988368301174794447487526282376167817004832572571664 2940033515791231524426607041236216410336933204401029946314352718950919307264
2315841784746323908471450350084575474842566860253354286972824054940706264842240 1614721854410846837090758136271082170848162652883596139717704335632035761186385844266090667780901771927355408 420426414397097646156107261322886436871072494620786697079493754880
2315841784746323908471499389941883183286034327358223096866699854592616140111872 733964631996847109331149533838093350769310071243075007932275414278483920585571558203181134065196129834762256 3844659212957764327851192155306354352655892338711170018643667900344689491968
2315841784746323921326924054245680361401096432042112100966775630420605275209728 733964352012200470169809837804994418918556314094615780243985378706268138439590556401724048609957994402152464 19223296064788821532544213602138092523751037906667478638313199031309635158016
2315841784746323921326930184227843824956529865430220702203510105377094009618432 1614721574426200197929418440237983238997408895735136912029414300059819979040404842464633582325663636494745616 7689318426335955016743608369571976346870459220849226804455552262561966587904
2315841784748008917993627099215010513399468592347323023729918891157162985259008 1321135833621533622009548906093653632304458035188296534767604659608636032173466747110330404420428422463881232 96342636748656167137914889350835881689446644710330125601062529770221400489984
2315841784759803881805025669981908982386076675590172859184094341181258069966848 1321136113606180261170888602126752564155211792336755762455894695180851814319447748911787489875666557896491024 420426414396843227951080697742885539415387199443626919196538961920
2315842668169856313732964934412411283944278530466385743820660678789291592122368 534030370136002444170402186179162727514837089461277578308271272245318015966103846869959324991504 26677682375393393246302105049266407568549125339720498282496
2315848852134583047719826431275730563631491114752412239697780241542106675412992 279985180669531475698477269334036932919875974064777751313150524053418226319817423189302108094757601296 3844659212957764327850937737101327789075891441255484723466508122461734699008
2318103348989240240413317000817079943079717804452820453268695953431859298304010 2015750980701875970834328264546741703904234381362304489480667643085177183625281552 12341284179953942646461074206827345985431563206615815562276635120
2318103348989240240413366088564873303582212095256033861609733741169366741811226 2015727912746598224248521225014572004360091737732546881399550393559555051899322384 226156424291633195755952479718530029430747700334682845403275731630712422480
2318103348989240253281344878517404658629027190276528226065375997247187901743104 19223296064802808321281189434834663936556867325931669787667500752920389877776 1130782121458165972502600800098904309534419455534999751961538106692533747792
2318103348989240253281351014485878828691838976626929902108005720714376332181506 42291251342549394128320721604534208079200497083539750904917026375052115836944 452312848595607672553278102836648214258663223585590016485747003093187297776
2318103348990926895452605250679087672103960260894537206370280140074858412244994 34601932916633865525974210881301026698319287164337057199167184501008207183888 2261564242928673226046559777820630506020124328253536814864150476467589874080
2318103349002733377783350890362750690376688078593678887366891308315715938811914 2015743291383450055305725918036018470722853500152385286786961893243303139716628496 12341284179938976869694805760944940252744548468494538813036560800
2318104233275490939039344782981173404338755364968794323648610830963797916647424 13986815414912626751710484353842527924935523292896067810618245136 1569275433846670190958947355801916604025588861116017016832
2318110423279245726477365324275023269260037492794162642275612410902246861045786 2015708689450533435427015358737763921406639534707748874665286018954869942127689744 226156424291633195755937513941763760984865294601995830665154454881472348160
3705346855594118253554271520278013051304639509300498049262642688253220148477952 27197364491160206992872466695529264692993695746729953297525373736344659992872918974464 111272126941423615176663116298725959462054585449414257604040488894058121363095552
3705346855594118253554271520278013051304639509300498049262642688253220148477952 27223924417421105632513943713786617490545447402732619267542505284095533679705654820864 111721273600066798703434406974152099568108079492457573501112015155142414303232
3705346855594118253554271520278104395156972690732885779564687455941948644261888 849917640348756468527264584235289521656052992085311040547684854222245229585724604416 3473762677119485886811240059032294197407843685100008566552384295861127156334592
3705346855594118253554271520374472159368479101901941248221917367550511696314368 27197364491160206992872466695529264692993695746729953297525373736344659992872918974464 2808823459245329065412866984258726206280820756742144
3705346855594118279265280228421857459976032986759099689617890588777905513299968 19426688922257290709194619068235189066424068390521395212518124097389042852052084981760 48219489692491988232120782084532342178275684071947798424248228395821233879384064
3705346855594118279265280228421857459976032986759099689617890588777905513299968 19445660298157932594652816938419012493246748144809013762530360917211095485504039157760 49980569768450935915252319702203149056059223095858003013925976175636073414656
3705346855594118279265280228421857459976032986759099689617890588777905513299968 559971429395728902783761427226446074486499975521272245050783474698363116115630012190075427914573152256 219309460557268123668989242438145747453879195408915260293191681900900515840
3705346855594118279265280228421857459976032986759099689617890588777905513299968 559971429395728902787555702406588255097161203602751096601523486527709336415745490777733566263099129856 220424523951425530707893163824453484214260856059743015838413621758525440
3705346855594118279265280228421948803828366168192121245220049471167382360686592 607084028820540334662331845882349658325752137203793600391203467301603735418374717440 1505297160085110540506422805114130272172841159274367826439530572056341130510336
3705346855594118279265280228421948803828366168192121245220049471167382360686592 559971429395728899019840448525402908710561718694251506716691739986912578403476179910965574254800666624 6846532376041146816821292164655110622990576904608511828449737542907985920
3705346855594118279265280228518316568039872580029862405497670392065456353574912 3885337784465592945317097555434343987957772113250529587315774193683353901124368203776 5535985770983503473304148004682714296499568640
3705346855594118279265280228518316568039872580029862405497670392065456353574912 19426688922257290709194619068235189066424068390521395212518124097389042852052084981760 1217156832339642586566506274746529452307206320947200
3705346855594118282479156316939838011059957171441424894662296576343491183902720 559971429395728922233216000564520849749978142021763589848271631336723098946106407988829051767138287616 96342636748235741498741385527320361397012933924501264881442484024177468637184
3705346855594118385323191149515215645745531081275831456083288178442267002929152 559971429395728922210450349483736783681119043756461311474851865219758328633754109579118279966658134016 96435360882195311105241337195792931099508221119584165781194880156882357092515840
3705346855594118385323191149611674753809370674630259111578131122228600254758912 23312026706722883654511716623669533054381840503771924799833898291072396753176453185536 2434313664679285192623172745875178682493988042604544
3705346855595803279145859361909168163058329331746635817425439837080048893952000 559971429395728898898423642775001736166597815918948597952173857565906583909673307335514469162291298304 96342636748235740723519321207065287063292940139339703489378145610418658213888
3705346855607598226887895880032654267291616791742185431367788774145681828872192 3885337784451458141838923813647037813284813678104279042503624819477808570410416996352 1276311374180905601743325695046208769551453596197931352064
3705346855607598226887895880032654267291616791742185431367788774145681828872192 3889132059631586518930563387683802498649349628961802752506072183442219097100807831552 1275084180486071589180968424965087759242759393796685824
3705346855607598226887895880032745611143950305481572109107727587400804569448448 121416805764108066932466369176469931665150427440758720078240693460320747083674943488 39844884062513110317317022705939470845397197535316017152
3705346855607598226887895880129113375355807300534517124743175571555295877398528 3885337784451458141838923813647037813284813678104279042503624819477808570410416996352 32217873092729867505920016384
3705346855649723275324391633503110661691812371347791907267015800763069944102912 559971429395728898898423642774987932647576161874234431765969796594084073612005192712266857504156155904 96435360882195310333135853887157343765032696782569841789639775195738418404818944
3705346855649723275324391633599569769755695829226080624563872759313443508518912 14134803478173741787306174672958435146250544812149374205545330713951207424 2434313664679285173133044767366151634481918561910784
3705347739017650668457445020070607831435290900501048127427369649581006159609856 559971429395728916399517911117141071354133060496059841874247187894018970186998132825500406115926540288 220424523950650308643572908750119764220475694498350951499999862948102144
3705353922982377392802598561611860431650096296694687192093723075202710683779072 21369357814483019780114080975058707973066475229573534733769936507127947137257293479936 3709410824267632513873630456340107901908520624638607879416590414831903280463872
3705353922982377392802598561611860431650096296694687192093723075202710683779072 21390226327973725854118098632260913742571422959289915138783397008932205034054443073536 3844879637481714951481898934616684662538006867683575505868882782604184518656
3705353922982377392802598561611951775676654049991229240989129756597252855431168 667792431702594368128565030470584624158327350924172960430323814031764108960212189184 115798935769692212466317142416089773686794771538479106016862453669841455808512
3705353922982377392802598561708319723695083777843090825643178627839243948392448 21369357814483019780114080975058707973066475229573534733769936507127947137257293479936 93632984627281932210768885234864515648935197409280
3705376008570687122606718352830619718131544140243398137340144328245966131953664 559971429395728916382443672806549570922733323285904591547631348063339764878316880362405424351032639488 219309460556496018185680606850811271929542181084923705188230537962212818944
3705376008570687122606718352927078849193027219498865967928633600202139775270912 17484020030045696441753330903198976334454619986615506236078461061855683897560827691008 5535985770964013345325638977634702227018874880
3708965358382784384661258113559534548425054196321299316888875737753467433779200 28219921652204804619069331898437347398736134502832593143201211675211129459253968896 3166189940082864740583155126738225190679878935893315658788404921839227240864
3708965358382784410397375228644925680151790831472731622908533060056008945041408 4031417378901066898827554836571279772661262568680359068872544883659319616905150464 6470387200139692682227783673749095572009943410470192709514892473794560
3708965358382784410397375228644925680151790831472731622908533060056008945041408 20157086894432003299335237070312390999097238930594709388000865482293663899467120640 2940033515791231524426607041236216410336933204401029946314352718950919307264
3708965358382784413614389868030599571617632910866660661160990225343826633949184 24188504273333070198162791906883670771758501499275068456873410365952983516372271104 2261564242916331963836506806357850910576207180692998752230142546777405915552
3708965358384471055785650240192282585092565981484669641465894368171497144451074 14666238960507422508801572841814782561417191272371787200586837011726336 2261564242916331941866650732504468237150944199466166295871898491153033462176
3708965358396277522031341090852998656224518761265371159328108880374831517794320 4031417378886400659867047414062478199819447786118941877600173096458732779893424128 29931553532536891764811465374029476242553498480148896
3708966242669035092938360493723020534395676926771068682239310728484801271037952 18141378205003469208362220785789953472029329820096655640473150721264884346532134912 6470387200117722826153930291075670309028716578013834465459268101341184
3708972432672789870725257349269684514102879593859428097554754407486347553013760 22172795583875203629268760777343630099006962823654180326800952030523030289413832704 226162894678833311909488234025384645696226967516657240474031053033556672512
4631683569492647816942900700169150949685133720506708573945648109881412529684480 35002188536684278670375070489154222487844146660656224772554649650979971873907270483968 57896044618658097711785492505805455563965895251023966852445075023612497362944
7410693711188236507108543040556026102609279018600996098525285376506440296955904 2138207409362362181712240770344587442224563875924337587097305099568171741371640421310238048649216 3229246051314020704644362484720670212193514407935593235091492170243273563914771068801118793120862392916377600
7410693711188236507108543040556026102609279018600996098525285376506440296955904 15501482235672537716156087578591261659025217244341756725180603685033282449545334646277376151912448 1174271291386916622092899745113424196712647992135672609765971459696732270981913754619006756108075647631360000
7410693711188236507108739199985256936383148887020471338100788575114079798099968 2138223721564516422714103466882327069324258501187594278844732786134381287488934676011894995681280 3522813874160749866278707006015837874551438988123513224688391189700342970704551734362733064408434008601395200
7410693711188236507108739199985256936383148887020471338100788575114079798099968 13363250357509620936531266121284682528004290590422077949664809338175332412104593345902119307182080 1321055202810281198835992282416466952438435227460298046460816866403342748347269269461905503578159652955750400
7410693711215196453776184078923770202130973320323321341886583954513841914806272 8156598400356910717990424252061696668152732084496671061560723568749951806624363361849049088 8148159446689082150906350109538669116207208206043848452059069635875816776347403605036236800
7410707845964754734184062424367570797939820046359809681571437109573298038276096 16312202154241001862696537739627099694625263256691747427686566209546117294254701656947032064 16296326664053733204728983896924940614398174744194963476563970543524972581828514523065090048
7417930716765568820794750457289851360303581662945463245817066120112035053174784 12776314012408480812621156971433779020335974687424141234036002864272063974907177095639789993984 2350836081389823299401091417743982560050603664052068281647981113146396815131837717341991028741934307658956800
7642277889662868897955685010760479836884945385301873118335762569018771452723200 2136121480544009776681608744662678257634744339320862797138257451812109103393004678751836878929920 84065056786291558301745190249797629201311759065097973778529279289221646943322112
7642277889662868897955685010760479836884945385301873118335762569018771452723200 15486359251739482779684005392397420070749025603966564497977508238801828324200225512728967671447552 30569111558651475803938966464052132228592966495154505971866629138215426836267008
7642277889662868897955887300171874134214248687109461911059273111555827931611136 2136137776831820452570298892228185532660032751068012124628262540935703938443402785445486346108928 91707334675954427411817101681567790983108202787271106713007985508190025039675392
7642277889662868897955887300171874134214248687109461911059273111555827931611136 13350213326266433752759574784231098652429527806924521558806895435863862991338464176924123216216064 34390250503482910252916808969432460636392386957318068144764616291423268292919296
7642277889662868950984640471120081011200568035190643109836899339354447301050368 12816207401059470558831994461892592225775611852803755990712365451126777046555406146654863651504128 59343445734124550154580129818450591953065042632299566023756201899202809797017600
7642277889662868950984640471126109705454558009770065779579385577059919228567552 323519977070016672988269989157679027090085101596436482365692078718976 1498039178264175491158776953534190095147330856550400
7642277889690671342956689831577215939517373219456062716396521163076598856056832 8148641228574354131715938135885659465045974030814542350262002261394418358550359358109122560 212116226421009504966197602797846008588682731912552695183048704
7642292466151153319627314375316135660767378032409612204855007229981156595499008 16296287810675888690147565507275025288411747149327490005089123594835050398106693649467179008 424232655131430404229724508897499605974773561918649134896971776
14821387422376473117061120913687429839904131947036398758471562355111656412938240 2644711312123394734986825787023911663264994640745336807855386131210050771166379858934830386136948580320018432 293567822846729153486185074606085511451574470649250873389690813413220954730711029685797494940168010648780800
14835861433531137538645032454238138193700216785285197267555502951013869735116800 761513212343223805801404663324579213598532609918782264949185289112041453717408943642631683097132542197760 587709020347455824850280632700115807811385943672569381028276752215161964929357081574911438255565752818991168
14835861433531137538645228805229311635710193948498050900919654101963899509211136 1452473954795146670929692085281431674684138105438991697498455417109464855679250142218746768350248960 16035547205763411451999678257347388974246806841568383673761987979117022314190165702368204853084640
14835861433531137538645228805229311635710193948498050900919654101963899509211136 1675329067155092372763090259314074269916771741821320982888207636046491198178299676013789702813691592835072 293854510173727912425136427217998272319174041272896908530157829330439653727357314826202157723929319368032256
14835861433531137538645230337724852501599052306845078051228837720703021692813312 761514664811637863092445790862014322757733785458827709910111440965724938090031243467735366485431350722560 7778264119263173037861126775563967961093554282657474642451922507122807707114082926656
14835861433531558787811903033976103307820928630227326481301256298408916753121280 1370725234690649498018073363245397831454538680272301517094076749536745001137745101921871541249913017860096 16035547205755633187880415084309527847471242873607290119479330504474570391683042894661090770157984
14835861433585110088125364363411994624898075045061484637312435539496132394680320 1370723782217802850442528393984242584477358697853808076908533520401674616691336098556737029574838575955968 3820108632274498408732529187021854336730783398264024067172377549918074414273098861864684860256241995269276064
15284555779325737795911370021146803836631637975864554453208401089044533112471552 733964352014336591650353847581657935149329568528832360752473461719855132010983469489700614768637734530580480 14836766059228304071421975465896823217571098198967536562417410805126809732055040
15284555779325737795911370021158861225139617924939734853078310423956694555951104 18526734278037991262994277741595954837597714010479591309145804375092286592122880 374509794566043872789699194979407943766449009524736
15284555779325737795911572310558198133960941277672138294020638762608661348024320 1399928573489322256959403568066115186216249938803180612626958686745907790289075030475188569786432880640 404805639634390609150393264330081760729375391211221754873938623037440
15284555779325737795911572310558198133960941277672138294020638762608661348024320 1614721574431540501630778464679647457328525050763431193655441615783681290424163632877341352491003015967277056 7418383029614152035710889551466514181273182164915045911422804368587882135289856
15284555779325737795911572310570255522468921226747318853468756286651873852719104 40758815411683580778587411031511100642714970823055100880120769625203030502670336 187254897283021936394847119191773761893416357068800
15284555779325737795911572310570255522468921226747318853468756286651873852719104 9713344461163982363292743888585859969894430283126323968289435484208384752810920509440 10218440217633715241901301731016185446400
15284555779325737795911621350415505842404408744777007103914514562260571223293952 733965751937569787457052318261464644047646959258422881193278135128439073963378126827158823585871608351293440 196362963794855024733869137444739571802067951045461475328
15284555779325737795911621350427563230912388693852188939988297599352192217710592 9713362987898260266484273547110402592514192445742181079695022517309897439579461386240 4956595860419979616295387136
15284555779325737901969280942614317859539388867716705660566850806304746103635968 2642131123446326854115232580294312736115839108385398595073507989523912114205149492818437110326878439546552320 7642277889662868897955685010760656815598840924327124345795974306415682913304576
15284555779339217769245147630455531641504451093008956866231909048849213153148928 1321137233553311295589782187305800077940605674497767395987103267344405422736481407808977128497850526065491968 404805639634194246186598409305347891591930651639419686922893161562112
15284555779339217769245147630467589030012781958275024643470473177956339668811776 9713377809285682804717070611135155047946122871991912157916647524115687437823176081408 10218440217628758646040881751399890059264
15284555779381342685912570505134698852577919265936514904392128711365336053645312 1321135833625805864970636925646984283268793223351898249354452231095739237619770245081461106583547922155044864 96435360882600115972768771821969761268736301348466726232509643429065113635028992
15284555779381342685912570505146756241085943079535556366064052061041537809711104 33348121700468384273389699934872718707675885218863264356462447875166115865821184 2434313664689503613350641308139099786365812531953664
22232081133564709624169663954243455942513410965637394856996847731618096709894144 2138209448511962270939920267950650457648730914107358711265070489749063928859592077401078510911488 293567822846729157560257027275057683988465847570957941054704551952764238333023400586255282570299046467993600
22232109403171665868809203734017424224698129556892612594333711971160886593191936 2138203331063162003256881775132461411376229799558295338761774319206387366395737109128557124124672 587135645693458311046442101881143195440040318220208814444395365365985193063734430272052777510467057116774400
22232151807689940948033429456035443420493451154979646830818095075317265249337344 6117448800267683038492818189046272501114549063372503296170542676562463854968272521386786816 4074071952668972172536891376921707067665013738539543283602312370900457787630131035819212800
22253792150296706307967843207843967453565290922747076351379481152945849263816704 6698455344658542137164496036693517304167201326111969435411964154619582020011839380220708831799279616 9621328323458046871199806954408428118933500657925501047532197874469259604380464598731121169006880
22253792150296706307967844740339508319454149281094103501688664771684971447418880 6698455344652201265900271257006036180503329360400688619489297971222212301354650911945594541151617024 1763127061042367486784985735516979557283523274611577482274321326328969433338929435045435013401275072725909632
22253792150296706308771313762469003457225130327264684802949766268576367865069568 6698455344647974018390788070547715431394081383259834742207520515623965822249858599762185014053175296 1910057959268719910721287560186824918275032587985058349352309426475735000257889447137933934191482013466230784
22253792150296706359439782911527989554003798448230660513372569071125904788291584 12776293870817406216262149678452729074091950618950033941453446512804493799665254073071048851456 1175418040694911661934712881080983012645175192065783665214005667668090125884214805393030697953416433989845120
22253792150296706359439979262519162996013775611443514146736720222075934562385920 12776300211688670441041837159576392946057661899765956607636843882523150988133529187361696514048 293854510183349240748594474089198079273582469391830409188083330377971851601826574430582622322660440537039136
22253792150296706462384251371869554080910744988836389737451198360336105159524352 12776289643569896733075691357703619826114809765072752163997848266325389007353070663543950409728 3643139488479957900783269836148200401319711228443906283535827877251030066900767619908985941437574021120
22253792150297127557134517436590759125676025604476351931761083349390866507726848 6698455344656428513409754443464356929612577337541542496771075426820458780459443224129004068250058752 9621328323473603399438333300484150372484628593847688156097512823754163449394710214145349334860192
22253792150350678908920114820701845985201656708006947883129501659608167447855104 12776298098064915699448607999201838322069091472827315718909044759283598591977437482598147293184 3820108632268084189850247157233412254946958020789037452892617947954692596592378454922396527575726253833978272
22253792371152589406069354960381191050089944805700171912402136033777143026647040 6698455344649030830268158867162295618671393377545048211527964879523527442026056677808037395827785728 146930898226352423936317381198083887337585035627031995013910287255330881868244915937513166405621168906174464
22253820447456728303695779854368589416715100038383175636045519259651162027065344 12776290700381774103872305937890897138109094978542072608361747827945165205431116515925725020160 3643139488467723749167589084751177998014990583540748831372590111055004566258524412087543656509222158336
22926833668988606693867358465837297200941411916508207441030958143912992022036480 6719370929713897418077371479346287628656195908616218655948933120197665288589636626278404185688765366272 242878118166050918474706801873054143436671450593098230234561430978560
22926833668988606693867358465855383283703381840120978280203134429977810779078656 46624053413587115020286067769491531757933171028705561550159960806192382287102743674880 6131064130580229145140781038609711267840
22926833668988606693867407505694604909384879383613076250924833943564901897306112 6719370929707785937155940713747500675054127397965185312359370185074104035283748681022088268057994592256 44510298177684912523117966720957528420700907725648026810568236100598101664989184
22926833668988606693867407505712690992146849307225848366722675742678129144070144 46624053413587115020285913503439282894866719000344696798550118674704979138990554742784 1123529383698131626165143819745974230524558525464576
22926833668988606719578416213838449318056272861071677891280081844089587262128128 6719370929703711616541653536681642705986081724197829749966328228325063199746490050851210989637480742912 48219581663869728457740505806695039904212383825541718785223588369759609892634624
22926833668988606719578416213856535400818242785353769523998428767193073801330688 46624053413587115020285810659404450319489084314770786964143557253713377040249095454720 1217159153882062676422801531324724964413201627217920
22926833668988606746896010492266884847832206011055197563045300428398980413521920 12816187030451045595766238456358016493700416755192703082523315681830018707190870754287827833323520 29673532118456608451696187618024500058154543395817934987722627363422337394409472
22926833668988606746896010492284970930594175934709800632657696001016613784518656 323519462849842510111381815729809477918052294491478471871984782278656 749019589132087753375449581362426706737725811326976
22926833668988606746896212781678279145161509312862781403857538101963108649074688 12816193141931967026531837243311618562211067788536292645458439243083324595136127070205458604097536 7418383029857030153876940469941220983146236308351717362015902598822443566268416
22926833668988606746896212781696365227923479236517384633048141863711793081286656 323519617115894758974448267758170342669662136622965875020096971210752 187254897289153000525427348336914542932026068336640
22926833668988606799924965953374797696424334253018578778902613375323517556359168 2136123517704316920270141673647212229049610600814370500773845017312674451997594316341676406210560 7642277889662869004013595931854015001368339021442539842729242169148285973954560
22926833668988606852953921413360243033601704105571929329510698018063341903151104 12816182956130431308589172598388948448026649399630310040566566640994481448560699877009407319474176 91971377740225619723722162697725936699753593920360975359973938376013250560
22926833668988606852953921413378329116363674029310197338738156731179757685702656 323519360005807677536004181044235568083645733070486869773243322990592 2321542420089856295256578195512105995306270720
22926833669002086667200933785734630708484921731845026013242228430153543827161088 6719370929711860257770227890813358644122173071732540874752412141823144870821007311192965546478508441600 242878118166443644402296511922521881711560929736702366136652353929216
22926833669002086667200933785752716791247242571648684070204851321282276595171328 46624053413587115020286016347474115470244353685918606632956680095696581237732014030848 6131064130590142336861620997842302042112
22926833669044211636897210976254779863778487301127158014229028050719783354695680 12816191104771659882943304314327084539374184110755096124480064722665555965821041631566248347172864 96435360882438188451301021220185459371353475338586356510606926108278872827396096
22926833669044211636897210976272865946540501089305622145643437638101457038278656 323519565693877342686759450415383387752458855912470073970726241566720 2434313664685416237263602691829920525612254943936512
22926840736376865833115734547028452289730336171007265393755914330514392432607232 6719370929704730196695225330948107198253093142639668640564588717512323408630804708393930309242609205248 3709283486184815934622931811665101193560943838168581453798956405063599150596096
22926840736376865833115734547046538556473453983166997944143937002966861396148224 46624053413587115020285836370413158463333492986164264422745197608961277564934460276736 93629770183931050257667624770471573847875692527616
22926862821965175696295359537769005291757215259056227777232951757531402521804800 12816183974710584880383439062881215459445091238520908301055753901203365763218242596329012447936512 91971377739916767487035931844102924352755711058498087554220769658082951168
22926862821965175696295359537787091397516828668779200901169119939316441107398656 323519385716816385679848589715629045542247373425734770297928687812608 2321542420082060244065174584692901167513993216
22926862822020780427209491351266703201074310893123233626038146621577948745957376 2136117406223395489504542886693610314805011816333847389867082320810978406183825403572157824368640 15284555779325737901969280942614671816967179945769664188525216475563968887259136
22926906551680251602659474127097786567211437045837721176807306456225169138515968 6111480921430765598786953601914244598784480523110906762696501696045813768912769518581841920 106057910921093358185769498097115415496933267862732603060649984
29642774844752946028434172162224104410437116074403984394101141506025761187823616 2242072972479548287051094578004846121818064290761238209728143792084795251880509226415804172100400316416 2054978119544217345183683311074991690260986229218736541655224955321952941505437284286859715531027647561728000
29642774844752946028434172162224104410437116074403984394101141506025761187823616 4764131659656961023551400977397186209959916662459593635339272656691536711086460571403766729783273062400 2348547062263317599794189522409130413334568937405943746006424334567971955341969920963842698775054983754678272
29642803114305982482583445494984116297133369314146334404013916184690721160167424 280267673851786578587771411692984198840102732035177100618893340945024276999807623510997838958096809984 2495330973686682176537282059712173169060356172730569182701269741274582432707325435806741446245138989079068672
29642803114305982482583445494984116297133369314146334404013916184690721160167424 3363107320515991367414638610125494050265685059912057756296876926352873671433397443886597129593476349952 587139005310571577752757938044564133003113875972482174706770888255848167851882135857872240830187594317824000
29642845518743376950475958053302802187525827696454407996573240528641372578643968 1121034348036443080363544032120647928447620769150819546568733134268078419552888217470792957493076033536 3359617113270780387788832393110099964934673980427927389261429406258390460076486277250949851573020262400
29642944462071164753330204477642637398162375249697034932728795975230800024174592 4483863985805174444963629565704202011119813930424416534720379315746512434086652947892768890825176252416 4479489484371904708925560449940224761838343043745482179348759324732183302484745088972303211145849733120
29671722867062275077290457610458623271420387896996101801839308203927799018422272 4955489923336511391156450358313360905878274492729463168017335055267663335462413452220903973757911040 1069036480384227430133311883823160142552217697273813771038298350774627118301616850606180614012960
29671722867062275077290459142954164137309246255343128952148491822666921202024448 7860432292188949103213679878703951781737952643134510935147053887624517367457017078242183065234309120 4113963142432190802498310420558441032722816122798249448882584332301070769755279974470953390553887620812767616
29671722867062275078093928165083659275080227301513710253409593319558317619675136 6698455344647974018390788070547715431394081382972491828295166354681775754659175627833671428643749888 1910062443132705732207934678057392485284009388975139223504128244909328479069366308444862103120315710118559744
29671722867062275283179001829159405441214326651781852983268264480448140212699136 2904951820699367904072669805978585095374345429218394377073921790030065017355955955970727553701773312 8127003474301444547901140403715209378120701309318058102354261470729841543762074548077914775134226350080
29671722867062275386123470289500969968121273192387582207346893769658340583931904 4066928768240342988895561614134821445718216689380413483925809322972806630153797406379239190292332544 3526254122084734977648037566122444488084468040252455631822268673640191462300565344818549075106028982076703104
29671722867062275386123666640492143410131250355600435840711044920608370358026240 9451846930192015440285587994219514667278813346609944202957673210985361352329949448462225375232 293854510174796948905520654648131584202997201415449126227431643101477952078131941944503774574535499982045216
29671722867062696326457131839205414943531122578725377382220910400372816262332416 4374501449566023848745004454235242730706338862648453614591391288796292529063492727016648155462631424 1069036480430897014848890922050326903205601457149889444675216374930994054897191708763267543335328
29671722867116247935603802198674826399319131452163869577103826358140603243495424 580997925617417734426886189666112394686602908894356163370146724144581791760273055153704280520654848 3820108632259531898007204450848822812568524197319758425755920149243270300143555285527899009070344172042453408
29671723087918158175391969362995846867945041779949197362861963084759092781252608 6988949581533217789596511022586774518980049198012996605008138237917461157858635990435799337791389696 146935382090338229110762344827649591650024096989611440029401101428291442470080418252495316166519483894071296
29671751164222297124490530311658440777018681701328638881862585379763197080240128 3195446057584611675278392758017644182960313244258899153786893673265750420555416318572855462849413120 8127003474272898194131218650455490437076353162985764322186763071615606401760839394237304554824210055168
29787514956299591272714030127962852045162516240008769516187949406674834331664384 862028741737062482826570202772048915785540756228276224 2350836081389823299401091417743982560050603664052068281647981113146396815131837717341991028741934307658956800
30569111558651475591822740043041919347539781541207492473343050276075085810892800 2239885717582915595593694571043412516677609680347713028372045445791334115199423274026886107160819793920 53496032686569788921772020369644244812390151949160248767619776988350053775048704
30569111558651475591822740043041919347539781541207492473343050276075085810892800 4759483743001616554204425962604139799036450615330852624957563670817931795639152922577315841786664452096 61138339729209226981242876268093739157773742958751940554253784543199435977392128
30569111558651475591823144621116396267921882555344276588041277525217322696048640 5039459845692634243283603511816634603821894006603656899586107865912347088778642557640807507441328586752 26987920244723281779281077076171269548783990103020587439896198676480
30569111558651475591823144621140511044937842453494637706937512573303747705438208 34968040060190336265214357994553337739616813236078090223107667940285032780186821591040 681229347842247682793420115401079029760
30569111558651475591823193660973703976365350022449145397935153324869232571318272 7839311652377763179286997964334357398234254467692089250462406746078812061206930948935770459049497198592 103853743911809463089476755784739072249433645183616679012350482532633263508684800
30569111558651475591823193660997818753381309920599507793457053886004066070429696 34968040060261010147805493367736669639646529976711189578982692698609897028238526382080 2621568561962307127718675521535087097863458286600192
30569111558651475617534202369117548385036743499907747038290401225393917936140288 6719370929703711604885640183327268280469310283256716310111887194012226072235615592417785278406229753856 48219694852509816234764493578057442212340568758282604207050773899204923085553664
30569111558651475617534202369141663162052703398727428950732806910519010727690240 34968040060232740594769039218463336879634643280457949836632682795279951329017844465664 1217162011165041248553626462497888671620580465704960
30569111558651475803938561884480324044802272140762572439347597357417789204201472 2799861418691975731341468784875991062065496278768188096414209385050732729530694408635017159467920785408 205160017828002643711493525100034064884686334805782802545503383689206169600
30569111558651475803938561884504438821818232039080263118317542308239676914270208 70674125230655377539090052032852523809775418609324561190016577984197033984 5178825398661987120187751359219313374144757760
30569111558651475909996472805573682230571770235279304205812994947082150693830656 3919802141366027305742826565883080179830440463203561036764728937117318718502009765153002340111188230144 89016977852581159018054976681806043886887280853786587189504873795457499238105088
30569111558651475909996472805597797007587730133680659824398003038402820815454208 98943678267109526812422812044739220063015160959334464519962277204878950400 2247058767396263254928981283151539574076625572462592
30569111558651475909996675094985076527901073537086888046625232620646278929383424 9612006846795338074332358268267653135817679755745537910504884267757102406017340054207859752173568 7418383029641139955955612833245795258349353434463829901525824956027778333966336
30569111558651475909996675095009191304917033435488243824788448901098000112222208 242639520004355758152003135783176676062734299802865152329932492242944 187254897283703165742689366874567182008817436098560
30569111558664955565156719941013729775465392370681095160252547811457874501173248 4479489484355608456082924621313090044939421914385970429410848089879054094292984879381814917119694864384 26987920245901411671564555165547660675107829086671007060571399290880
30569111558664955565156719941037844552481703185022343496939229464608213521530880 34968040060176201488696130919916671359610869887951470351932662988620059930576480632832 681229347871987257955939993098851352576
30569111558707080799997673289561577246518051525351264656996722569402953635004416 559979973343872582538753222861812826535607909897442215713170280917560751588063695599046798181385895936 96435360882222298253380478987454727414596501117549903409956894749202791872757760
30569111558707080799997673289585692023534055288276481337383744675487664069214208 14135019157747078992424532009079131303295933909304754530125179542833201152 2434313664679966402480884536751014844607511493246976
30569118626039734731071520702307551356710806809843334540766233711818723106619392 6999356110372224498485979628579040559910546329365559545199517082028872569478444431547281573567046615040 3709396674824903299869045741661245394061342598091815057440143685395144574500864
30569118626039734731071520702331666317707914596540657370878315146292798322507776 34968040060239807983028152755781670069637614954521259772220185271112437753823014944768 93632627466909611993757634072154188782150807977984
30569140711628044435164178167450682319340917119154671511869944715166347786452992 279994258646008133089541401467251242793159620861553555157585468890348053278831031815560855243450220544 64959478674040661430220718773474067565573163420915502727151771696407277434044416
30569140711628044435164178167450682319340917119154671511869944715166347786452992 3359826440256967169995052352022232081406099715509753208710678301604680361820728727214925588583405322240 15284643238255444431993595315840960734395947327524627038639905456271639208525824
30569140711628044647280000008889086302957783294246870887069851096885849822855168 3079846599360488624941808230127763341506732324877031331501839273067379226773523247764513454628737646592 205160017827282013600965927988303424751515634292101728741501101203506855936
30569140711628044647280000008913201102971386678549266680748505516376360335966208 77741513489768914857423242035824197873085354196827037022503002789367513088 5178825398643796334074476267307835442629443584
30569184441204107480178331743216828214279298804616310534668215324663985574248448 1119940722674051574401357780978819564728490035162040180338632855813346246621305453188039481422585528320 87458929706636082225294319647103198265478870378347047956843440273381916672
30569286476510888651871773368317285773005201612505744289951437995696770622029824 4479489484355608421114884561136888556243290994469299069799978201927583742360321890761754986543214231552 116611906275797597396182008484632983015564134945787885990091873972670955520
34274458414245593845377465181251717027669989531749643447197796013122452719796224 34968040060063123276550314322823340319563323102938511382532623375300277133693752967168 59343445734124550154580129818450591953065042632299566023756201899202809797017600
34274458414245593845377465181372290912749789022501449041678971253554577766744064 34968040060063123276550314322823340319563323102938511382532623375300277133693752967168 1498039178264175491158776953534190095147330856550400
44464162267129419145495293075911534250341248021440383152572703861137417600761856 2802590146497769827232866594065170086041874675336647983012510359218834461656953335151200650846938333184 293567822846729161634328979944029856525357224492665008719718290492307521935335771486713070200430082287206400
44464162267183338935985755682354721479603583241372726119572296620622887012859904 4276406662126324006513763550264922822752459599116590677523548638412774732791474218257114248249344 1321055202810281198835976741065329146605867871765043065583636137438580863492824375387004302491018119557939200
44464162267452939173987817563760570141276388674496359633818394249158193557176320 2802585870091107700908860080301619821119051922877048866421832835670196048882220543676982393732690083840 8148143905337944345073782753843414135330027477079086567204624741800915575260262071638425600
45853667337977213493792020985656237207079170408924198133909901082379831914528768 2799856078919941382794373461532822299041854697928733118541361873698007238510076000620905847872112558080 7642277889662869110071506852947373187137837118557955339662510031880889034604544
45853667338032818277735310548550774037257314772889262735242050432080057607454720 4272234812446790979009085773387220629610023632667694779734164641621956812367650807144315648737280 34390250503482910252916404390609672041733780353702890549948420104335779231170560
45853667338310843523174936863750555469614201250300017766062081135041528373346304 2799851806685128936003394452447048911821225087905100450846582139533365616553263632970098703556463820800 212115821842186716371538996194230830993866535725465206121299968
59285549689505892056868344324448208820874232148807968788202283012051522375647232 1322425926597304964359586104910386071491426983262822493519719068885284163686939851537376379216331410337955840 1761406937086782894247089035890614651438791538525902307502040356305175446636147268453841410952923921671782400
59285549689505892056868344324448208820874232148807968788202283012051522375647232 2350836081398375591244134124128514106384418618799052186177802633569474445467293615488774225255267452573450240 3229246051324700627601712323747884288532539514543783003403439927693466356235882152377522204556377916084060160
59285549689559811950202645604037542851048271410155243077047364175028128105627648 146936214070643624924302557885445549271534587629732736656863153886999566825850536014722183020071715396911104 1321055202823097121051502201559699276843209026331558335351696320613267137923908290800483534265424713411985408
59285549689559811950202645604037542851048271410155243077047364175028128105627648 4261006864259011225321362002551370438985791799878419558128949659953900907584778124787477702569728710381928448 587135645704138246226046652293118303971157944831632129489504128471598178346503686472970983144366067530334208
59285549689829411416874936639701136337013947190569515479574782784341714760105984 1175489712526661339435283547024940522219892395633089756862855914998284596861089315522654196196259694941044736 12815930363669365832314475311123908409929405098087660253772841635708657214394807034668665492471808
59285662767960677393469793413640259503442421783840103127656246960106088049934336 587744856263330669717641773512470261109946197816544878431427957499142298430544657761327098098129847470522368 10679939253676503080947281068009003533130382710122501645156268885081627101375993264030046232772608
59343445734124550566358003658318810882428653303563705966536528960896280425398272 152302642468644761160280932664915842719706521983756452989837057822408290743481788728526336619426508439552 4260890397519054730164478194660971330125234932325898187094007003794254564359660263712305053947474883551166464
59343445734124550566358003658318810882428653303563705966536528960896280425398272 3511919755734797002154069495931320628094740139663930470725375162767222008387797889606290333979363856351232 2350836081389823299401091417743982560050603664052068281647981113146396815131837717341991028741934307658956800
61138223117302951183645480086083838695079563082414984946686100552150171621785600 1321135833625805855803415543467487763387894436207141651242858727721703208356154436656278005339227528416460800 45853667338144028375910837411573517606756561178189161012999298479672292838211584
61138223117302951183645480086083838695079563082414984946686100552150171621785600 2348542582782377176033164237118917114200360757366730688796717582611997191545897322366821560584860551379681280 84065056786569582433575437012343086750448450499514064046395066988272425401057280
61138223117302951607877123768960648089604544281525144878695194714835578408402944 146792870402867318330070769516331587029865913705766472150494692343971026402196693897940122953727546906116096 107562935426616538386700911902982934131340726704247364448004430295024043676401664
61138223117302951607877123768960648089604544281525144878695194714835578408402944 3522885545992499531568958733425912055814682554103693831332725570180855727235002383528104110175015029539078144 59343445734124550154580129818450591953065042632299566023756201899202809797017600
61138223117302951607877123769008877643636464078160526236635084616479353828540416 3705346855607598252598855548319190967519542802095918261829160875018457318424576 2715196010603818077725283228280719547454537177497600
61138223117302951607877123769008877643636464078160526236635084616479353828540416 88928324534258838085302516486672313231311348223211953182303424518077283563470848 1498039178264175491158776953534190095147330856550400
61138223117358556073646478280660339413697902241685420179190065027580544034013184 146792870407139552123937406919841059483153269097070207104096442304367854458972449774176318067058485472788480 34390250503816539592922393558068676353443823035463227444795718210296551584038912
61138223117358556073646478280660339413697902241685420179190065027580544034013184 4256849898017516183676318848860228229540625777128908062108957453042368076850642752464150409560172601267978240 15284555779603762351974271915497175410058882180569944934231298230531279181316096
61138223117636580523652278411188420196106811245267951512603929574880632010702848 1174342963218666303679478136547646703904741167110071444138762285417335353897181986882101687272169042943672320 333629552121811009645720683249038875991167888713833831425978474168320
61138339729459448562015724459313143816066631610920659647061518447951895379050496 587171481609333151839739068273823351952370583555035722069381142708667676948590993441050843636084521471836160 278024556062901893975861778861200331915696242639349617699913354706944
74106937111882365173929465238135638660778364095844367546673845367163178788585472 2644708509530040926102955010884749236939391717707324625393516612319045594682565944369437774304332376308711424 293567822846729169782472885281974201599139978336054035642804220848338745982267682621964236038914297787580416
74106965381435401525234899897749503746562913294171786234741131642337002443046912 8552291843042706384589442378433612844695690022324402875366934424870514743970209022317445546770432 2495326494197197820928860944827611918983159842074328599472203799950375491775579603997819215040674130368135168
74107106729200584567312214363867203358394528356109748833476703246529359201468416 2644708509521488634259912304500159794560958104862628935371192209443678660257695429625467565282014930761940992 16296287810675888690147565507686803162253113407435117791251556652936166741098746287138799616
74179307167655687693226144026146558178550969742490254504598270509819497546055680 1675329357643234435797549908958944973674265695211327225714928315371855274344392994572991445609064066711552 16570065445955525167066334199258969045522915690205290559281137154504335873340974127671295160091120
74179307167655687693226145558642099044439828100837281654907454128558619729657856 761513502834690317890113458487019708200634332339590215475184699064629102308560947045324822221877388771328 146927255086863957232090571079210831544417955771638317821484628544553665042440109169835634158455629650329680
74179307167655688105003036112556949076128870088848903234092031911910150160515072 761513212341007506431905232979532686368794097231581126482999468693892405434036487080304085544217627066368 734636275434319782082363425515207376182766038317432134881800287205432972497154738822239949606314268386394192
74179307167655688105003232463548122518138847252061756867456183062860179934609408 1675329067149551624339341683451457951842425460103318136722743085001118577469868534607970708931404305006592 293854510190297977871091952385064606518433010318419824220363119889720790881861650699543131851600614528123376
74179307167656108942392818254893349850661704424219530084979872706264514789965824 1370724072707053063161737758801636551849721907587414888968347109936113216999115645397102571146668507398144 16570065445945802336917255232961642637053460730253923616427815311201270970207070618037402556432800
74179307167709660654483368021730805507326728348625190603848964500392412820078592 1370723782213370251703529533294149530017881672479405799976161879565376520124591185432081834469008745693184 3820108632275032926972719356170891176879435513053606285029024183415022899079825562443208887979618307055550880
74179307388511570791327655778683781775075623625443350065620925390650791308886016 290494236886300583083093748653639274863279809373608731685475273958945367574105602636065888490487808 146927255086863957232080848249061752578120629363168862861533261601700343199137044266701730648821737046671360
74179335464815710049259033055397548938840171679001418356764982100435407399288832 554074842374857586261631807434628171800284616546455104537262070843114140581899388228728782848 1019512634640062616418533608726720408596454346936480516335458386853600651786857077362655232
76422778896628688979557861552790990669804706388360691470103193813043306740121600 1614721854410846837090758134373904777246397033274816596614888614310403402257158089460685300689917826834628608 418299599756752250040033802868167395503767386262732048593886722375680
76422778896628688979557861552851277612344606133736594267343781433259369263595520 1942709651048207994479390252137283298633351535543529220919497129888862020117377056768 10559054891554839083298011788716724961280
76422778896628688979557910592648298378248173855465560279997069612695216615391232 733964631996847109331149531940937668184276448420937384389148821939574049778468611003533179106271723736006656 3709191514807076043593376619957238461335204002036234035416805248663474388680704
76422778896628688979557910592708585320788073600841464353863322745959687628587008 1942687418967074429769868926508161630555043707706473417931201554032732500796486189056 93627448641510968847100687957679974188297530458112
76422778896628689085614761028698156554618951950131690607252951358454917725421568 2642128323587043751953033771255828790176546049144248549831408153966331030020192819087346982402902812115599360 7642277889662869322187328695134089558676833312788786333529045757346095155904512
76422778896628689403788493790107451926236182257389699331903595803880111520874496 733964352012200470169809837804976326404612970275019280300987887257857261387989679536041537342824948971864064 18545957574035380115015155722890266823881568331866325858262413985839238659260416
76422778896628689403788493790167738868776082003100261089713395040436048384491520 18526734277984071266815941629431243172738100839297910458879731628031337912336384 468137243207554841636794926341227497975130244595712
76422778896628689403788696079518846223565485559197283172715833477444239756427264 1614721574426200197929418440237943435466733555128898492526727679628686613866679157993193658926471052070486016 7418383030032451635467641801506547984141349560418813297685536417181768857665536
76422778896628689403788696079579133166105385304907845090103840903131227681259520 40758815411548780788141570751099321480565937895100898754455587757550658803204096 187254897293580991286401958275071773682133082030080
76422778896642168952891436872688324177348216203697510042314464099283858545246208 1321136113606180261170888600229582407559023504990190192539642016853460284764261596641634593495369125801754624 418299599756506796335290234087250059081961461797979463655079895531520
76422778896642168952891436872748611119888466865264300057345498324563835079688192 1942702240354496806242883143594242742607248926264510619923398604603485513677080100864 10559054891548643338472486814196355727360
76422778896684294293789694274095346942182463547461659783087323426200914462048256 1321135833621533622009548906093621065779360026844272088451481082171743496373782665174142951731922351037612032 96435360882613609932891084372118453093518203515956757042668203205797300368998400
76422778896684294293789694274155633884722407157696082602699136677520891638251520 33348121700360544281033027710543295377956658876499902655930302381044218506248192 2434313664689844228024561192831531391428608997621760
76422785964016948118806237633982145758593630642859749422828149999644707150692352 279985180669531475696580131743965842627709371374201032328297216256046227378955906411119899971153821696 3709191514807076043593131166252494892554286665614428110952052663724667561836544
76422785964016948118806237634042432885114678276782613931284584006248419880665088 1942668892232796459178601155150560240489787184508926915440955240819291234695743799296 93627448641510968847094492212854449213777161224192
76422808049605257822898490521424955637979892732773499014608030671816032981680128 8543948143683640329580086824678208458410818089426611079788166431288878903122562200091848347746304 64959362062134386056854966275839015675668140245242218926998853055463717005688832
76422808049605258353187842835609572370161191505390729546091247133012533629157376 534030370136002444170402186179149563453270112871393615499467655748447488414769356453196389679104 25737686390519237801917695583156905155240650479430726494191616
76422808049605258353187842835669859335698734737169661358224818978735875707371520 13479999044584028041177916214903292795420212566518186765237169946624 649670932616967568267068982689792
76422953814488102835040721064608836930909367907183150660989732278156064522010624 2642128323578499803809350130926248703351867840685837731741981542886542863588903940184224420202810963767853056 424231643684373432743077992388461661987733071450930412242599936
111160405667823547606628145608340391539139185279014941477879280647596604454338560 13363249337934820891917426372481651020292207071330567387580926643084886318360617517856699076050944 146783911423364576743092537303042755725787235324625436694845406706610477365355514842898747470084005324390400
114634168344943033469335275161407197553274180779528096775036438535281571790848000 13350212307686280180965308319738831666722094676177767706989101653113580317036169358129203452575744 3821138944831434448977842505380328407799420462163562172897987153207841456652288
2371421987580235682274733772977928352834969285952318751528091320482060895025889280 7860432292188949103213679878703951781737952642272482193561218333175482952863507251997102805444722688 128543430243135420109438666975896930884202399517430419027980880974313703880997563593327227062702346923409408
2371421987580235682274733773037791459900043069481941682277661430241686178454568960 130164584542633984 3242178498646538491023860024731436210810001624048074758599204375656157440638976
2371421987580235682274733774893547778917330358900252545369498114288526996948516864 7860432292188949103213679878703951781737952642272482193561218333175482952863507252119139800034836480 4109949519856344164361070017878764526284485933859871651534790787876723805994996412254663978105723982238973952
3912846279507388875753310725413581782177699321821325940098797489114462658297332769 141012366263811 268442112
7588550360256754183279148073529370729071901715047420004889892225542594864082845760 23068028609011322367871274578655913455480181977460492188392386609619647596035 124331046244645418562413789510082507817949321196265524591991147032421922459222846472192
7825692559014777751506621450827163564355398643642651880197594978228925316594665538 282025539403776 1024
22765651080770262549837444220588112187215705145142260014669676676627784592248537280 30757347034717049272547743414521414732462673769568814132487542674034920525832 948568795032094272909893509191171341133987714380927500611236528192824358010355712
23477077677044333254519864352481490693066195930927955640592784934686775949783996614 282024732524544 442723265148744645632
26559926260898639641477018257352797551751656002665970017114622789399082024289960160 213421459003147145970416840556707450027663423459716172353544 293333180593233136317067285187974085389251516446670556270282768145218548260137413093170872320
31302770236059111006026485803308654257421594574570607520790379912915701266378662152 221793274448742187008 140737488366080
60708402882054033466233184588234965832575213720379360039119137804340758912662766080 30235630341648004949002855629219274226713882011269961856856971495983388174288158720 17917992113215008419021093707093610961375225094526851778479515457304655356832052862427868519655750500352
62605540472118222012052971606617308514843189149141215041580759825831402532757324304 116283552274323156108312576 73786976294838219264
75885503602567541832791480737209326716801378223422133832885165767733957710546206720 5156350428872752519506961859353913336960909312 4109949519856344164361070017875522347785839395368847791510059351665913804370948337496064773730067824798334976
78256925590147777515066214508271635643553986436426518800427013575908009535854346880 156105216389714361990750027912482478750695424 107507747624664973155228914044679017248379921130065518560090023943895870357353287975998508544527427450880
78256925590147777515066214508271635643553986436426518810378890922975636902035718144 156105216389714361990750027908538530541862912 4238385442351854919497353455934132421154146876474124284994748706405473610757540473042816797909695401792911360
82169771869655166390819525233685217425731685758247844742074747271403715824243988149 141012366262272 73787117032594997760
125211080944236444024105943216302601266771409704175605281521243036314548851582174241 7333105493545007071275608283408245858375201029736340746777098427826176 8388816
250422161888472888048211886432605202533542819408351210563042486072629097703164348482 14666252947296159739052931159052834298896483625626645086006879365103616 32
751266485665418664144635659297815607600628458225053631689127458217887293109493045446 14666210986929948048298856207338679086458606565862071429720363975573504 13835102035898270176
1001688647553891552192847545730420810134171277633404842252169944290516390812657393928 11533977638873292903519766084849772071321814878804040558617845282038221897728 4398046511440
2003377295107783104385695091460841620268342555266809684504339888581032781625314787856 6047126068336934095294036095117866727832841018721642119679563902944115464303804416 2305843009213694352
2428336115282161338649327383529398633303008548815174401564765512173630356506510622720 245177135931145742897630171527343083546991316833775745962350073718342672268102693009177994398797922304 4121130325609376071164086353376243810007988705669955939959189987420470229290956899438243823499368216920064
2428336115282161338649327383590698454937644103149508282652325304567486646737478615040 204264084879613525852919034499950845290743021140354760486590066927563964416 2557627865330409352599375626244559922028898942976
2428336115282161338649327383921717491764676096554911240515293020212812156952501157888 245177135931145742897630171718852741177735880807515351628812975972956044027886579141827716560780787712 4109949519856344164361070017875522347785839395368847791510061909293779134780300936871691018289989853697277952
2504221618884728880482118864264692340593727565965648601613664434429056305147339080320 198425207470228708888749231045342769770147956762109551833064400513662976 107507747624664973155228914044679017248379921130065518560090023943895870357353287975998507999162378748352
2504221618884728880482118864658926818481477474778333374348081471914976944329070870528 4878288012178573812210938372141829079433216 4113963142434328875459078875314853912578599004153387681931455894001525048320529341731900774485681186579415488
2629432699828965324506224807542354626602199603787687710911946103762605525883225659061 7333105493464974024149428103669339543229303282931035714860181987786752 2305847407268593680
7770675568902916283677847627294075626569627356208558085007249638955617140820834058240 17241505389194097831317836831769385433810931002938265781717836413872837024072315171319402463248 42653698870034103648940612818192001805453429718036045983596877437160861553970460246746949037010247076544512
7770675568902916283677847627294075626569627356208558085007249638955617140820834058240 344308625579293855368698730228390411573347763949074534359498441441494065082387895204538348470592 113599853323258230347732305664262457613728873823113520927137709713977571314272129073372952489629665617510400
7770675568902916283677847627490235055800461130078426504487440974615957269559931568128 551206690249623029344512772196143037734494907943155807525209185612547896804737490495133739646976 1321055202810281198835998110390803034795520147244657538086263736518137871512332091130625463471814675206766592
7770675568902916283677847627490235055800461130078426504487440974615957269559931568128 11024133804992460586890255443922860754689898158863116150504183712250957936094749809902674792939520 3522813874160749866278699235254031003924269740070230500083528165182456418348898594684057686079459359824281600
7770912711101674307246075100867724410578352863114316529736035812238816296940110675968 554074842374857586261631807434628171800284616546455104536929763210342611499558735715307094016 1322345295781775614069236389795513102205376330219234778987603520937285069362099388041111675948376714935009456
7770912711101674307246075100867724410578352863114316529736035812238816296940110675968 10560014642909050467574629741695266333134836221238320815880308428244176830932766492456441085952 3526254122084734973569987027476042898766376022287089044424903918792398619072188541524628997197925614346043776
8013509180431132417542780365647015489899928211090075525168682786033400156087780442112 16720023184605996573659830424350838360796824016960674625143821678053279982310213613056031719424 1362338177898102486299623051339440934304646310900649431130059248394542674863920016045214352571324188040631808
8013509180431132417542780365647015489899928211090075525168682786033400156087780442112 333878981487531830215538602080019470113065624229522711228018146725102924247145864039270933594112 3632901807728273299599908586352853618588279593590805925105273837105161357494502052094898094566041631372357632
15541351137805832567355695254588151253139254712417116170014499277911234281641668116480 72315977088401415741626632019543400666043644615080310944943923981151925027091555605593807127987617920 81355474224188509407234411174755700297856795480160877755048608898816275935321238112781487118563147776
15541351137805832567355695254588151253139254712417116170014499277911234281641668116480 261872010604856260926377158719170813979242771909124274708566908410439603170353180760880586625076167120 144358547836203961347922529241304340089769395140015634314381067654210544550316960215046054772834566144
15541351137805832567355695254649451074773890266751450051100513156413258364815480586240 7839311652377763144318957904079531215155485445108961152068476984173018675863302916679299175660797296640 3242178498646538491023860024733993838675332033400674134225448935578186339581952
15541351137805832567355695254980470111600922260156853008974881949231914539119863136256 2311924016104054334635897165755457607758959122501904459724324275572673446930957464260729392560382935040 2519712834951048276234647623167641518793013334384875224158795836057559338654512732308827321515026415616
15541351137805832567355695254980470111600922260156853008974881949231914539119863136256 8380724558377196963055127225863533828126226819069403666500675498950941245124720807945144048031388139520 4479489484371904740008262725442234950591526153122053918805362298822182281982248696064156671261831856128
15541825422203348614492150201735448821156705726228633059472071624477632593880221351936 2323953895090404664664749989229114198906238474605745968265936180507062949256520629874195817971056640 2522173492016430159316908021237201343314670741021536708258678782247729484003732899324408196755298975920
15541825422203348614492150201735448821156705726228633059472071624477632593880221351936 8150926529103845772390336359281525535869674649903976668109202633101978138201178973896995626266132480 4483863985821486678230927044510156610228838833300717309803122436755941612926131272677279254849051951360
15543722559793412803037969988361129181492089681703068488766027369231716342536694005760 7860432292188949103213679878703951781737952642272482193405113116785768590872757224084623625228910592 132557052821120131207447524415329813755044712629814805075150280691512760381330070165369452955054963624509888
15543722559793412803037969988422488866233790309820931992782787795528951014420998389760 123145302310912 3343496576729242818868355650504293592397814174799577094805429512413004781584832
16027018360862264835085560731294030979799856422180151050337365572066800312175560884224 70128726363610446645471573204384446119935313968985157748260309447066076056976181360321320859950120960 2598453861043268534866980361389580497590297375044721135089153803989809603671485811721612136230238033408
16027018360862264835085560731294030979799856422180151050337365572066800312175560884224 253943226727488997952815070514219603749600073317029344370588805724378400653684949121767823903440240640 4619473530758526763133520935608660670726392670463201239578776329739815267152015965366812878131452452864
17969687253087993906005022638117549886442263261232290571579264790084864638148178739200 245177135931145742897630171527149834649281181047727572798201438717661862643069711247261301891452108800 132557052821120131207447524411986317178315469810946449424730388818670849715166272466230093920631869977671680
17969687253087993906005022638117549886442263261232290571580813726291245881778271027200 6183964726724345153541541252600214805396193639064666353425621704524169216 84401719555903508635779395666070477989911134746624
31082702275611665134711390509176302506278509424834232340028998555822468563283336232960 23696499372241168712125234366978809471336846135420432373146114773691262230020614488933349512294044375449680 17241505389256821942889334065565552142107729703411616608189965899510678086690844688257608843264
31082702275611665134711390509176302506278509424834232340028998555822468563283336232960 75685454327672360408330427195556236590167357825228724343633055671755661021429508110296023285746492394963200 413274121964361527722544825361968412038978371676835004664329371383900891119659225666905605931008
31082702275611665134711390509960940223201844520313706017949763898463829078239726272512 757571261594220501435655885830915400214255735896544138546393827437958335853681873926323886746666170224476160 533997777500158356734024289836572945216724958601830108064512278101548225735444395801977263489024
31082702275611665134711390509960940223201844520313706017949763898463829078239726272512 2424228037101505604594098834658929280685618354868941243348460247801466674731781996564236437589331744718323712 12815930363719875223512344266654082321134256343429217607178413842310678485476514292357401682116608
31083650844406697228984300403470897642313411452457266118944143248955265187760442703872 761513212340453436873589762247254127462295855619752267933342896549508734006184475919318003470513534402560 534519259704748355129272360432129226168181221534572772182629434680094476868047507912158938660880
31083650844406697228984300403470897642313411452457266118944143248955265187760442703872 2293498615990071527525164460415259489768796929866548006952185664902049834183332068651122457511193703612416 12828445920715695414160305540352292762443242120002032991681519290132483445671745273606337980268960
32054036721724529670171121462588061959599712844360302100674731144133600624351121768448 22979781054744271359773620472520080434597516113701936085282641525288116502657213890977066810610202538147840 550685208047038305381962548893531435723035805705940008303134383809757653307491616273845347942912
32054036721724529670171121462588061959599712844360302100674731144133600624351121768448 73391955711682288880805262733288303672601501755729536222469941276865594693866626196835918640358198515597312 13216428187586121324247105024976596470165854170073262419406702500703398690158013765703089669551104
58280066766771872127583857204705567199272205171564185637554372292167128556156255436800 689600832686720402678706909853458296869014407992562880665465569285960418979723416619188560 250896446285988935184666833187194801893403305887188712020278134144755457699172319232
58280066766771872127583857206176762918503458475588198783655807309619679521699486760960 22078167757176068191846039524229964375419650358497454568051957790194922710374406673414488064 7770675568902916283677847627300205608733090911641991473115855711393370555826267226112
58281845333262557304345563256507933079337646473357373973020268591791122227050830069760 21198402951967155621873168327258238309281943427736946455899777015070923560159235132096512 7778264119263173037861126775373926541404771049464333686499134556563587034563924197440
60101318853233493131570852742352616174249461583175566438765120895250501170658353315840 668713256757509363708180855414418972120075851765883674563383874929964588670477690076135424 8013509180431132417542780365647015489899928211090075525163885768381169307522546272256
124330809102446660538845562036705210025114037699336929360115994223289874253133343883264 3485937491508352010231261004675436019241931470868840736627062643829933076233543586745910229047705600 127563410139110273712855546652873421574284983230603613708161335278139816971280396494831616
124330809102446660538845562039843760892807378081254824071799055593855316312958905090048 15334015096047741380321083392 3213876088517980551083924184682325205044405987565585670602752
124330809102446660538845562137138837791300929920709562727587086148341375629840420438016 3485937491508352010231261004675436019241931470868840736627062643829933090610089433655382043520925696 4074071952668972172536891376821970198191454767882956425456963223913807005514238998037397504
497323236409786642155382248146820840100456150797347717440463976893159497012533375533056 609210569872362745271624300314616843649087575247824673504489048560798612306633255805633313604340803436544 22979816119107453037433837204645277408801394536633132001223133989758878756754309299542380370860868060053504
497323236409786642155382248159375043571229512325019296287196222375421265251835620360192 9749104242955498029056 578961329610113370327372489817369929024804859658193515858192558995259300773888
497323236409786642155382248548555351165203719682838250910348344593365502519361681752064 609210569872362745271624300314616843649087575247824673504489048560798612306633255814773675292863886262272 733920676989193977710167619399063410923118789059905469633817444726426494391866304626738763922749906302795776
497324184978581674249655158040330031271797284785062098367964588129687689836891385888768 1523026424680906863179060750786542109122718938119561683761222621401996530766583139514083284010852008591360 9191929954597097631637703913874364140364592003983164817441848415672276904253762595498546284715516222242816
497324184978581674249655158052884258687813472342247089063869133439993361926307002187776 24372760607388745072640 231584620199457311217111008613049954965515260908802600920217962908491670618112
497324184978581674249655158442065308584315286614981811011382338025114070797679170158592 1523026424680906863179060750786542109122718938119561683761222621401996530766583139536934188232159715655680 293568382799468599502720966168175357245687526952792053695246513638803323770124111488002108039233921271988224
1243310462446454185624137895100825078179493211962655245919911470324219224592228464721920 6698455344647974018390788070547715431394081382110463086687726953321664798897303074511382526505779200 139984046386622022153923764060628572934274812280949129953355975601289724155670069951439152251288944640
1243310462446454185624137895132210646719533680855617722659672833599983404815767505469440 111569643893686272 3533694129569624163520666923690172728393697094571415540193474745267650560
1243310462446454185624137896105163271460788216537454506759228796842217530703140958109696 6698455344647974018390788070547715431394081382110463086687726953321664798897303074615985664725876736 4479489484371904708925560449830569815880135643921231483872995864661066563049728356700055154937949061120
1989292945639146568621528992587283360401824603189390869761855907572637988050133518909440 13986815414912626751710484364829449033444203577783891535883403777 80630896157882389348952641882980331871157878493983299400118613506780683299957511147705719883895666638848
1989300534189506825375712271735356889772553675091105917181860797464863530644997601755200 13986868770277377538496976969039588210306710493639756464926492163 124331164815744797574197903246771156714366962944729822207928723436987946562267597766656
2051462263036649406279827526916361378996163799738381155808458436770332512656050300126241 1402384895166422458881 268435456
3978585891278293137243057985275000348569836098600154370297569779003370122014684962881536 607442920012926564916288671457603590717430156277481209856 4074071952668972172536891376818756322102936787331872501272280898708762599526673412366794752
4102916700380739797781903547211271930828763244078118668883827809368565850353400381702144 18389946490457568663501643791045375366106713064225112064 248661618204893321077691124073410420050228075398673858720231988446579748506267761508352
4102916700380739797781903547211271930828763244078118668965036675945686796386784005586944 4832887810 536870912
4102916700380739797781903547211271930828763244078118671482511539836436123421676278906880 18389946490457568663501643790580241157008292337634246656 4201386701189877552928669232344342457168653561935993516937039676793411430761881957576998912
6154375050571109696672855320816907896243144866117178003447555013918530194580176008380416 1026 442723265147939325440
6154378963417389204061731074127633309824927043816499824773495112716019309042834305713185 268960770 268436992
7957171782556586274486115970349133441607298412757563479047423630290551952200534075637760 58664955842029690035206291413341617398771156843113287404521903995486208 205055048782520442329897850192615316804957001121839885509965755901518046426568993020618998347202560
7957179371106946531240299249497206970978027484659278526467428520182777494795398158483520 73331166828959638083505147632200896299705056027991369543734237270638592 124331994813440450656686699403591698989290455183979905519491758268950115283580856827904
8205833400761479595563807094422543861657526488156237337930073351891373592773568011173888 2533824546209792 7516200960
8205849052146597625119310107665445515984655198953524623233833747081330050624201200504964 735253571919265097666527232 8192
8205856877839156639897061614286896343148219554352168265885713944676308279549517795170502 282029027491840 4831846400
8205911657687069743341322160637052133293170042142673764448875327841155882026733957829268 735254974301908459711365120 268443648
15914343565113172548972231940698266883214596825515126958094847260581103904401068151275520 15378636851887004359641942463979856185076561789462771657686135412611633643520 107507747624697565917345768049133029116958131815568263713553884982125656949091490984333388130300400238592
15914343565113172548972231941100001394279344394400617481190279116013480488058739851526144 386201807664691096135323717045277787944080174481408 733920676989193977710167619398484449593508675689578097144000074797401689532208111110880571363754647002021888
15914351153663532805726415219846340412585325897416842005514852150473329446995932234121280 23067955277802532961988453193253149801489393925304131586289491200774726746112 124331520529042934609550244456837103403619888190122715055741452650686018871401851650048
15914373919314613575988965057692296278010031114951906850043812270079787581641824070008832 965504519161727740338309292613194469860200436203520 293568382799468599502720966167943772625488069641574942686633463683837808509215308887081890076325429601370112
16411666801522959191127614188845087723315052976312474675535311237474263401413601526808576 11692013098647223345629478662025988523179116593152 44794963195141233991099097863677029394135051006443975655761723315271099214612311469465104653456735472128
16411666801522959191127614188845087723315052976312474675860146703782747185547136022347776 1328453803683239436288 2251805450829824
16411666801522959191127614188845087723315052976312474685930046159345744493686705115627520 11692013098647223345629478661730264157247460343808 756855698145106289513610357504687088643305821804877412679750077134820492330089614583095884366777160415840768
16411698104293195250238620215330891031969310397907049246142831408279693764617415868547328 29230032746618058364073696655064971307947791482880 17917992113703897177673720894536625618632516466836849871502720586830127431981591857166835237307228896768
16411698104293195250238620215330891031969310397907049256537586156534616536808984638914560 29230032746618058364073696654325660393118650859520 302742394761951993237180996360692015520034571817874159645590759423957740025128287289803346719526051628727808
31828687130226345097944463881396533766429193651030253916189694521162207808802136302551040 4031417378886400687840624891689739280196327060284753804273496439176369899295473664 89589892214587671285326769784270506697752686246222600186583769181606355256192242263044197893441339785216
32823333603045918382255228377690175446630105952624949351720293407565494371094272044695552 696492387825478233277603840 1180591620724122189824
35807280610054998491941705145719174016603571929310750703133411226199709327497267423215680 27973577474460502716634476125448758890025900239711918142723719168 124330809102446660538845562036705210025114037699336929360115994223289874253133343883264
39785934798286533939972412644230740695025077787379767125109530675199468954104560175022080 4419728939033787873863110165160497145966493696 4479489484371904708925560449827036121750566019757710816949305691932672865955156941159861680192681410560
41029245260732988125596550538327227579923275994767623115357078520699234411543539671368320 133804471191183738849214309639270067779665920 1180591620721706270720
41029245260732988125596550538327227579923275994767623116169168735406650253121006002524820 735254974301767447345102848 268435456
41029245260732988125596550538327227579923275994767623120574738343115973695731404629999616 133804471191183738849214309635890169035882496 4619473530758526731079484213884131000555271207875139279978971494805568893016255596751698978420408975360
51286458754759247472273794340140899135359540550976483362062958449321084954834800069836800 8192 1180593872521519964160
51286462667605526979662670093451624548941322728675805183388898548118574069297458367169569 1402384895166153498624 268443648
59492405628062832782114998280574479990888750192413053518445294666339642867025458703660989 1402384895166153490432 8192
65646792417172781000954480862932074515554315622392523917443490990266318502847166550639649 69430022257545377832454682280693005367801172824839908732190281799503605399552 8388608
127314748520905380391777855525586135065716774604121015664758778084648831235208544136462336 105193290184928505530598067750416389020988503375838631008757988990604422455227145565041816458131144704 4227247509483186458320749109247977140853877281777455598246479104792312183409527098441728
127314748520905380391777855528800011154234755155204939849522232928107843904469918812209152 24063293192461709432813508492738876534793155021713729143317031187831865664971428855808 2535301200456458802993406410752
127314748520905380391777855628430169898292152238806589574595719947270279296110313361899520 105193290184928528091358288875822300012650675849089951708868326283230326927486281933422964979120734208 4074071952668972172536891376818756322102936787331872501272283434009963055985476405773205504
131293334412183673529020913510760701786520423810499797404282489899794107211308811174281216 24188504273406401392965329020002364463794374432816580781676394728276998510226702336 248661618204893321077691124073410420050228075398673858720231988446579748506266721320960
131293334412183673529020913513977716425906097701965639483676418938046564376596629936930816 238598214166939626899257024075025920487661237386890358129841668096 16777216
131293334412183673529020913613705170246861988337406743944888219123872736500519011511959552 574685827826799020734426368455632536156509135551070208 4078050538560250465674134434803930888823740436538251283011804610523907875502773679404613632
196940001618275510293531370270966574638859146552948459225514628407069846564894944905396224 53355364750786786492604210097265164536870021277944293359616 13835102035873103920
196940126829356454529975394376909790941460413324358163401119909928312882879443796487570465 13986842092595002145103730655947576557517791727906706782756536320 8388656
262586668824367347058041827027955432851812195403931278967352837876093128753193259873861632 125094152535578968647254950003771086325676350120588256312320751556362240 234881280
262587169668691124003817923451728298062217262489570095669773963961065274011388666202558596 36401327509474378980583860746948679133752935653491404520584049791095317816837931008 256
262587420090853012476705971663614730667419796032389504020984527003551346640486369366907078 14666421611513285162672252043394046427323244356052872527942872597528576 150995200
262589173045986231786922309146819758903837530832125362479458468300953855044170291517346452 36401396939386208359801243694493938837846445835718533763561711151751780915421904896 8388864
509258994083621521567111422102344540262867098416484062659035112338595324940834176545849344 18383824843795416960255486239383433002926395547424233695620313536014875091122079287557184069560906849189888 761514374317400977848684663682509499700295867109547586148406016318172881267599052204303970761484095455232
509258994083621521567111422115200044616939020620819759398088931712431375617879675248836608 15299029790480402320339316394272889825113296723947759523713333287045522253676544 456719958564194619189757228414706040791407525888
509258994083621521567111422513720679593168608955226358298382879789081117184441253447598080 18383824843795416960255486253727178057198939255519089463571528121338694441578304157944992288541145783336960 733920676989193977710167619398484449593508675689578097144000531517360253726827300868108986069795438409547776
509259965418067634431646881833297952022320419619903588728795738244800194392976779150098432 45959562109488542400638715598458582507315988868560584239050783840037187727805198218892960173902267122974720 304605865941309951379549664417919216073210709476187379839100900518703795414313635307588940546822360793088
509259965418067634431646881846153480896320995678461019201401992642553202612538370240282624 38247574476201005800848290985682224562783241809869398809283333217613805634191360 182688053125808110051468365528775347305931866112
509259965418067634431646882244674875990338853493741363841821406672930812544848480851722240 45959562109488542400638715634317945142997348138797723658928820303346736103945760394862480721352864458342400 293568382799468599502720966167943772625488069641574942686633646371890934317325360355447418851672735533236224
525173337648734694116083654043042807146081695241999189617129959599176428845235244697124864 15378636851831057204693021446831738171095145567956308619669531130964945666048 44794963195141233991099097863677029394135051006443975655761723315271099214612311469179180120312937185360
525173337648734694116083654055910865703624390807862557934705675752186257506386519747723264 65585363044573626715866514292324704193006725337313626356024770637680254910464 70368920338432
525173337648734694116083654454820680987447953349626975779552876495490946002076046047838208 365375409332725729550921208179070754913983135744 734637396400316237454025204964303282063814836505681200754492262370446027119641908094387299895099100546203728
525174339337382248007635846890588513023017932733025575876570605064950200467757303632756992 38446592129577643011732553617079345427737863919890771549173827827412364165120 17917992113703897177673720894536625618632516466836849871502720586830127431981591857023868744212762591728
525174339337382248007635847302367172268348884608693270691844936494721322228398224079847424 913438523331814323877303020447676887284957839360 293855070673296205556922842111467155215942647834584293216600879175716556369087589462166935596425449039725040
1050346675297469388232167308111821731407248781615725115869411351504372515012773039495446528 34385618819913417392984041442691025863675940136831707187807954697738328676084219904 36893488147628818432
1273149913545169086079117204583244880055801049049758971821989345612000485982441947875246080 210112772749468082985033495197952685515896964974827546317078174426322112783388033723523575320808521728 4374501449581938192310117626784214962647037128669639469679843932927827314756826740970720440877056000
1273149913545169086079117204615383702240802489196152548003504981606383006531345925600706560 175083501325383022159644886714243581677779732406018366131362914509340540928 2787593149826469097493790619293018813890560
1273149913545169086079117204788933342039810265986677859378522462274355072956469879567941632 210112772749468082985033495362103820627963734095175779745474947787419288577488507551509051459650977792 4479489484371904708925560449827036121750566019757710816949308479525822692424254434950480973211495301120
1312935848343455620019089617226471282557544831832563939691426512662375501169393259081892480 169092785496368812792151518629968513309776661657212417777603411265454080 36893488147553320960
1312935848343455620019089617258641490311086312447850478348869819805326370056943331012792980 36401396939378875254307778720469789409742776496175304460278780116036920733434118144 8388608
1312935848343455620019089617433164082734835343774057626503581286828831347165344237638254592 4181389724724491839037947176121567782371328 4483863985821486647117870567453820336713213056886380456418982748272450866800816274147106595762297896960
1641166680152295919112761418924721455323826221274570493545955236725582054707457874211635200 401734511064747568885490523085290650630550748445698208825344 36893558516297498880
1641166805363376863349205443030664671626427488045980197721560518246825091022006725793809441 69430022257531391017039769653941294883447330296914973208897385731692995543040 8388864
1903756980098010649027679945025030160951075153049383193605861238717723236582567829968549821 69430022257531390615305258589193725997956807211624322578346637285994786717696 256
2037035976334486086268445688409378161051468393665936250636140449354381299763336723363266560 65770998015194283425049302319023994147544316218491197723842523546642546473690331749548064 197313119493805993269615499290488576040033895357126536765887383730795396487004334944419840
2037035976334486086268445688460800178467756082483279037592355726849725502471518700995346432 2102682643540577923032956145164758511944728605571186149338281694304278353368991111753760768 6111111814341242710263478904156768947389986518369890459181185196750366889644840900299325440
2037039861672270537726587527333191808089281678479614354915182952979200777571907133780295680 85164144471591912779575784238743171468349632352206110641200365121499900414900609188100994081056314837959088 125448223142994467592333416593597400946701652943594356010139067072377728849586159616
2037039861672270537726587527384613923585283982713844076805607970570212810450153480961130496 2727259431645867551101663065869630327344006486710148486981964690462197803795337664913453823933242090998202368 3885337784451458141838923813650102804366545455820995736557927855696685277913133613056
2037047632347839440642871205180819102164908248106970563473267960228839733189047954614353920 51724450396584278299670085446005837277438645464498578853955785399094964429670471823626457841680 32885624455820284706992243492928590671173104810898542456277905737688459729274763812536320
2037047632347839440642871205232241413820339783174974155232112458011187426407423040892698624 1653617968066225547455615283632283948444972779100861851389478218555949386135859102494289465180160 1018521873505027494592364683129306199650668058516194927359977997731607562178538410994565120
2037055403023408343559154883028446396240534817734326772031352967478478688806188775448412160 90394971360435998679018095741004201530235531774702844364961413778716063760317801960518568578234974336 263084117509000276694664801609512570187578211575617734489731174928038171190096163397173248
2037055403023408343559154883079868904055395583636104233658616945452162042364692600824266752 2889905020127965235651330879271289053553534144615435846049834158316503526969392551972542749588724908032 8148147790675728796531924592567754046485713902311368671909668076357870620631361896021229568
2037070944374546149391722238723700984391787956989039189147522981977756600040470417116528640 85164054076568827827409522927153476953652793960372903145347185362740968189595230359226816616973778395595008 525173463096957837110551246389314905097554564147987829950225411763222951008438410457120768
2037070944374546149391722238775123884525507184558364390511625920334111274279231720687403008 2727256541739193803065678545450717517738364504062800386822289173205463859734973051830487638919007101054353408 16296291696013673141605707346211694442868623438077281522823599594787885544577445878908846080
2037098141739037309598715111241868747886651732948239392371123371963532259345068373040955392 2113623754741593229160374554623988570426938640888727799121971901795927862303266846015488 6117079696972435330097720582774255484773307608357859601907730637154693160559693316403232800
2037102027195392860435868734279419181748857022124670949529388239981438378753216843096293376 2598106805870283985580308259527246114248018680179965884303745239478234152660179653912279953244783810445312 3889132059631586518930563387686963270702385524732166843249567278281793517281962098720
2037109798108103962110175980354520049473267600477534063845917976017250617569513783206969344 1662222413500818017191666261929329891412283422700724424882990167659126038570813903879075266560 1019516523772122248005052539265198986598276853380913877123657814165180761587879954368954400
2037117569020815063784483226429620917197678178830397178162447712053062856385810723317645312 2904942368860892207076195893307232374078174104686755521691531497834706714668854859480441505617805312 8156104966252560562934787800177878084043319910348637891821359766350498120148418661216944160
2037133110846237267133097718579822652646499335536123406795507184124687334018404603538997248 2598103900926252900160976610572567911593340717490460343698584182633125528663833957222921796596132271357952 16312206043373061494283056669792368481123369118311751051475876283133717958503320040471789600
2100693350594938776464334616172171228584326780967996758469819180261939650517475116217008128 63781705069555136856427773324829772742883501339759844761739505036547705491857405412114432 6302084058539406544959212619906696509260725292868095820443447594542423931438224871255966720
2100697357349528992030543387562354052092071730932102303507581764603332667217553160107229184 82583955794538111879763425612373547105415663985775616874314062556723392069079732740304965423377711739437056 4006754590215566208771390182823507744949964105545037762581942884190584653761273136128
2100705370858709423162960930342719699107561630860313393583106933286118700617709247887671296 50160005772112920165842634845279190252617729167380684115586703294654803399225148981762683043840 1050350682052059603798376079476268437799908340448103924272043417376140814060248946270274560
2100713384367889854295378473123085346123051530788524483658632101968904734017865335668113408 87660907954449276601769911368624129876594312688488563683985626964070855566183678994909793669525536768 8402777409134345321423547236078867737845052073836092578912009265408937178389415241250243584
2100729411386250716560213558683816640154031330644946663809682439334476800818177511228997632 82583868133579997360933005852741198990012734876380537913699496547220996533190006716679039872744874118742016 16805550811514100427280885700767552652182359197708079612786255948874990166194176721227351040
4074071952668972172536891376818756322102936787331872501272280898708762599526673446726533120 34482945007390180468352248614236451843627714461560313072237948985222127405598156652307055378432 9478599748896467517735592754388665501059389613680170023030786706426770116796184505399040309556467243941888
4074071952668972172536891376821970198191454767882956425456963303141969519778576625941086208 3359828576374373394119042691152417452263370312165509040300150439921475470420857079465793445528803999744 3213876088517980551083924184684860506244862446368579077013504
4074071952668972172536891376921600356935512164966558075184711453699451004943037401990692864 1102411277816602518111102511436140910710477871157706043864269032943401489331121611999155725533184 293567822846729156541739039100627842003103483620864774452020005857154653564246431432900975981270864712695808
4074071952672677519392485495101235478419876716686784791625155424387189569249744008301772800 559971429395728899626924477345943243372893564576601165042443877190706178794679647212569309673175384064 3010594320170221105116956118997177190585431020707895389186374889074560654639104
4074196283478074619197430222380793027312961901369571838201641014702985889400926580070416384 3485937491508352010231261004675436019241931452478894246169493980328289285189074915003911435244797952 131541996030388566850098604638148421922854819329203768078456369755942730634492088084856832
4074196283478074619197430222384010041952347575261037680281034943741238346566214397758275584 14507109835428326755270656 3314309716284167443305296815453647867702043674677010256363520
4074196283478074619197430222483737495773303465896478784742246743927064518690136746081910784 1108147571125960430930034454494701719611998806154269320346060404448783427071255168163768172544 293854510173727915483674331131006559729212679995681033040477441842564297712653693491009947767339191640260608
4201386701189877552928669232344342457168653561935993516937039676793411430761881990862995456 105193290184928505507832416669563305357021134886390835876491118993792674286093148612771905558179479552 131541996030388566850098604634834112206570651885898471263086386827855750100313861313789952
4201386701189877552928669232344342457168653561935993516937120885659988551707915373412089856 728500834587298677246955791643939497742082271234474297621707661315628856460819038208 83664939615063140498783485296640
4201386701189877552928669232344342457168653561935993516939638360523879301034950232434016256 33439982587506923592182804420928351891820905150420009490442881616601523416914935368706651324416 302741817310689442683668384072283640881648502828469951209857926945322947321060091164947274104778226338365440
8148143905337944345073782753637512644205873574663745002544561797417525199053346893453066240 18078994272034582937391463721460800864191887159622533420017489797564138733226246354924761450247356416 18078994272363437927467435138586047375787007130360255001110294235327084730199046724038221927066632192
8148143905337944345073782753843200713871024329933116150369422907398902009886074803981385728 577981004023910901015433713515831445794575022113531386325509882743830080038435087711813357028341972992 559936185554636232521033000573895009738660895886536845019890744382690980208283246235280389977482985472
8148159446689082150906350109364906054542128154064850995841436942262750814830743501079183360 6719370929703711569917600123099828226894606217782129322979472669101758687293559654012198873545379414016 3533694129569624163520666923692960321543523563668909330812767764081541120
8148392566956149238394860444967474991546606931792957569484493487854129037380273492163821568 580988473770487542411445904078118175171935630081009553425595317327643765412334229606245687646748672 560482998235841931966854321863531326217655956872706442230967893021980374882982350641221290953424240640
8149402757151528605091974247227868057435306207130420074906651723387127329512220763585904640 6698455344647974018390788070547715431394081382110463086553922482130481060048088764872114657749368832 144358547836203960346233881687523215838470900164728790264398349838830028035534759674315113906695045120
8149402757151528605091974247260038265188847687745706613564095030530078198399770824768880640 105553116266496 3644122071118674918630687765055490626156000128776772312718008978610585600
8402773402379755105857338464688684914337307123871987033879276721047758602069900464868032512 17532181590838829956298338164239683756658998719503405935725317517004779509207497634588472809575415808 577434191353218614787315281841373713534097585898729717121254922706313392495525164468071717485135527936
9421309360234251236985467313916012112412927762968216391482721157528803596270070482996428800 210112772749468082985033495197787043603573991443929112176379344425738561676216906499023553171654967296 144358547836203960346233881683879093767352225246098102499434849786618301386975283632625395270649118720
9421309360234251236985467313916012112412927762968216391483533247743511012111647938579660800 5300541194335152988749892502228755547482451690626856874364818603877859328 91990573944273480217296271028290342564659200
16296287810675888690147565507275025288411747149327490005089123594835050398106693786906132480 9478599748896467419079095731597240363485436135144178801714129690985307168165722248930793331227286000631808 34483535951725844397329789747192826765933362159493977898322693312412841262187942357226502488064
16296287810675888690147565507287880792765819071531825701827853212567878079114306503764344832 587171481609333151839739068274286520309319848336730006009415894340080756887253555697208683195488210845171712 578961329610113370327372489817826648983369054277383273086607265036050708299776
16296287810675888690147565507686401427742048659866232300738845814797804019772149607962771456 303028504637688198471579710791788237052746149193859143473828925403997185003191055266251201329675356336029696 1068011851284242051572287269096814254500592580218365202498905388329575383645039998494007168598016
16296318893378164301812700218678389993588254003895472269793745675971985302392503056625565696 1467928704023332879599347670685716300773299620841825015023539735850201892218133889243021707988720527112929280 231584620199457311217111008613232643018641069018854069285746738255797602484224
16296785133912298476789720889523172109251847605478287352806564058811943557603706320281665536 609210569872362745271624300314616843649087575247824673492797035462151388961003777143607901541913990266880 23696535530229712781291422770482202420657871395558966002022114373085241496052424830419677419673923457384528
16296785133912298476789720889536040167809390301044150721124139774964953386264857591033102336 9223372036854775808 597053871160429413150102880124162739306830011522512063228770299835898050642000
16296785133912298476789720889934949983093213863585915138968986975708258074760546984327643136 304605284936181372635812150157308421824543787623912336746398517731075694480501888571799339084938567745536 1069054831607761819200775830883067117929469639896859085066846011549972952897489932109794424913920
16296816217563142883486949873823574794745525225121699901419831588421735908265093961628254208 1523026424680906863179060750786542109122718938119561683731992588655378472402509442859019753854784975667200 9478617828424703685839579857404983750200403237968050066428421718643697116029443251862348616156426025304560
16296816217563142883486949873836442877846941817367814516882808911278916255820113986101444608 23058430092136939520 238821639580690352192645727632207766058187612812202682198979386071739921334768
16805546804759510211714676929377369828674614247743974067748158707173645723047527963451981824 18383824843795416960255486239368958991771731022996287322493862172123883617309323295844072800805003724849152 23696535530229712781291422769885148549497441982408863121913023392411029906963174755728887567089322550102528
16805546804759510211714676929377369828674614247743974067748483542639954206831661493648359424 463168356949264781694283940034751631413079938662562256157830336031652518559744 15071758632618422433261988537980447251297143360000
16805546804759510211714676929377369828674614247743974067758553442095517204139800929736065024 9191912421897708480127743119452895317411233120651001691229555270355401839323380519843121232386675603144704 1101387221636874615683921246255220858633076778281177796474791478350300295836768257416889376964608
16805578858796231936244347100498832416736573847456818428050259362078406414968233849392463872 45959562109488542400638715598422397479429327557490718306234655430309709043273308239610182002012509312122880 9478617828424703685839579857166162110619712885775404338802242658338661170848939025725966394861234207866368
16805578858796231936244347100498832416736573847456818428050584198164289381304864831625756672 1157920892373161954235709850086879078532699846656405640394575840079131296399360 6028705753151667631698456062597164776548103896576
228148029349462441662065917101850354037764460090584860071247730327690705573493711092540506112 6698455344647974018390788070547715431394081382110463086687726953321664798897303074511382526505779200 59747544701732805874625714923266523577439316031382986529365574356861804110695325080304050952456742228721664
228148029349462441662065917107609619988388681238127252210343841407169256276810094511478800384 111569643893686272 1505300031217067054992840561805141294352561141524152170768290596694913772945408
228148029349462441662065917286146864457739536811941413281624123778895611011762210227122864128 6698455344647974018390788070547715431394081382110463086687726953321664798897303074615985664725876736 1908194488095887507699547199374089874263781057755141284094963299766382652383045588720152106715216936033058816
228148029350292439357718999590646510858306735014077099321331041890725537535662432405799567360 1056811877370796614580187277311994285213469320444363899581268360501615601575580674294288 4595956210948854271954784921593789609202069765888705640552502433532917366690668489347526426622429652582400
228148029350292439357718999590646510858306735014077099321331041890725537535662432405799567360 4227247509483186458320749109247977140853877281777455598325073442006462406302322697177152 55151474531386251263457419059125475310424837190664467686630029202395008400288021872170317119469155830988800
228148029350292439357718999590646510858306735014077099321331041890725537535662432405799567360 580988473770487542411445904078118175171935630081009553436745689926909076983102088742860139469471744 33439982587506923592182804421770850225169362644003353711912245075152684180119328258741139144704
228148029350292439357718999596405776808951908249092267284662520995966437777394684673937899520 16912 115792089237316196227041539633723911513109389183249015609742699638431730892800
228148029350292439357718999596405776808951908249092267284662520995966437777394684673937899520 67648 1389505070847794354724498475604686938157312670198988187316912395661180770713600
228148029350292439357718999596405776808951908249092267284662520995966437777394684673937899520 9297470324473856 842498333348457493583344221469363458551160763204392890034487820288
228148029350292439357718999774943021278952278534562478907239212183639863791759453754925219840 1056811877370796614580187277311994285213469320444363899581268360501615601575580674310144 146783911423364577761612468135584625163511239169592937503480248872083350916437753221691318884640033970585600
228148029350292439357718999774943021278952278534562478907239212183639863791759453754925219840 4227247509483186458320749109247977140853877281777455598325073442006462406302322697240576 1761406937080374933139349617627015501962134870035115250041762986465000210997253038660295826615680407647027200
228148029350292439357718999774943021278952278534562478907239212183639863791759453754925219840 580988473770487542411445904078118175171935630081009553436745689926909076983102088751577067654479872 1067993517960455041197510853085618555634700718671909729194990167369661023653524667901515531288576
228148029351833863649646152784125087810742388443419829357200049079218796893975771987566395392 6698455344652201265900271257006036180503329359251316963969504408919989872339309536917684849202956352 55151474531453131228632432906309840919268378891114806411918035909818832890438327240530555775986638109278208
228148029351833863649646152789884353761426472698027295279825783089446917707051780689933369344 111569643893753920 1389505070849479351391195390591853626600251397116090508843321181441249746354176
228148029351833863649646152968421598232633084590858743640524376324265109126050737224071380992 6698455344652201265900271257006036180503329359251316963969504408919989872339309537022287987423117312 1761406937082510920175270527709410523668306107146384651479106805923390191331992360707602875951483438709604352
260741102294999197624035297771558444944619226186524625143524345481948936057396935282860752896 1218421139744725490543248600629233687298175150495649347008978097121597224613266511611266627208681606873088 119351745466642970156163440304599097271835060090469810795003630193070093304387912772759918869181241600507904
260741102294999197624035297778140475728131466371332059058910596905898304309716320034406531072 19498208485910996058112 3010600062436240355819052267344240949258795691694682243444592175614913765441536
260741102294999197624035297982183430017010912100362515875095724272504437698941895081596289024 1218421139744725490543248600629233687298175150495649347008978097121597224613266511629547350585727772524544 3816388976194444999193995536351173525660276161899369319986606373855752780184515329999438025100187660894339072
293333180593233136317067285187974085389251516446670556270282768145218548260137413093170872320 580988473772601166166187497307278549726559618651436492077634417726071613704105319946011300818060320 119351517821170831600354083285524986056954718285202669021587869399824044657465921246271935552940005339955200
293333180593233136317067285195378855897223882034547200794566098423385419999507451723634442240 9297470324507680 3010594320170221101903080030476821699340844118764474405853310190599225003212800
293333180593233136317067285424926741644367215258723187166450415664679824875119297684903854080 580988473772601166166187497307278549726559618651436492077634417726071613704105319954728229003100160 3816381697007479021801924171525200254251292218409416375090486470674167123827381583763974291000640883235225600
456296058700584878715437999181293021716613470028154198642662083781451075071324864811599134720 761513212340453431589530375393271054561359469059780841880611310700998265383291569757041642005426004295680 4595956210948854271954784921593789609202069765888705640552502433532917366690668489347526426622429652582400
456296058700584878715437999192811553617903816498184534569325041991932875554789369347875799040 12186380303694372536320 115792089237316196227041539633723911513109389183249015609742699638431730892800
456296058700584878715437999549886042557904557069124957814478424367279727583518907509850439680 761513212340453431589530375393271054561359469059780841880611310700998265383291569768467094116079857827840 146783911423364577761612468135584625163511239169592937503480248872083350916437753221691318884640033970585600
456296058701296305311712069885975441848506848534004689428447779406909502467469483080106901504 761513502834690317890113458487019708200634332339590167598857349518207128419098421809701615011076413325840 4595956211015734237129798768778155218045611466339044365840509140956741856840973857707765083139911930871808
456296058701296305311712069897493973749815153936154547490169624496616173983861875201412169728 12186384952429534790160 115792089239001192893738454620890599956048116100351337136151485418500706533376
456296058701296305311712070254568462690372621402800156922148500103160720137812947451194245120 761513502834690317890113458487019708200634332339590167598857349518207128419098421821127071480194359377920 146783911425500564797533378217979646869682476280862338940824068330473331251177075268998368220443065033162752
521481209941628438084722096232800809229175908778479680162851955034721612739414196782949728256 3485937491508352010231261004675436019241931452478894246169493980328289285189074915003911435244797952 447756803887759647413763373779337852734553551970525630896437794687979457313113312080641103233440
521481209941628438084722096232800809229175908778479680162851955034721612739414196782949728256 3485937491508352010231261004675436019241931470868840736627062643829933076233543586745910229047705600 434198292429227982446218930374751452284192981423151004726386490565048942396159041146205377658880
521481209941628438084722096245964845687745557115719433623643066073529728632708787454808686592 15334015096047741380321083392 10952478333569792300645987989419041983870997960431194787625115320320
521481209941628438084722096654049975903404655570151790897533684310301994341610641800193638400 3485937491508352010231261004675436019241931470868840736627062643829933090610089433655382043520925696 13883915733536424926765510045956947232828560679191591570460545120380846338187806281352214101360640
521481209941628438084722109725938179263065454449226977133126095893155710934769076241543725056 14507109835428326755270656 11294743281493848310041175114088387045866966646694669739087609463200
586666361184331992845312358261900910382822897375789640183208449414061814331840971380818444288 1827631709623737133923371191978990112636478263805077435912024606936966600209408145922513456206763345844416 66879965175013847184365608843541700450338725288006707423824490150305368360238656517482278289408
586666361184331992845312358276710451398713751755184362826598449332720944711797385886659772416 29247312728972895393984 1684996666696914987166688442938726917102321526408785780068975640576
586666361184331992845312358735806222891330237516420766120854862532843597487828416150800171008 1827631709623737133923371191978990112636478263805077435912024606936966600209408145949934541272432351838208 2135987035920910082395021706171237111269401437343819458389980334739322047307049335803031062577152
619258936805683770225607489276450960959646391674444620193386696603731915128054358679752802304 6698455344656428513409754443464356929612577336392170841251281864518314945781315999323987171900133504 133759930350027694368731217687083400900677450576013414847648980300610736720477313034964556578816
619258936805683770225607489292083254254197849074916827428076140962316552751341685102585315328 111569643893821568 3369993333393829974333376885877453834204643052817571560137951281152
619258936805683770225607489776684346385293028489555253732515451644114399060937303326103437312 6698455344656428513409754443464356929612577336392170841251281864518314945781315999428590310120357888 4271974071841820164790043412342474222538802874687638916779960669478644094614098671606062125154304
651851512427035547605902620291001011536469885973099600203564943793402015924267745978687160320 4374501449566023848745004454235242730706338861786424872940744193614028490964894719539941968627892224 400758309840141454668108930965017401892803175819261764862784088946797488548692524908110720008192
651851512427035547605902620307456057109681946394649292029553832591912160790885984318510858240 74379762595790848 10109980000181489923000130657632361502613929158452714680413853843456
651851512427035547605902620817562469879255819462689741344176040755385200634046190501406703616 4374501449566023848745004454235242730706338861786424872940744193614028490964894719609677394107957248 12815922215525460494370130237027422667616408624062916750339882008435932283842296014818186375462912
651851512429406969593482855973275745309447814325934569489517262544930107244749806873713049600 761514664811637863092445790862014322757733785458827470471841504787042580562325830020341507033678049446480 66879965175013847184365608843541700450338725288006707423824490150305368360238656517482278289408
651851512429406969593482855989730790882719737854549335099035774274189822221127670496965427200 12186403547370183805520 1684996666696914987166688442938726917102321526408785780068975640576
651851512429406969593482856499837203654149367241607071703076293300754698748334717498355220480 761514664811637863092445790862014322757733785458827470471841504787042580562325830031766980936652365578240 2135987035920910082395021706171237111269401437343819458389980334739322047307049335803031062577152
847406966155146211887673406378301314997410851765029480264634426931422620701548069772293308416 1370724072707053063161737758801636551849721907587414841103346398079005740725731677615334928615417216762384 83599956468767308980457011054427125562923406610008384279780612687881710450298320646852847861760
847406966155146211887673406399692874242586530313044079638419982369485809028151779614064115712 21935489195385032819216 2106245833371143733958360553673408646377901908010982225086219550720
847406966155146211887673407062831210843032565301496667014139575423010010072699513553226301440 1370724072707053063161737758801636551849721907587414841103346398079005740725731677635900746773058245640192 2669983794901137602993777132714046389086751796679774322987475418424152559133811669753788828221440
1042962419883256876169444192465601618458351817556959360325703910069443225478828402361992478720 400165235630900898694531576043826468801868918986967823162895 8958978968743809417851239470753451255285245776204070530316253132329643347847890286885747463430114115584
1042962419894639701709829323740520340568645873650567212898275040076778063817142294658116747360 3844666546063257846180326640244935976752181743635566163716531297641748760067 118571099379011784113736688648896417641748464297615937576404566024103044751294464
1042962419909816802430342832107078636715704615108711016328369880086557848268227484386282438880 7333105493678395483152575255400056291023657042466704493065882809929736 293333180592284567522035190915064191880060345105536568555901840644607311731944588735160516608
1075554995504608653549739323480151669035175311855614340357170574379106119552017106360583847936 591448731863312503818 1829589496102912
1075557046962958843919638214431925274671140726237236379416505056897444092395415299752586641408 1006581860556630618741420040 2147483648
1075561149879659224659435996335472485943071555000480457535174021934120038082211686536592228352 2151678978 1407377031036928
1075589870296561889838020469660302964846587356343189004365856777190851657889786394024631336960 1006581860556630616589737984 2251801961168896
2085924839766513752338888384931203236916703635113918720651407820138886450957656804723984957440 6047145291691663937865092816791793256320255130254226196297418975051989612756467712 32592637786756328603625400437331068929428506855673829678642927247667212441150513865606299648
2085930807645350669778594249518180998766784840587728288824017105706609168871620955124541685760 13986788737230251358317238062724379445012950119855959071361859584 62165404551223330269422781018352605012557018849668464680057997111644937126566671941632
2085932796938296308925162871047173586050145242412331478214886867562516741509609005258060595200 65998061335494664059355719522771256849238106435552328474128070633062400 293333242757570547645986448553731473544016461244913669760068904765028018810857612257081163776
2085940754110078865511437357163143935183586849710744235778365914986147032061561205792136232960 19223296064844768660815197828616502993282977857383451621987813306693180194816 162962940272163438124805924495531271236722484050293749719355916006347615626004063061343731712
2085956668453643978683986329395084633450470064307569750905324009833407613165465606860287508480 6047126068329601017774148600304357561977252527702751261397294538908595777581350912 97777789029459883364215662466431170083075495452983789698999421627007414033577288463475015680
2151109991009217307099478646960303338070350623711228680714341148758212239104034212721167695872 147862182968517722112 281474976710656
4302219982018434614198957293920606676140701247422457361428682297516424478208068425442335391744 591450141986975121408 3940649673953280
4302219982034085999316986849423619919042355574551168158715967601276819668164526276075524722820 1269113448044043 4096
4302219982041911691876001627175126540493182738115523557359610253157017263142755201392119388358 282026884202496 1407374883557376
4302219982100604386068612460311426201374386464848189047186930142258499225479472141266579379893 426373025005475539420446720 140737488359424
7300736939182798133186109347443507839628437799620072070731002925029416200857923024367321612288 4419728939033787873863110165160497145966493696 1908194488095887507699547199372584574232563990700148443533158158472030091241521436549383816118522022260113408
7300736939209358059447007987084984857886461063970952553109200671870926008876629909566012784640 669953342220619238691007644041216 146783911423364577761612468135468833074273922973365895963846524960570241527254504206081576185001602239692800
7300736939209358059447007987084984857886461063970952553109200671870926008876629909566012784640 2679813368882476954764030576164864 1761406937080374933139349617625625996891287075680390751566158299526842898327054050472978914220019226876313600
7300736939209358059447007987084984857886461063970952553109200671870926008876629909566012784640 368310744919482322821925847096708095497207808 1067993517960455041197510853084776057301352261178326384973520803911109862890320275011481043468288
7300736939258683636788676889276299320365647126336873448954425058862301366625656982077867819008 4419728939036467687231992642115261176542658560 1761406937082510920175270527708021018597456627794993456088514952296789939934876270198759554770042188963250176
7528884968532260574848175264361061683246227182989300382351175100813793283925292527626487857152 133804471191183738849214309639270067779665920 116466948736321259014864941367955601454624267010507107149240610258302617873628017368475334579438995118592
7528884968532260574848175264361061683246227182989300387119780535692178977967763345204356055040 133804471191183738849214309635890169035882496 1967825565848883992315158049352977842177331615409528082393569350924281031592818981441553019604747259190712832
7528884968559650498804726986491334858324122255464544277603924382393942738676860330964036878560 20282409603651670423947251286529 8958978968711216904395292244596486393693476743979852048574617001987929780716217297734471202698120135168
7528884968559650498804726986491334858324122255464544277603924382393942738676860330964036878560 81129638414606681695789005146116 107507747624534602852743506935157836724321720927758224582895404023855157368594607572813654432377441622016
7528884968559650498804726986491334858324122255464544277603924382393942738676860330964036878560 11150372599265311570767859136606205485514752 65185151242703554760590262029100101153646988597309960020356494379340201592427056072845426688
7528884968559650498804726986491334858324122255464544282372529817289676518230801077198938931200 20282409603651670423947251286016 151370908655344720816662857764702234107844983066283580212716728865588061574981207462521625440782902578119168
7528884968559650498804726986491334858324122255464544282372529817289676518230801077198938931200 81129638414606681695789005144064 1816450903864136649799954293176426809294139796795402962552600746387056738899774489550259505289394830937430016
7528884968559650498804726986491334858324122255464544282372529817289676518230801077198938931200 11150372599265311570767859136324180752990208 1101368315396719261234933067243675309092019519340149084503943329033332046105642783887064802787328
7528884968610517500438323041876127897754498818632854368787601619614220297501200537162342204032 133804471191264868487628916320965856784812036 107507747624664973155228914044679017248379921130065518560090023943895870357353287975998508544523132475392
7528884968610517500438323041876127897754498818632854373556207054502557868890738982106391773184 133804471191264868487628916317585958041026560 1816450903866339386430747731698896675428627147413587001591281044556064625557841153642470790857168960543004672
8343715273439974323969129528900495223300206923882625889885139100988745737910922241101008994304 772403615329382192270647434090555575888160348962816 3816388976194444999193995536348162925597839921543550267719262132906493984492820647755993432924572747128897536
8604439964068171998633973698847239838084711149102336317431935202553639336329052552151049445640 665379823346495526411 140737488355328
8604456375703670751357105715455402197369125809897891035332040455179552739163322398020693131264 1772044014508495077376 2251799813685248
8604456375734973521593164826461428683172434464155312629736303400904314889894098934703283241216 23384026197294446691258957324051977046358233186304 89589960566563931351079790708405784466322186414812661432447590483360597292585286942450380419964399006720
8604456375734973521593164826461428683172434464155312635186148578377218223722552060646760120320 23384026197294446691258957323460528314494920687616 3935651131700521405418807896859043017022772419091786213585489074559821921508221292998370146169212180388393984
9386661778983460362146153126252123388711164225105510425426115149548333439984238455156302151680 368310744920822229506367085574090110785290240 3816381697007479021801924171522189659931121997307513295060009648974826279708617109358120980810041658232012800
9386677693334614025678958852430390578796461111619355217491054095499144017653844294078539235680 3844659212957764301173255364636646808206416067920679964301677894081546551296 162962878106758886901475655072750252884117471493274900050891235948350503981066936494671790080
9679994959572780652183713022327391507119886460957950657789105776932745455881069658511633293576 426373616454066390366688779 140737488359424
9679994959576693498463220411203144817845300042740128356919331348792212092584534711239475986720 11150372599305876389975162477454099988087810 89589789687112169043952922445964863936934767439798520485746170019879297807162172977344712026985496327168
9679994959576693498463220411203144817845300042740128363050395479372441237725315670684350054400 11150372599305876389975162477172075255562240 3935643625038962741233234301882258086803969559723373085530634950505289600949511394025562261460355467031098368
10755549955046086535497393234801516690351753118556143403571705743791061195520171063605838479360 147862182965828124672 442725094736093251072
10755549955077389305733452345807543176155061772813564998146276351311851575433086764872217141512 147862182966097084416 140737488356864
10755566366712888058456584362415705535439476433609119716046381603937764978267356610741860827136 147862182970123091968 2251804645523456
12906676357722105365556063009376008873509827057320348396760722752695977217371390823463028523008 591452393786788806656 2251801961168896
12906684563555506127035658573183103296053688714846836552998060682769329108744983597031039696896 3661923476307968 2147483648
13982214941559912496146611205241971697457279054122986424643217466928379554176222382687590023168 591448731863312498688 590296936260759982080
13982214941610779497780207260626764736887655617291296515826894704149663921534710397245455349165 426373025005334527054190091 4096
14601473878418716118894015973801376694931631040900934356565186681006434402282395797116474622400 29332421973859896096597712437718557801867798369756164278424666550304768 107507952679681161421581360717932659199016586333819205845449251522378499716017441529329482528984699764736
14601473878418716118894015974169969715772922127941905106218401343741852017753259819132025569280 482752259580863870169154646306597234930100218101760 146783911423364577761612468135468833074273922973365895963846524960570241527254504206081576185001602239692800
14601473878441481769974786236719807159994084925956945519685427983891717567483580006445189431296 482752443736236330580269399490140021975155610746880 146783911425500564797533378217863854780443475087968600486203177730517283135076723931862216735024564326629376
15057769937119300997609453972982669716648244510929088555207848764787885477353720661928073757120 14615016373309029182036848327532485653973895741440 8958978968711216904395292244596486393693476743979852048574617001987929780716217297734471202698120135168
15057769937119300997609453972982669716648244510929088564745059634579353036461602154397877862400 14615016373309029182036848327162830196559325429760 151370908655344720816662857764702234107844983066283580212716728865588061574981207462521625440782902578119168
15057769937142778075286498306237189581000726001622154751138776720428013581426493064788830061184 14615021948495328834975043315113724381023889785345 8958978968841587206880699354117666917751676946287146025769236922028642769474897700919325314843810988544
15057769937142778075286498306237189581000726001622154760675987590194736846858502327310747828224 14615021948495328834975043314744068782596953210880 151370908657547457447456296287172100242332333684467619251397027034595948233047871554732911008557032183693824
16687398718132110018711107079870875062007857827703021875956578114352951316246681198553877970944 607442920012926564916288671457603590717430156277481209856 13883915733536424926765510045945994754494990886890945582471126078396975340227375086564588986040320
17208879928073738456795829175682426704562804989689829445374114516145813220400668634574829387776 18389946490457568663501643791045375366106713064225112064 325925756214703484796741427986637872654723907162967284744758631272465053622378562611553776640
17208879928073738456795829175682426704562804989689829445384748340112092547383898950319583789056 18389946490457568663501643790580241157008292337634246656 14317788100209438205726932234881807090572959352106287631923348768346880819609480561678907089105920
17208879928073738456795829175682426704562804989689829445714729190065697912832273701769341566976 387611840913940479140167680 590299328795914534912
18284469798370300346633849645342729669409392346033018450080585967256549570722060095793972903936 1006581860556630616589729792 2251799813685248
18773323557898623771049995464380829132250332716025268485862670381249978058618911242515864616960 6047133757662693116316103420402882974855252093987062111916200984691678131225886720 65185151242703554760590262029100101153646988597309960020356494379340201592426774597868716032
18773323557898623771049995464854734444758840056165899610451150378647070230777516348373112717312 1158605422998288278420045226016242200312481224589312 2135987035920910082395021706169552114602704522356652769947041607822219725780640550022962086936576
19359989919082955763895307822642730042633155613401058126045878830664039872950752213896683061248 35076039296069276167872703153696776134694505814028 130370302485407109521180524058200202307293977194619920040712988758680403184854112145690853376
19359989919082955763895307822642730042633155613401058127418971350309857969660402763235114090496 35076039296069276167872703152809603036896309542912 2202736630793438522469866134487350618184039038680298169007886658066664092211285567774129605574656
19816285977781880647219439657346664136134331170397338477698436510794129688042933923282730090496 4419728939039147500600875119070025207118823424 4271974071841820164790043412339104229205409044713305539894083215644439451561281100045924173873152
20435544914587564417445047146122881711668330925256672466381760987923153199225794003557609897984 133804471191345998126043523002661645789958152 260740604970814219042361048116400404614587954389239840081425977517360806369708224291381706752
20435544914587564417445047146122881711668330925256672468436082855408740680798654669692879241216 133804471191345998126043522999281747046170624 4405473261586877044939732268974701236368078077360596338015773316133328184422571135548259211149312
20859248397665137523388883849838593827509822284628777344945722642941189145308351498192347463680 2946485959355858582575406776773664763977662464 12815922215525460494370130237017312687616227134139916619682249646933318354683843300137772521619456
20859248397741023026991451391671385308247031611345578723169144776774074311076085455902893670400 482753180357726172224728412224311170155377181327360 2135987035920910082395021706169552114602704522356652769947041607822219725780640550022962086936576
21511099910092173070994786469603033380703506237112286806717643145182266525500835793218536734720 89202980794122492566142873092845245837606912 260740604970814219042361048116400404614587954389239840081425977517360806369710476091195392000
21511099910092173070994786469603033380703506237112286809453194360507623391936906576150644391936 89202980794122492566142873090593446023921664 13216419784760631134819196806924103709104234232081789014047319948399984553267713406644777633447936
21511099910170429996584934247118099595211777872755840793154069663982693539076743802754391081600 14615044249240527446727823265438679289223865960965 130370302485407109521180524058200202307293977194619920040712988758680403184854112145690853376
21511099910170429996584934247118099595211777872755840795889620879318002282859882213052680110080 14615044249240527446727823265069023126747464335360 2202736630793438522469866134487350618184039038680298169007886658066664092211285567774129605574656
22945173237431651275727772234243235606083739986253105927165486021527750960534224851963834531840 14666210986929948048298856218859278900933899184878082139212333275152384 89589960566400967851317800598277215999180488611516004871207709601982083096681201274441235440820583137280
27117022916964678780405549004105642079917147256480943368468301661805523862449538461411804446720 7689318425915528602346510729273293616412832135841359928603355788163093102592 102527573279657412065625323666924588801233278014085124887338058244949684858075523681425973779103744
27117022916964678780405549004790171975762768970017410548429439435823545888900856947650051702784 868954251400927426715593116535417809919235785228288 2669983794901137602993777132711940143253380652945815962433802009777774657225800687528702608670720
27964429883119824992293222410483943394914558108245972848732936088736946483151086531184097755136 26307035047142552180604521977139712904203006378497 162962878106758886901475655072750252884117471493274900050891235948350503981067640182113566720
27964429883119824992293222410483943394914558108245972855555863391100919658766418014897235296256 26307035047142552180604521976474332939844413554688 2753420788491798153087332668109188272730048798350372711259858322583330115264106959717662006968320
31191094869747123495048154658321244413057077915495969150690765109256942594192815501547554240445 426373025005334527054184448 140737488355328
34417759856147476913591658352208174494752728075984080596808871166095278571938546958186791829504 30757273703662114676162866646866657986545890163136597507331027141823391858688 57174671753216
34417825502814683005428422862664931483610941029032931579628613004304747595220735256501760294912 50511288335459020144346754418241952676637606112047698097683162020184885247139119104 67108864
34417956796149095189101951883578445461327366935130633545268096680723685641785111853131697225728 111894363253206761653324397018109931603990575733104708651998773248 43980532219904
34418875849489980474816655029973043305342348277814547304744482415656251967735748029541255741440 50511288335459020032452231098940938662953731281307474698198975677016342762260267008 70368811286528
68835519712294953827183316704416348989505456151968161193617742332190557143877093916373583659008 7689318426055396489718813236816353761398584712126226254324084476410113032192 8796093022208
137671039424589907654366633408832697979010912303936322387235484664381114287754187832747167318016 30757347034717049059126284387213762216920271969843604133338069353921802928128 123145302311040
137671039425090751978143579184929121751876122709003408026052187085507199259899446028153496014980 65998061335788118565485046796637792944433026777370969634201039208972288 128
137671039425341174140032052072977333638308727911536950845460538296070241745972075125856660363462 14666322881239845890309722745243092986292945391900934513151071680987136 43980465111168
137671039427219340354195598733338922786553266930538521991023172375293060391516793358630392977077 22172795583882536734762225751367779527110632163197409630070584882222129550479851520 4398046511232
233623582053849540261955499112294762534670807132758896712957675855555282507257560158761478258688 210112772749468082985033495197952685515896964974827546317078174426322112783388033723523575320808521728 1979938128517461403252704003255245224728612539178620821538277846736399616697709247580683185478432836288512
233623582053849540261955499118192250868110009587842306263392093600941318427453536779754291593216 175083501325383022159644886714243581677779732406018366131362914509340540928 1187472345255112846032952332909450492173413777408
233623582053849540261955499301014389204725285695428002322099742869000540670596793901592514396160 210112772749468082985033495362103820627963734095175779745474947787419288577488507551509051459650977792 1908194488095887507699547199372584574232563990700148443533159345944375346354367469501716725569014195673890816
233623582054699457902304255580822027118906096654414949705042986896102950436518330783538756976640 31890852534777568428213886663243463800512792530706246584733798310499477779298703613362176 152302642468090687374719968158140268692789104647657484825859832886127987705197250872570712449969500979200
233623582054699457902304255580822027118906096654414949705042986896102950436518330783538756976640 127563410139110273712855546652973855202051170122824986338935193241997911117194814453448704 1827631709617088248496639617897683224313469255771889817910317994633535852462367010470848549399634011750400
233623582054699457902304255580822027118906096654414949705042986896102950436518330783538756976640 17532181590838829956298338164695199015547175929474099822635949646010279742357329642827209538994700288 1108147571125960430930034454494701719611998806154269320346725018446675885007707071693908344832
233623582054699457902304255586719515452366754047070481699494421499869632284052157106112409108480 26539586137214886269497717681322013607280758819193937920524288 91343852333181433021556811084702004106022092800
233623582054699457902304255586719515452366754047070481699494421499869632284052157106112409108480 106158344548859545077990870725288054429123035276775751682097152 1096126227998177196258681733016424049272265113600
233623582054699457902304255586719515452366754047070481699494421499869632284052157106112409108480 14590291777115251846637073892853631806481644367168197177613576209111711744 664613997892457936451903530140172288
233623582054699457902304255769541653789647133219391973522729593377711564039080234257916493004800 31890852534777568428213886688125895079585595078551315858328987983929214761154136422481920 146783911423364577761612468135468833074273922973365895963846616304422574708687525762892660887005708261785600
233623582054699457902304255769541653789647133219391973522729593377711564039080234257916493004800 127563410139110273712855546752503580318342380314205263433315951935716859044616545689927680 1761406937080374933139349617625625996891287075680390751566159395653070896504250309154711930644068499141427200
233623582054699457902304255769541653789647133219391973522729593377711564039080234257916493004800 17532181590838829956298338178374460274886073356169785941669014092768377725199035795159332550564904960 1067993517960455041197510853084776057301352261178326384973521468525107755348256726915011183640576
233623582056277876377237660450944089918200205766061905261772850257120048019431190515267988881408 210112772749595646395172605471665541062549938830029597487200999412661047976630031634640770135261970432 1827631709619304543638891538759543293222458659211113815522626533274229302499260362240863963543021828440064
233623582056277876377237660456841578251700708042779950366541601883593643732021023426491770208256 175083501325489180504193746259321572548505020460447489166639690261022638080 1096126227999506424254466648889327856332545458176
233623582056277876377237660639663716588647003187192678418654654109515833690809606058545015554048 210112772749595646395172605635816676174716237675494122125789153050852604529424224410553668005340905472 1761406937082510920175270527708021018597456627794993456088516048423017939441300524665408444097898521508708352
240924318993032338395141608459553973863879269855657612235237603226041385085609358975295425609728 169092785496368812792151518629968513309776661657212417777603411265454080 116466948736321259014864941367955601454624267010507107149240610258302617873628017367546078074309751865552
240924318993032338395141608648457897044353723495048074392821441198059462460344390276537873596416 4181389724724491839037947176121567782371328 1910057959275668647843785038434471863855837978972316557247546008236162933127499484827264103727466560914194640
240924318993908815961751263567722715466371912174865416883325580236606167637659528682096994287840 26677682375393393246302105049266407568549125339720498282496 8958978968711216904395292244596486393693476743979852048574617001987929780716217297734471202697860087824
240924318993908815961751263567722715466371912174865416883325580236606167637659528682096994287840 106710729501573572985208420197065630274196501358881993129984 107507747624534602852743506935157836724321720927758224582895404023855157368594607572813654432374321053888
240924318993908815961751263567722715466371912174865416883325580236606167637659528682096994287840 14666210986929948048298856207687128230185647552448567027730494624104448 65185151242703554760590262029100101153646988597309960020356494379340201592426783393961738240
240924318993908815961751263756626638647533594283362926075829489453611961786923588308443651604480 633825300114114700748351602688 146927255086863957232082792811382376856573018601269573596623718832602048403745963682845327724244767875268624
240924318993908815961751263756626638647533594283362926075829489453611961786923588308443651604480 2535301200456458802993406410752 1763127061042367486784993513736588522278876223215234883159484625991224580844951564194143932690937214503223488
240924318993908815961751263756626638647533594283362926075829489453611961786923588308443651604480 348449143727040986586495598010130648530944 1069036480380338298073680297277241658919810612995883344333846507821179306115799103413843035947008
240924318995536560014026337340036092728143962196251339801203251827655049520038415280442764690048 169092785496475523521653092202953721729973727287486614278962293258584064 107507747624664973155228914044679017248379921130065518560090023943895870357353287975998507999162244530368
240924318995536560014026337528940015909012650313529551867599774572407543932259367220866944466944 4181389724727027140238403634924561188782080 1763127061044505559745754190332735882873430706533074504385476392679892273860593922806375530897764900575117504
266998888750079178367012144918075847623290087615001216146968929773515710522774461729649410965504 36767649687590833920510972478766866005852791094848467391240627072029750182244158575114368139121813698379776 3816532320131451625876466056673408641495462734797185969754414461840370516250916086575404282257004738641920
266998888750079178367012144924815847145606621564244028476324451231639863613149511715232287817728 30598059580960804640678632788545779650226593447895519047426666574091044507353088 2374944690511887227060635810660030743172177985536
266998888750079178367012145133755832337419173990771210680906405100264433697208880736015153889280 36767649687590833920510972507454356114397878511038178927143056242677388883156608315889984577082291566673920 3816388976194444999193995536348162925597839921543550267719264507851184496380047708391804092955315919306883072
275342078850181503956287158369858243503752245418006816052104374171014398519798892056306992029960 34601932916633865792751034635234959161340337650662879883496538303646742347776 4398046511104
275342604022517464043427382901319451868887528232263452637028904034437980761765882052014082359296 88653502081527320003269490221047348631329844385045231070052842180774570491904 70368744177664
275342604023519152690981274446765717861517902852970004151561708828938076476611163729069833453824 30757273703662114409386042893663476342190291135912617239339062261929891332096 89589960566563931351079790708405784466322186414812661432447590483360597292585286940591866728008703279520
275342604023519152690981274662656327560719380914653836570780910357004451818858674428553078243328 730750818665451459101842416358141509827966271488 3820115918554009886888520922614127928454869062091932641027581724833160482524551917919817705213467729418256800
300373176927470731588676900032485463438593552841390649620769554580703793418380711007406973255680 17532181590902611661367893301551626788873662857075125407697362139179747338978328598385806946221424640 3816525040670978401272394496198103203713421092935416972695161783007520803843669045923086984456041398272000
300373176927470731588676900040067948438757255203376333613635684785546670079495630565001668853760 14590291777168331018911503665392627241844288394382758695251964084952760320 2374940160662717258560477088202252106756574412800
300373176927470731588676900275124983443832028424932537386366620057057725193103158331606919577600 17532181590902611661367893315230888048262325146328957131826116724485035701166894224681640823409868800 3816381697007479021801924171522189659931121997307513295060012023914986942425875669835209183062148414806425600
309759838706328980869878816722066417998504973493990896648913245337109677091737439014493783859464 22172826341148907291383463617892652359058195671649392095967429612545050164030603264 4398046511232
309759838706454191950823053158500634171049601367684107421418603161350786962705108305553278370080 14666210986983303413049642994179732440284180367585665278409935620669440 89589789687112169043952922445964863936934767439798520485746170019879297807162172977344712026978735096224
309759838706454191950823053401377106832543192650038047811780772154643950868901756396570409205760 348449143728308637186723827411627351736320 3820108632258462888034152613095941798270898483633008913512216689647653258497395055753978520830363964756984224
344177598561474769135916583522081744947527280759840805968088711660952785719385469581867918295040 7689318425915528602346510723233181380881209919202693705745230188025481265152 13835159210502914096
344177598562476457783470475074274592493257701569974977245722116503204955663675985972680575688968 7689318425929515391083740974591498618932947398495046960603115616863944441856 4398046511152
344178123734812417870610699605735800858392984384231613830646646366628537905642975968387666018304 7689318426126153185683625096629017436248550783840483896546328410534103220224 70368895172608
413013643447107371697794016310152149847898440536199775024264388698819095049520069884761249677312 30757457462658597708146883343307558649327511187587158859522951954309383716864 70368811286528
413013906033776196065141074351979177803331292348395178955543356051656971142648823078021123538944 183758996483298760840450374833125802671510776384036542031202207458656256 67108864
447430878129917199876691558578706268431785464987793047758515325159238621435201110456428293783552 30757273703662114409386042892932725523524839676810774822980920752101925060608 18446779258148749440
447430878131544943928966632351019645693597398804261076084669608027898397594673199591498862048685 22172795583875203629269054231849759426332672146809715285192606631624298062105542656 128
467247164109398915804608511161644054237812193308829899410085973792205900873036661567077513953280 22979781054744271200319357799229291253657994434280292119525391920018593863902599109446480086951133561487360 152302642468090687374719968158140268692789104647657484825859832886127987705197250872570712449969500979200
467247164109398915804608511173439030904733508094140963398988842999739264568104314212224818216960 19123787238100502900424145492841112281391620904934699404641666608806902817095680 91343852333181433021556811084702004106022092800
467247164109398915804608511539083307579294266438783947045459186755423128078160468515832986009600 22979781054744271200319357817158972571498674069398861829464410151673368051972880197431240360676432229171200 146783911423364577761612468135468833074273922973365895963846616304422574708687525762892660887005708261785600
467247164110127416639193159563238852452871012898820801974730526112675330526688750674029467140096 22979789820835066651625188483175942029471388871111720657088095768699663453776268598610779279854606672199680 152302642470306982516971889020000337601778508086881482438168371526821437742090602642586126593357317668864
467247164110127416639193159575033829119810717630622256629933695484534962159474560206246061801472 19123794533246391484589654948592944977705241827078896596021014234788945293475840 91343852334510661017341726957605811166302437376
467247164110127416639193159940678105793372288882620680740754396978516374361406399960137529950208 22979789820835066651625188501105630186942698200561434993942976064731730294490730780878352701496843934105600 146783911425500564797533378217863854780443475087968600486203269074369617645737741273589174340835730629066752
481848637987817631923502527135445430932743824349730833766651160473212335275319057364193988575680 19223296064788821505866276808539672713868931959945385774586913913706182082560 8958978968711216904395292244596486393693476743979852048574617001987929780716217297734471202697860087824
481848637987817631923502527513253277295067188566725852151658978907223923573847176616887303208960 456719261665907161938651510223838443642478919680 146927255086863957232082792811382376856573018601269573596623718832602048403745963682845327724244767875268624
481848637988568898409167945799590066592023232051908952036440855053696434605647774255738190299776 19223303397894314997517983333361169803735152102035569567419553118673992417280 8958978968841587206880699354117666917751676946287146025769236922028642769474897700919324769485783564304
481848637988568898409167946177397912953366373808577626260421215770467006392603757497404818063360 456719435890479026092970103585752149456154787840 146927255089002030192843469407529737451127501919109194822615485521269741419388322295076925931072453947162640
533996758980227520598755426542388028650676130589163192486760401955554931445160137505740521734144 105193290184928505507832416669563305357021134886390835876491118993792674286093148612771905558179479552 447756803887759647413763373768043109453059703660484455782634527047209392379509741966990222832640
533996758980227520598755426542388028650676130589163192486760401955554931445160137505740521734144 105193290184928505530598067750416389020988503375838631008757988990604422455227145565041816458131144704 13884437214746368452341184832230773375091238445142406330135357674179644669558355612660452556800
533996758980227520598755426542388028650676130589163192486771035779521210772143367962222764490752 105193290184928528091358288875822300012650675849089951708868326283230326927486281933422964979120734208 13883915733536424926765510045945994754494990886890945582471134718378947973612620271290839350640640
533996758980227520598755426542388028650676130589163192487101016629474816137591738064937360031744 728500834587298677246955791643939497742082271234474297621707661315628856460819038208 285119405096901713091099625436729062400
533996758980227520598755426555868001984251450486496700030610499659294442119893798353724095070208 24063293192461709432813508492738876534793155021713729143317031187831865664971428855808 8639981972633385245184726250364600320
550684157698359630617466533621837654546009759670074542251971664516666023052821391943532401393664 24188504273406401392965329020002364463794374432816580781676394728276998510226702336 325925756214703484796741427986637872654723907162967284744758631272465053622375017786065813920
550684157698359630617466533622258903712683988416866214362706346245941603434423588247812156948480 574685827826799020734426368455632536156509135551070208 13897474244994956591733054489350238889997427401428925021516508037457909886458065882661911426761120
550684157698359630617466533635330791916043649215745289548941938657524457151016751330988669272064 20157086894432003299335237070312390999097238930594709387988776224097517607720058880 18446854024872329216
585103033547849611092283188665303835221385997493559836853686421073180709118752499360529925013504 50511288335459020032451829364429873915384845790784389407548345126267897064051441664 70368744177664
600746353852755960673599854860186532232010646912808591547605452199999297875805154693958086950912 55151474531586891158981730677034216973876609670982785704658517975832587253955199391136721064907673050284032 2216295142251920861860068908989403439223997612308538640693450036893351770015414143387816689664
600746353852755960673599854875351502232282881797308787534436812116706247384880523147939606953984 45897089371608179917933480248906853742204961818149050032266676307357531862204416 1329227995784915872903807060280344576
600746353852755960673599854914106425566311926502142621721656676599235650963742451934106340032512 55151474531586891158981730720065452136850787815421838615412247454096652686108187642769905757993116830269440 2135987035920910082395021706169552114602704522356652769947042937050215510696513453830022367281152
619519677410654584444649850324567361364260979628833860033468122581249275934424065936473951567872 46135910555661013399058015861515740325535534730561410487511434036783215542272 130370302485407109521180524058200202307293977194619920040712988758680403184853566787923476480
619519677410654584444649850378961160011070766558308521332083900873958592708807699755394406547456 1096126228002164880246021973525300094903009673216 2138072960760676596147360594554483317839621225991766688667693015642358612231598206827686071894016
634121151289020180711022069019085784022677905074631291078027977322221481091127663288066869559296 210112772749723209805311715745378396609202912685231648657323824398999983169872029545757964949715419136 4432590284503841723720137817978806878447995224617077281386900073786703540030828286775633379328
634121151289020180711022069035093252356298597452714831286349968345412150017373885545047362895872 175083501325595338848742605804399563419230308514876612201916466012704735232 2658455991569831745807614120560689152
634121151289020180711022069099965624024129824458632336339099497009092871059541993920048127803392 210112772749723209805311715909529531721468741255812464506103358314285920481359941269598284551030833152 4271974071841820164790043412339104229205409044713305539894085874100431021393026907660044734562304
653937437266802061358241508675932214773386589608213518924216351613540902375225402932944726654976 169092785496582234251154665775938930150170792917760810780321175251714048 260740604970814219042361048116400404614587954389239840081425977517360806369707133575846952960
653937437266802061358241508757312288160264155629029674816772678187967087345999755509185531346944 4181389724729562441438860093727554595192832 4276145921521353192294721189108966635679242451983533377335386031284717224463196413655372143788032
667495948725284400748444283177985035813345163236453990608450502444443664306450171882175652167680 139984046386112763159840142539171889453708261256931147026534375842280993813958715152214737164829720576 12776289643569896733075691357703619826114809765072752163997848266325389007353070663543950409728
667495948725284400748444283194835002480314313108120875038263124574118052649867247942155118837760 116722334216922014773096591142829054451853154937345577420908609672893693952 7975367974709495237422842361682067456
667495948725284400748444283285824822481947722415122050956542317418950091155341535905989915574272 139984046386112763159840142648605979528419440670496635978798891416345777676692364370871721257391357952 12815922215525460494370130237017312687616227134139916619682257622301293064179080722980134203686912
667495948727712736863726444516634363196874561869756999157265676846008429818623802238682162790400 22979824885198248456848511218962545132724966618437434807338911163423941813270946555267976051468499115048960 2216295142251920861860068908989403439223997612308538640693450036893351770015414143387816689664
667495948727712736863726444533484329863905011563058519141412632856770377954434734588892597452800 19123823713829945821251692771600275762959725515655685361538404738717115198996480 1329227995784915872903807060280344576
667495948727712736863726444624474149865869439906886727053097228659465384175554348062942416732160 22979824885198248456848511236892260648718794725211727651857239716965179264562133114666802064778490753843200 2135987035920910082395021706169552114602704522356652769947042937050215510696513453830022367281152
688355197122949538271833167027297068182512199587593177814964580645832528816026739929415501742080 110427941548649020598956093799220000389034071447418149666681432769036288 260740604970814219042361048116400404614587954389239840081425977517360806369707203944591130624
688355197122949538271833167135663416309457544699750828301461455501975581983191811262976656146432 2787593149816327892691964784081045188247552 12828437764564059576884163567326899907037727355950600132006158093854151673389589240966116431364096
688355197125453759890717895907779187046776891928186905380930229247446193250455796234562840822400 19223332730316288964124809432647158163200032670396304738750109938545233756160 130370302485407109521180524058200202307293977194619920040712988758680403184853566787923476480
688355197125453759890717896016145535174116471518232305776239788876323663455106788207305727016960 456720132788766482710244477033406972710858260480 2138072960760676596147360594554483317839621225991766688667693015642358612231598206827686071894016
867744733342869720972977568131380546557348712207390187790985653177776763598385223446828347817984 41363614664630483611880674722559375032397784418535954352708409304714538544898347886167963349415513521389568 2770368927814901077325086136236754299029997015385673300866812546116689712519267679234770862080
867744733342869720972977568153285503224408607040557137549742061946353468444827422324801654489088 34422824323726793804928971342865834802818538551026656119734347521834467547152384 1661534994731144841129758825350430720
867744733342869720972977568400980013228855110154060338661199239878093411730138787821640642199552 41363614664630483611880674754832808244141637456080524457514504186070424736069034938823344990037989717442560 2669983794901137602993777132711940143253380652945815962433803671312769388370641817287527959101440
894861756259834399753383117135486188637265859463871131159453954839582287460834761908240152264704 34601940249725372202211004780192907974830297669991878187089084249638938083328 162962878106758886901475655072750252884117471493274900050891235948350503981066958484904345600
894861756259834399753383117405770185204617879124077749209594119386026549806344145785723404943360 822094845223204755643891311764822904370137923584 2672591200950845745184200743193104147299526532489708360834616269552948265289497758534607589867520
998115035831907951841540949090736132701101889640274708188878356369927194634270983704112846108605 22172795583875203629268760777343630099006962823654180326787653846507269368492064768 4398046511104
1067993517960455041197510853084776057301352261178326384973520803911109862890320284018680298209280 18957199497792934969700187493583047577069476908336345898516891818953009784016491591146679609835235500359744 258622383525732835337346741367983991643039905517278891996312722605276440504966183319529188229120
1067993517960455041197510853084776057301352261178326384973520803911109862890320284018680298209280 132557052821051165317430989676305379321375788550237762039183731128614690373478982883736062115252198896042432 137932043114054575543114672524524417136861837627292932865519727196085424693526757506060870746112
1067993517960455041197510853111736003968502900972993400061220999318588884239787596707448190140416 606057009275376401148524708664732320171404588717235310837115061950366668682945499141059109397332936179580928 8009960551390561009767654084069690021481926989040933251077224990338026635664776292188758653009920
1067993517960455041197510853111736003968502900972993400061220999318588884239787596707448190140416 4242399064927634808039672960653126241199832121020647175859805433652566680780618493987413765781330553257066496 4271982220001266853872194318692583561733799668814640864516098224812385805883555166415818107912192
1067993517991537743473122518219487447810528563684604894398355036251138861446142752581963634442240 18957199497792935002585686501180189289594128067848342972289049928198608645937753364467952846680401375133776 17241505389507718389175323000750218975294924505305019914077154611530956220835600145956781162496
1067993517991537743473122518219487447810528563684604894398355036251138861446142752581963634442240 113599853323258230084646810121945198044109102365805439550489574435696889694092397106019196610655636397490432 413274121963234390851847939342183231076654377410996957763265784034810861989064211755975351205888
1067993517991537743473122518246447394478463841196195244581534705336538648138251425785687916412928 606057009275376402199866030435021281687882661299614566809479364735959743352086346293198286081828492056461312 533997777507929032302927206120250792844025164210563198976154269574664081446837766357803530715136
1067993517991537743473122518246447394478463841196195244581534705336538648138251425785687916412928 3636342055652258398480417677826082228896602951644377817243775949417455414744546217629241242908033170062442496 12815930363684907183452281143377532006811405418189918698076024880681657134775244124856183479599104
1068026110536076392974891148242776882091996863763966534547471530440016401187507207164896420560896 609210569872362749498871809797803301969836684495801814346674317239606987204947580735454402776410827522048 8017782778491528354503755308761355618267233549710983224879839612470779998327552058989067676680400
1068026110536076392974891148242776882091996863763966534547471530440016401187507207164896420560896 4121130325607159776021779889808669395678306983353953449992208616620870795798174810857485665840426186178560 4276154077637986841034178883457033809345449772276582177461035477440755814944380063297271509287040
1068026110567160043819297845471761182495467761406279945999928796558960544436462472352656863264768 609210569872362750555683687168599916550023961807796099560143637683970886765933531633418333928044250529792 534519259712526619248535533469990352943555148075977543232093768366593611424611094946722862858320
1068026110567160043819297845471761182495467761406279945999928796558960544436462472352656863264768 3511919755734797018068413061044493177066972080362197353937779735826352612105339622938319813850947974594560 12828445920680693225623621261681917691954059450565711521958929788543237340167209131950800321380480
1101368315396719261234933067243675309092019519340149084504624558381171815490505993731182757412864 18383824843795417087818896378016064347678012890961548868226113220230493202125771112781653448488162030518272 8260271818621516041322893274190351629149027824863807256451195313698770257188442805882808963176960
1101368315396719261234933067243675309092019519340149084504624558381171815490505993731182757412864 128543430243068540144261951867336496715635540428614182827148280937557074300243939535180878985822684607152128 4405481664376306443055700391148251485784286445647520066425075070478061226459932930190762783543296
1101368315428773297956657596913846430554607581299748797348984860481846546634639594355533879181312 18383824843795417119709748912793632775891899553376435239667863890110415582995523631055506194416864736575488 550685208055051814562393681311074216088682821195839936514224459334921539075872785581367894215168
1101368315428773297956657596913846430554607581299748797348984860481846546634639594355533879181312 110159605399273122801316235211099884942246434238333542987388162358287202051160148276208403569904900928176128 13216428187550060532935164929097653958520442600368712742456797160840161204200298503819238211325952
2135987035920910082395021706169552114602704522356652769947041607822219725780640568037360596418560 4739299874465475182043242956032796306049836293493903258087845002028772558575472188168195743939796528005120 61610898368085660706195536700060404777557922181408334954870630120473803896755132444409866439691459228598272
2135987035920910082395021706169552114602704522356652769947041607822219725780640568037360596418560 132557052821533404146525184834523831413499398105197044480317282274663786108402656246592365256548136979005440 18957199497861900859714967854519752074297949812023601327440377820506819736947017853282375133132780392677376
2135987035920910082395021706184717084602976757241152965933490523921514434025908894253717081030656 1761514444834407819960849234152904387161952634782735970056725713130237631751995276981517507942757107211698368 1684996666696914987166688442940056145098106442281689587129255985152
2135987035920910082395021706223472007937005801945986800122441998637177768479575193414896380280832 151514252319395304874698156654949669782091145052284810672493315723930727018067228377791161470837256030781440 1908190848511749461267122255708739480911643451161687167719191671259924381675668447656553311077344729211338752
2135987035920910082395021706223472007937005801945986800122441998637177768479575193414896380280832 4242399064943068536491548386338590753898552061463974698829812840270060356505882394578152521183443168861880320 587135645695594298082363011949164619443932515942013851245656447231221076063977301090521143215630825046409216
2135991110000633430641444014940410060132180062829269236086413992906237153802045451354546722897920 559971429395728898898423642761294841778095349517781575051541312546153858325235486450644827171125723136 3010594320170221081012885455112323057455999635571441592349906541310217577037824
2136052221072152785949782296485553764183993727527933069094943060880032802375014414329792841121792 152302642468644760103469055294119228139519244671762167776276393525710877442475335999435297126551167959040 1910054316137249216600390929786625617330466183348287539073953298271716123872798349637192464281847385871613952
2136052221072152785949782296485553764183993727527933069094943060880032802375014414329792841121792 4121130325622152332211515613840873232010520738177093951593361236578059036678744385867072745777266897715200 587709020349593901889084069578035247215914363558391619230514864030474779089453878167520643213116420669833216
2136573702282094414387867018527814015513087345254028559587224816271633787594972409008741414862848 1827631709623737133923371191978990112636478263805077435876948567640897324041535442768818409454325756592320 68965890014780360936704497228525559833089707516469585158317733186603702358896587877833418735616
2136573702282094414387867018542993795054375470992908150296316374680099525955442183248132333109248 27670116110664990912 1737652812531193580515647456780562133261769074109060353288317173760
2202736630793438522469866134487350618184039038680298169009249116762343630981011987462365514825728 4595956210965574231357625021522539060916080736271411298189987639922922360469991021630018083877691127234560 1967821812527741631931719826198085251993788022557602722067902214648391052789498795551864198339371279434383360
2202736630793438522469866134487350618184039038680298169009249116762343630981011987462365514825728 128543430243536177527327882668236628549754242502967269603177276135699980561449183583523390774809185757429760 605483634623581619897436856072098371433449740102952712874069371091657066696149036457816392651773201539399680
2736733389773666043068621561029738646834715169269461361494647060022219023656445722731318683369472 55151474531586891158981730676990794940412458128960142866200556330453965446862891827032385285808647493910528 68965890014780360936704497226787907020558513935953937701581035577202835508593353720484306354176
2736733389773666043068621561029738646834715169269461361495030251530378893935431273360415126454272 1389505070852849344724570830619696612819828550785969348185935328131921494409216 43864523860902223805826195939204792320
3203980553881365123592532559270335640237677475913062695128480712060362891818744085284417183940608 6719370929711860211146174477231544165030498304999352332971389379300390054205364161182724364074829742208 3369993333393829974333376885880112290196212884563379174258511970304
3204599812818170807362758166743604622865016429926653599540755798429933320586088906414720647430144 6698455344656428513409754443464356929612577336392170841117477393326968947655272476321327725133430912 137931780029560721873408994457051119666179415032939170316635466373207404717793175755666837471232
3204599812818170807362758166759627723491931673762137611955907998972202711077695890334077727801344 105553116266624 3475305625062387161031294913561124266523538148218120706576634347520
3838101705170385304303554628273413955926734688609610445998590389055551069762088515344107764187136 210112772749723209805311715745212754696879738287077682142840551653154884346773186132966113964644630528 137931780029560721873408994453575814041117027871907875403162071154405671017186707440968612708352
3838101705170385304303554628273413955926734688609610445998994868980830932834351041008154009665536 5300541194341580740926928463330923395851816341036945686339949775219064832 87729047721804447611652391878409584640
4271974071841820164790043412339104229205409044713305539894083215644439451561281136074721192837120 37914471311562957814648132492243847297145201308125353696990198833900418929217821900708593023954944991952896 108474207012954091351642449361355203444952276340031520074735517545990076767810527394802651225974112256
4271974071841820164790043412339104229205409044713305539894083215644439451561281136074721192837120 132557305653564632283916296870334306716505748597469541507580542062968457771262721452053709021333777488543744 45197571887613403313967815892836161007406886953711348241373504207613271963574847899586026126085980160
4271974071841820164790043412355954195872378194584972424323470900199211349611579276315117286850560 4479489484355608421114884561140422250372847763128465664801464038959238710154073128677998269314543648768 10109980000181489923000130657640336870588638653690137522775535910912
4271974071841820164790043412446944015874011603891973600244883997274355536959150386829792760561664 1212116330474768889529922904902007011536767775075525028020861003655519715333084374805355652572129538712010752 3359624589225406110974120775603825178486347235449571406737087441275572246233102153171898387304384823296
4271974071841820164790043412446944015874011603891973600244883997274355536959150386829792760561664 4242407156661691113354730167157024540378687212764337598073013512794319003665795311818744784002453385492037632 1399843133850015122676840634349185781508931475477181518484635066306522580871923356931135277600667074560
4271974071857361515927849244923309891127027645659746314590222350250311862767992534679932767436800 733965751937569787457042604899055707337846471452501176815937474128438659328656976678406169448169488735273040 1684996666696914987166688442940056145098106442281689587129255985152
4272104442144305571899564592971107528367987455055866138189886121760065604750028828659585682243584 1218423463698620572493418246412849999770875838238169671023807773305572088497069203624115781322504857976832 3362905472613321546629368940423831021992031590990146811918242001671822848351746134954278507903472107520
4272104442144305571899564592971107528367987455055866138189886121760065604750028828659585682243584 4121138186039451936374797009925816175695609452864397416698173350886493828740087012258038672120237019627520 1401210168160415528070079736531200838646316981379590447910432105247786865440974459141249928163177267200
4272625923354247200337649314959395230216945514599278639494286780588232853577205403820699879997440 4374501449566023848745004454235242730706338861786424872851541212819905998398751846447096722790285312 413273858878740537182142261274920558189309069190039031269743547164587492540640113070217562685440
4272625923354247200337649314976261651929487876531367073615499623264305896199949597420023122493440 70368744177664 10425916875187161483093884740683372799570614444654362119729903042560
4272625923369790922897442727762433200205306643780770729175989849076998880946437120163236574003200 761514664811637863092445790862014322757733785458827470457226460537802053115598006754903548321768952299600 68965890014780360936704497228525559833089707516469585158317733186603702358896587877833418735616
4272625923369790922897442727779299621917910365397600863925320555257088683995478548434444120883200 11529237036301025360 1737652812531193580515647456780562133261769074109060353288317173760
4405473261586877044939732268974701236368078077360596338018498233524687261962023974924731029651456 36767719816317197275830797671164238228379959118598884778541963982691675376411558909363023283437940714242048 3464612857638700051942062049838711617678928365128652533904017154757589695026369138713673899466972725248
4405473261586877044939732268974701236368078077360596338018498233524687261962023974924731029651456 128543675420204470398055624996555674975827400934126900293011720083737855336440800982344214929524262516555776 1443588231782828095260491904171459046861794982509779375366168599094251102686390822564909148911467233280
4939470020567104565538487695517089265018754207949759530502533718088883115867731307956896845004800 139984046386112763159840142539061461512159612236332190932735155841891959742511297002548055732060684288 413273858878740537182142261264494641314121907706945146529323361508182291438820708126122888396800
4939470020567104565538487695517089265018754207949759530502959486431282971733270808655892892876800 3533694129556768659166595001485837031654967793751237916243212402585239552 263187143165413342834957175635228753920
4939470020585074252791575689423094287656871757836201793763766008660462380657816172595045023744000 22979824885198248456848511218944452584272904228824140869049334031027236560964531783485797512292650021027840 68965890014780360936704497226787907020558513935953937701581035577202835508593353720484306354176
4939470020585074252791575689423094287656871757836201793764191777002863785459562054537671163904000 578961550465996467625406025251853192445327546358544873764644230500423544340480 43864523860902223805826195939204792320
7475954625723185288382575971599329889442905030703368104364931316971939204549846337214900720369664 6719370929703711569917600123099828226894606217782129322979472669101758687293559654012198873545379414016 1505300031217067054992840561806328766697816254370185123101200047187087186722816
7475954625738726639520381804166685584697554481778141994631682767023039717706259595579716200955904 6719370929707785890531887300165686195962552261390740827975431024201074370749461907597461618810104578112 1389505070849479351391195390592949752828250903540344975492210509297582291812352
7475954625750382652873736178592202356138455750333933922555678287127844683143666705636884473937920 1018580153571794266464492266986510902152876248989588774828920863975563396315686316181291024 115792089237316196227041539633815255365442570616270572420827401642537752985600
7475954625750382652873736178592202356138455750333933922555678287127844683143666705636884473937920 4074320614287177065857969067946043608611504995958355099315683455902253585262745264725164096 1389505070847794354724498475605783064385310847395246869049928819710453035827200
7475954625750382652873736178592202356138455750333933922555678287127844683143666705636884473937920 559970361337025787200678890489851494130439613663415914544502157535629994284871631333550151057708941312 842498333348457493583344221470028072549053221140844793564627992576
7476182773752534750824238037510534251463503592708375279674716875108096730937815481841854627971072 6698455344647974018390788070547715431394081382110463086553922482130481060048088764872114657749368832 61611015881513946018863553985200853826688837649019626511309834786443163532346003113520847642547996938207440
7476182773752534750824238037516437499062893419384606231617141370044722295855775949601617762844672 105553116266496 1552340657192600400461366829361551959801078677196781926104829653857924320067792
7476182773768078473384031450313572221451864721889867369356419943596862758307047198184391321976832 6698455344652201265900271257006036180503329359251316963835699937728725003851680620596721191441399872 56871598493447770799116095531068127228706503858926829564835471718752424672315857676547885690629388775719104
7476182773768078473384031450319475469051315908250840021926962302037505083651304900616038761234432 105553116266560 1432927104313525581122170246547849052431509253275968337244674968378881087635648
7476182773779732945313093897585895514315853399676292467660696911717185139506122310556040806236160 1056811877370796614580187277311994285213469320444363899560985950897963931151633423007760 4739299874448233742425109597510951894289831524924478321443250177799508911594104497849082425229296279748624
7476182773779732945313093897585895514315853399676292467660696911717185139506122310556040806236160 4227247509483186458320749109247977140853877281777455598243943803591855724606533692031040 56871598493378804909101315170131422731477978299093739857319002133594106939129253974188989102751555356983488
7476182773779732945313093897585895514315853399676292467660696911717185139506122310556040806236160 580988473770487542411445904078118175171935630081009553425595317327643765412334229606254483739770880 34482945007390180468352248614262779916544853758234792579158866593301851179448293938916709367808
7476182773779732945313093897591798761915264702242183014822962658880216570573286810450963447644160 16 119410592025982327359136587747277783747894057595225547347547159002132730871824
7476182773779732945313093897591798761915264702242183014822962658880216570573286810450963447644160 64 1432927104311787928309639052967333404974728691142706568170565908025592770461888
7476182773779732945313093897591798761915264702242183014822962658880216570573286810450963447644160 8796093022208 868826406265596790257823728390281066630884537054530176644158586880
7709578207777034828644531470705727163644136635381043591527603303233324322739499548289523565723648 210112772749468082985033495197787043603573991443929112176379344425738561676216906499023553171654967296 61611015881513946018863553983648513169496237248558259681987469414035503579068308614402989087453219007764992
7709578207777034828644531470705727163644136635381043591527752322153164272292438373534172182478848 5300541194335152988749892502228755547482451690626856874364818603877859328 39186587393418723919087426986971098763146389625344
7709578207795004515897619464611732186282254185267485854788835593804903587529584412927671744462848 210112772749595646395172605471499899150226864865503397159609948039446723011495046315994833568149798912 56871598493447770799116095529635200124392978277804659318323794831844899131040286738716558542072434862856192
7709578207795004515897619464611732186282254185267485854788984612724745086018729619415950453506048 5300541194338366864838410482779839471667134015831901280352384189548462080 36172165523983712000397399413347819821927174772736
7709578207805082110776040434167126894923901189595693340266418567571397364405104978907173763645440 31890852534777568428213886663218355393571245807650903427040333819534954242820099123707904 4739299874448233742425109597391541302263849197565341733698986741178609841288590325267330432362662546375168
7709578207805082110776040434167126894923901189595693340266418567571397364405104978907173763645440 127563410139110273712855546652873421574284983230603613708161335278139816971280396494831616 56871598493378804909101315168698495627166190370784100804387840894143318095463083903207965188351950556502016
7709578207805082110776040434167126894923901189595693340266418567571397364405104978907173763645440 17532181590838829956298338164681395522853594801899230310911047145961650483426402374118874359898570752 34482945007390180468352248613393953510279256967976968850790517788601417754296676860242153177088
7709578207805082110776040434167126894923901189595693340266567586491237856085716037587092912701440 803469022129495137770981046170581301261101496891396417650688 3014347126994987289711374765795166135498997498368
7709578207805082110776040434167126894923901189595693340266567586491237856085716037587092912701440 3213876088517980551083924184682325205044405987565585670602752 36172165523939847476536497189541993625987969980416
7709578207805082110776040434167126894923901189595693340266567586491237856085716037587092912701440 441711766194596082395824375185729628956870974218904739530401550323154944 21932261930451111902913097969602396160
8543964439971451005468776972243715733436106501173760407278171520412473738172960378843229291806720 71089588511746590430831984260583288678214353607854563139848361894920741676941986829248761264061352073232480 34482945007390180468352248614236451843627714461560313072238613599220019863534608555837178773504
8543964439971451005468776972459395718149450949832607066722068733394525871722320545809193483894784 2272716674689335231316125742505879779918847738689395396351570943858747458238593291819154311564322383079669760 1067993517960455041197510853085618555634700718671909729194990831983658916111461119805045671460864
8543964440002533707744388637385167123467599337629281729032191298856463634327983920748657448845312 1174342963218666303679478136548573040618639696673460012018831788680161513774507111394417366390976421690343424 3010600062436240355819052267346615893949307578921742879255252206358085943427072
8544225181073745056097605975663104991685958003325595862294911212507106917758132417866155692130304 2284542541965391374903863388280508293437819983308876640135803337606356834795180106488033544027523682140160 1069036480380338298073680297278110485326076209786141168062236788887810190652853633581691101511680
8544225181104828706942012672676198682390227422906225441328149277097984685664840244341795488792576 1218421139744725490543248600629233687298175150495649346985594070924302777922007554287215803083827980533760 123078687826207857850688826570658181380815333149971529486677729649400928701484641756691834663564189945037216
8544225181104828706942012672682945263943327469095653061091249877145736759894285476801549258981376 18446744073709551616 3104681314387372866938397650698748478923133057060141063552295633157459036602784
8810963328720558849389676252626331850105984829335440420011064225602816619441252089650391795367936 68939430825190927960334230481641220854917744202203159787627477187768297426466317331080071063889391113994240 1101368315396719261234933067243675309092019519340149084503965261295262497217545696703559428472832
8810963328752612886111400782296502971568572891295040132849974682526018447251557309136162039005184 36767649687590833920510972478737917983543462045992574644987724344247767234618646591688145601610007449698304 123078687826207857850688826567553500066427960283033131836057354345264687922917501674893238510677947693675520
8810963328752612886111400782296502971568572891295040132850144990187814475480739446046742691446784 926336713898529563388567880069503262826159877325124512315660672063305037119488 78373174786892278493000981753699480271216785241088
9611941661679063410837660801047117315035157393286486471857300654878657449756142907247422895063040 559970361339062947507822479022780478664412635467721667042481335085287836012822758126181523690071523360 3010594320170221101903080030479196639501506836023034882941512442705981577625600
9611957957931906046666287825328491790737458762352086792251692324323583601063280662861909590016000 18957199497792935035471185508777331002118779227360340046061208037444207507859015137789226083525567249907808 34483076549386210856919098712841089891616009550192750054634061286802414349084014739494084280320
9611957957931906046666287825571131722117953850805600466783289732713114755962108142516641674035200 606057009275376403251207352205310243204360733881993822781843667521552818021227193445337462766324047933341696 1067997592032407710169683389976995377604898910126677612151416288949418131118923092847037115269120
9612234994859656643973977868324722804120382942440947458420896029350666607936442970714909608017920 580988473772601166166187497307278549726559618651436492066484045126765737314130157468557750585786400 123078453072154697832582524859371205469236524020132758724747310750755424824955257467312391516718537646277024
9612234994859656643973977868332312693891054617168521019058094847131707019308511613436953004113920 8796093022240 3104675392675540511337551281429222377445245497475864231036226134055451002667424
9612251291609821449072497123905881873777954867089562396842382742947123318945639625031052112691200 609210569872362751612495564539396531130211239119790384773612958128334786326919482531382265079677673537536 1069040558430876858324145971412545292571274749810745149618816616146068582262772811032380728934400
9912314838606534142426337701072020293473587243765891437485395301163225182806563544309223410401280 17532181590902611661367893301537823296180031512686372802526348952815731151065472282604514558145986560 123078453072154697832582524856266530076560983508795207443396461398612048997011888980186839702186060578567168
9912314838606534142426337701072020293473587243765891437485586896917305814967349191183405173473280 441711766196203020440083365461271591049212136821426942524184343158456320 78373025301869669532495743910674319522973934957568
9912331644117278110624609319870007159198004348675589504515688783983988434931758083381574552780800 18383824843795417151600601447571201204105786215791321611109614559990337963865276149329358940345567442632704 1101372516783420451112485995912907653434476687993711020497482198418604230244039599084299417026560
10679935179604550411975108530869665529680582506616430799493412029032302096368590422499317904310272 1321136113606180261170886657528384182086208990963960247382019283505849245640238506730098600280610319437398032 2106245833371143733958360553675070181372633052852111983911569981440
10679951475892361087863798678413267848038811023530413177225213128234693463953600946880589888225280 4739299874499958127050633136501148554664072745337530972549405315101010507560694315573793900592103583383552 34482977892889188065493961138887611355624788233718422317837475521115618484921960101751405150208
10679951475892361087863798678682867726086456751778593866844510732031703640201895739224089864175616 151514252320497716152514759173060772293527285962995288543651021767794996051010629867122283082836411756314624 1067994536478443208440553987308462761127250266535601699934097196225098719863326613065543532412928
10680277402145897842047388272148658755869951730853528931389854273387139720133146832195948533252096 152302642469752907674595015725049262594013946391374166582430662846056937846924119426506552294714936131584 1069037499892972938136296715811719187137375844792292163451381745702374788555333427944363508367360
10680782586570705558186996204254138874328520022635028879215472673538030051523904388256575275401216 1370724072707053063161737758801636551849721907587414841077039363031863188545127155638196512748181770993680 86207362518475451170880621535656949791362134395586981447897166483254627948620734847291773419520
10680782586570705558186996204276065222554825093146743843573049369016925006933471839935695490646016 20752591480969756688 2172066015663991975644559320975702666577211342636325441610396467200
11013699959513997371859542387113682468290023868015738589020313342365160250422264077112757310193664 4595956210999014213945131945114721865337009088163232203340407649413365242086592545046933019246397778558976 1101369365743394558704321299410983395177633811503539568502344495576097930474169172298744425611264
11547679912947420132948086098979141119570871323990654037526193692288875392501588063633631329910784 41363614664630483611880674722526808500398042891757402818797591150453214546811552948385305104068537453903872 86207362518475451170880621533484883775698142419942422126976294471503544385741692150605382942720
11547679912947420132948086098979141119570871323990654037526747191133995205126789414542326192144384 1042129023991728856913649085119873901315225386596833487068589518163389745987584 54830654826127779757282744924005990400
12815938511813271170258820384582819962641515545887065947172254736056913189734241514917950484643840 37914489390557229849231069883707568757946065500012513319523618851390216493356555126954947948716395239309312 34483208091382241245485948811445727939604304638825187037029508974384808834633420923150989787136
12815938511813271170258820384906339734023462553724580666966952730668881408681470932638986244456448 1212116908455772913440823920335720527368213569650547141552247329165402459163164413240443364385486567053983744 1068001666104360379141855926868372199575097101581445495107841745915177346126385065889028559077376
12816329623218050627997170568634212520053945458381462000484797334267172522508161246525741374373888 1218424044687094342980960657858754077889051010173799752033361198900889416140834615958345387568192504725504 1069044636481415418574611645546980099816473289835349131175396443404326973872691988483070356357120
13216436590307435894329408521601033086474062906696036758029562459127503881403276064575122825019392 36767737348498788114660753969502402468063715777597604281947899708009192381191068116860657871910750289657856 1101376718170121640990038924582139997776933856647272956490999135541945963270533501465039405580288
14951909251461911927902957775766015474140459512481510098996614083994978922256105932794616921325568 733964631996847109331147589254097661776889142627230241372603389165768488752984951032889917085122108592226320 115792089239001192893738454620981943808382626761368678863109091229667008970752
14951909251500765305747472357184404712276911500667867845111356574255689366287333411273768947875840 733964352011666439799673835342858150386649810420912507511769867925100946109066944621510853994360263556464640 115792089237316196227041539633815255365442570616270572420827401642537752985600
14952365547520613224208269487824106472915368314598242649031136818704959489244862680026245949947904 761513502834690317890113458487019708200634332339590167584242327569711799584123378494588611206267780726800 4739299874517199632439889958447656391518357084757568028959719762957826644780708200207979013107129698484240
14952365547520613224208269487835912968114209327635446253544103672082227379507080850217656524079104 11529219444114980880 119410592027719980171667781327793431204674619728487316421656219355421048045584
14952365547559465890626187795171791028631706799352584935321393823434370279012244621112081612472320 761513212340453431589530375393271054561359469059780841865996294327689236201254721429509876927392487833600 4739299874448233742425109597510951894289831524924478321443250177799508911594104497849082425229296279748624
14952365547559465890626187795183597523830529404484366029645925317760433141146573620901926895288320 11529215046068469760 119410592025982327359136587747277783747894057595225547347547159002132730871824
15419156415572039344542150935317459349926390820648529446316438897038227910269083961217195310186496 22979789820835066651625188483157849508626311868761115496303728978329330929502229652541232303263533729054720 4739299874517199632439889958328245799490637104585900247634940678880190876865793160775923786083146852729344
15419156415572039344542150935317459349926390820648529446316736934877909358311167992950122635984896 578960667042464075219365145085122269902145447934271230910759182131737227427840 3014347127038851813572276989600992331438202290688
15419156415610164221552080868334253789847802379191386680532837135142794728810209957814347527290880 22979781054744271200319357799211198739714663778745359153117327715154854521636654119805091001006254656061440 4739299874448233742425109597391541302263849197565341733698986741178609841288590325267330432362662546375168
15419156415610164221552080868334253789847802379191386680533135172982475712171432075174185825402880 578960446186580977117854925043439539266349923328202820197287920039565648199680 3014347126994987289711374765795166135498997498368
16019902769406825617962662796271640859520283917674895774602812058666647943354804260280204473139200 132557052821051164397631663936404984654996320580195485653764216371332617674564581184526730477612621153435648 275342078849179815308733266817658813939792539783704024897746056838725437295537454249914480459776
16019902769406825617962662796676040059527543514594901000918314989778833263596813950611722852106240 4242399064927634778602115951085035318738446088714028008633604955655960590044674773727516818615454988704415744 8543948143683640329580086824684948445077605749375277833559926655869271328891688958440365371686912
16020391658041145894623367223641653231379952956459498018212072956600246017812608107473446308413440 4121130325607159747425693796245937471743827714911755144215979945773377042971496139500814587619757093027840 8552291843042706384589442378224883882608609678289129344497894311102481525222829068653528812093440
16520524730950788918523996008655129636380292790102236267569368375717577232357589905967741361192960 128543430243068539252312727366384154009957478377291006106980174482513943070771796977299321093844075588616192 8810946523173754089879464537949402472736156154721192676031722090362099977740365573628475427782656
17087896287367280659160173649356416916821636178853222159576332862577757806245124400183696695492608 3511919755734797027579719957381662708288657576170145920929155698417511048735050293083494767421112071500688 105193089545032979737790028988088373137121568811395381865466282875769902900558414244713246159391424512
17087896287367280659160173649787776063496046415567894400979535989097422147836601547319171042246656 58494625457732988597136 2650270597167576494374946251114377773741225845313428437182409301938929664
17087896287367280659160173663159909610402763753722734240942306943969946015162112239365398883991552 3511919755734797027579719957381662708288657576170145920929155698417511048735050293138336937552250568851456 3359617113266706315836163420855316687779635822346349248601098029219429032615554846508498649209349603328
34175792574734561318320347298712833833643272357706444319152665725155515612490248800367393390985216 1452473954795146670929692085281431674684138112862016973594609434929138781763976494477462595436544000 35064363181677659912596676329362791045707189603798460621822094291923300966852804748237748719797141504
34175792574734561318320347298712833833643272357706444319152665725155515612490248800367393390985216 2614453118631264007673445753506577014431448603151630552470296982872449807175157690059432671785779200 43830453977128965743280622980131702693797205360141647023085268768331166542385540889540005998870134784
34175792574734561318320347299575552126992092831135788801959071978194844295673203094638342084493312 6389172956686558908467118080 883423532389192164791648750371459257913741948437809479060803100646309888
34175792574734561318320347299575552126992092831135788801959071978194844295673203094638342084493312 11500511322035806035240812544 1104279415487293675011690433102095053438348016848522950322895272225538048
34175792574734561318320347326319819220805527507445468481884613887939892030324224478730797767983104 1452473954795146670929692085281431674684138112862016973594609434929138787754203930689742518133719040 1119872371088902105278721140285105562593211940782116416200366009739809677538518282169499549736449867776
34175792574734561318320347326319819220805527507445468481884613887939892030324224478730797767983104 2614453118631264007673445753506577014431448603151630552470296982872449817957567075241536532640694272 1399840463862146149586568668399516176085720418527193383942428251281126337729126304463252996920071684096
102527377724203683954961041896138501500929817073119332957457997175466546837470746401102180172955648 2598107096362858639956083628266633570403678717760414359730680784567060431206145292925223671716303228380448 245177135931145742897630171527149834649281181047727572798201438717661862643069711247261301891452108800
102527377724203683954961041898726656380976278493407366405877215934584532887019609283915026253479936 43871020229386526041376 6183964726724345153541541252600214805396193639064666353425621704524169216
102527377724203683954961041978959457662416582522336405445653841663819676090972673436192393303949312 2598107096362858639956083628266633570403678717760414359730680784567060431206145292966355347257762118926336 7839106597622314736951047981995738938152483585474814913402562068178667742769627975186496848155149074432
119615274012006122445979778857380877884879921487060454248982009290804710623497385361171843572039680 18027967319854765778132606495322255453641535466403854757581902535242761834335385386231072 9191912421931148526497076766779762022825910382002580643749008220777746978456489662875172181503600444309504
119615274012006122445979778860400391911611778072100086630141143807933251729434704438329553463541760 304416 231584178475474890787431536761031167247688141825049191982689792166897949605888
119615274012006122445979778954005326740299332208328692941318632077336176907653980490262233659473920 18027967319854765778132606495322255453641535466403854757581902535242761834335385386516480 293567822847797149041185391312366761180108096894820575725632407473361692000245167467036162437181583472459776
119615502160035472738419136576380468531390779793795468326081330621846601349034921023604249371607040 1056811877370796614580187277311994285213469320444363899581268360501615601575580674294288 113959180340452394715939198070429070898548366212344997020921806448750728142271615431772683339340709888
119615502160035472738419136579399988317388587024008335722408428470454247695872481833014227401441280 16912 2871126480264874535572858438707242588219661332422880806947610077100507136
119615502160035472738419136673005101683320611160607227503797539316548360547517772249715988584693760 1056811877370796614580187277311994285213469320444363899581268360501615601575580674310144 3639585206038931842155843705926593078427938807541878352651189531654381452000184417050873536643462070272
136703170298938245273281389194851335334573089430825777276610662900622062449960995201469573563940864 152302642468090686317906075078654210912271893811956168376122262140199653076658313951408328401085200859136 8766090795419414978149169082340697761426797400949615155455523572980825241713201187059437179949285376
136703170298938245273281389198302208507968371324543155207836287912779377182692812378553368337973248 2437276060738874507264 220855883097298041197912187592864814478435487109452369765200775161577472
136703170298938245273281389305279276883222110029781873927538455551759568121296897914923191071932416 152302642468090686317906075078654210912271893811956168376122262140199653076658313953693418823215971565568 279968092772225526319680285071276390648302985195529104050091502434952419384629570542374887434112466944
136703170299435568509691175837006717582719910270926233427408010618062526426854154698482106939473920 1827635195547930871421869898068834374618561085101204319078910002155202493513908274493647609143446705543360 35064363181677659912596676329362791045707189603798460621822094291923300966852804748237748719797141504
136703170299435568509691175840457590756127746368114384720161307209066573405068233643805203958333440 15334044343360470140414269632 883423532389192164791648750371459257913741948437809479060803100646309888
136703170299435568509691175947434659131770665380947077647221293802669916465890263417442552753684480 1827635195547930871421869898068834374618561085101204319078910002155202493513922651066915603680730670104576 1119872371088902105278721140285105562593211940782116416200366009739809677538518282169499549736449867776
153791066586305525932441562844207752251394725609678999436186995763199820256206119601653270259433472 3511919755734797002154069495931320628094740139663930470793334988903108994084269234329423722056661965209600 73392095695728674993568422575283516161860073054974412668871802742009453079205918552941866482802883332931584
153791066586305525932441562848089984571464417740111049608815823901876799330529413925872539380219904 58494625457732988174336 1852676961491188696401299280805930215825048148347343596046861537601355341889536
153791066586305525932441562968439186493624873783504608168480762495729514136459010154288589955923968 3511919755734797002154069495931320628094740139663930470793334988903108994084269234384265892187800462163968 2348547062263317599794189522351639531373295488170740927698913851053726005935821742216687019784050251055235072
153791066586802849168851349486363134499541546449779455586984343480640284233099279098665803634966528 3511919755734797030750155589494052552029219408106128776569563659750602747478855374588341572147854094383552 36767684751954015853298191969426646236407603834299248922880641290357630856826314767584959650728157017800704
153791066586802849168851349490245366819623792783682279121140843198163995552904835191124375000580096 58494625457732988647872 926337597322061959008497108718541663564133027207940562687420657910554493452288
153791066586802849168851349610594568742173429134669811888163600746639862481052375656807951637676032 3511919755734797030750155589494052552029219408106128776569563659750602747478855374643183742278992591781888 1174272411259287710995005023805817286413652506568684282144258191342676547141179564291812720576670008214552576
153791066586802850117420144518457407409435055640950796720972057861567784844335807291490161645322240 3511919755734797020182036815786086406227346634986185924434870455306963751666171769572185556392047351440672 9191929954379737744818118159863417282034826967542944547604542539481287852066220152257568864219664048193536
153791066586802850117420144522339639729517301998798863081158070990940668463969407287798846382407680 58494625457732988478752 231584620193981072050326112462726960970805739916867101940002365514679112957952
153791066586802850117420144642688841652066939092088923455095744306740896474484124225086269126082560 3511919755734797020182036815786086406227346634986185924434870455306963751666171769627027726523185848680448 293568382792526641635952753704792602222709053336377773355650717853573051209933688318908204898557814221307904
153791066586865014573402572816632557280559899054792012605834011945320342230210924035792370306908160 28596086093562731923934479268442198305776228670847493753394586140258917850091192129173952 36767649687590834175638279372750316873616558127109645124420019468263338933525347914780211412979437220659200
153791066586865014573402572820514789600643714664128682810181470610199895080701762849280854453125120 473536 926336713898529569816332317069791292104875113465992124877941597107453847142400
153791066586865014573402572940863991523241998553565462353123955528003656024126546344622871847895040 28596086093562731923934479268442198305776228670847493753394586140258917850091192129617920 1174271291386916622092899745084677001308089913356743500027841990976666807331502025773530551077120271764684800
153791066586865015640542467227738614304190096894859771381570190623863780417852018252719773068558336 18027967319854765778132606495322255453641535466403854757581902535242761834335385386231072 266998379491085094745490577813393731945562004625223407656394911959247062980022563841703705313280
153791066586865015640542467231620846624273912531134839765200851877073652105649406458039634757681152 304416 6739986666812179877320607993488641220843691052573042946230840197120
153791066586865015640542467351970048546872197255661962865922617033117319266737263483935979022352384 18027967319854765778132606495322255453641535466403854757581902535242761834335385386516480 8543948143714723031855698489819659835586806571810210197206489304849751592730957711601362523914240
153791327327407820931639186879505523809839670228905185960812139287545302205142176998588553120186368 3511919755734797018068413061044493177066972080362197354007931814418235952503635048568954353240886002852096 119351745466425610269344645301249909043093549564006209937817608393942663711399420325589143235499424196067328
153791327327407820931639186883387762711940145871577420940874882812473705228833723642192573786750976 58494625457732988444928 3010600062430764116652287293635949211819244829214099698483763621829689594609664
153791327327407820931639187003737168677054890794416708530996637591453786640896709096183671552212992 3511919755734797018068413061044493177066972080362197354007931814418235952503635048623796523372024500060160 3816388976187503041327252578583389705115219641287743765315238960615985344096612533345690114758827809940963328
153791359920045607806538889883917745254645288306308459276390282228088487448759184173205463477780480 15914343565113172548972231940698266883214596825515126958419365814239530631184224037642496 119351517821471269962431703969416546574654423136419964109475121103551092011187260682280270093071892642529280
153791359920045607806538889887799984979499611888010717357382265176298318466121762356732578087567360 270592 3010594320177803586903216147919071797334068389891434852722149726609535393595392
153791359920045607806538890008149416449983642920780721076311121978419320703951421463920556751749120 15914343565113172548972231940698266883214596825515126958419365814239530631184224037896192 3816381697017090963463568266895977851929062785410128681558533658236922035333708532976856013011754523016822784
239230548023639252464652217733145219083649727344045566384866007793529073264324901099584287112429568 2598107967845569295687397245435489687580941475663859481245010939685595321569760767578356786006512432588064 110159640463636304734104426039013736201341624460614861538943486354852501847385551120381630937443865831931904
239230548023639252464652217739184247137104024861521751126038523143651106292087842927720230211813376 43871034175592012752160 2779011025119121098641161742858124247773883254139924812443303852125462187737088
239230548023639252464652217926394116794187247903283483092875135466489592556862936853634946057633792 2598107967845569295687397245435489687580941475663859481245010939685595321569760767619488474623363600646144 3522814994033120955180804513975171289029832333282171282199942173296010161804183615838873822730910551743922176
239230548023639253413221012765239491993543236535216907518853722174456573875561429292408645122785280 2598103900926252902274600365314161140753715272114448914178136882465765833206221885863735585985536146285856 9191929954112739365327033065117926704221433235597382542979319131824892940106973089277546300377960342880256
239230548023639253413221012771278520046997534076638335086055750936427779203152415024394701593640960 43870969093299741435168 231584620187241085383513932585406352977317098696023410887429322568448272760832
239230548023639253413221012958488389704080757860702594659807279026590626550294685421913263546040320 2598103900926252902274600365314161140753715272114448914178136882465765833206221885904867213583890019287040 293568382783982693492238030672936903732889393500790966783840507656366561905083936726177247186956451697393664
239230548024012244891959557714761755769759842974120908497964018581609421246994770722343687144079360 4066919316411440764199976094324959832698871666020708409523623684245945441416957383034356361672533280 110159605399273123056444513442337406838550578753425257740482864532758209924084584267576882699695146034790400
239230548024012244891959557720800783823223556144200173260282287615866503458869408876659106927083520 65082292271621408 2779010141695588709448996951209373876314625340397976374633824791322361541427200
239230548024012244891959557908010653480598664416657385882637264154672353815307960980524467318947840 4066919316411440764199976094324959832698871666020708409523623684245945441416957383095374858967875584 3522813874160749866278699235254031003924269740070230500083525972930000421994506077320591653231360815294054400
239230808764244224227440055126287608393947851123171296758693803600434091236367798999507036597649408 2598104481914726672762142776760065218871890444050078995187690319211455760115298868965824328845675615757600 119351745466158611889854531540950531329815615563014084212574360043927528602753233573760928023626278032637952
239230808764244224227440055132326643029420377949416892945772562757960815968016731378788428997984256 43870978390770065909024 3010600062424024129985499633687282458047489921545690412378128478709413692047360
239230808764244224227440055319536716729068709563030379735708172311303516716707270293010665972170752 2598104481914726672762142776760065218871890444050078995187690319211455760115298869006955965160957673766912 3816388976178959093183568938253809618290534692842666159565863682782425422757655245156461917415615685690654720
239230841357192838125095874782046943743845232225637355168520288864377566465543030859756780314951680 580988473788515509731300669856250781667257885534651088903149544684490979518344850577195524855702816 119351517821204271582941590209117168861376489135427838384231872753535956902541073930452054881198746479099904
239230841357192838125095874788085979202079453368082207807483082181964926844289408384110830561525760 9297470324778272 3010594320171063600236428487970405043562313482223025566616514583489259491033088
239230841357192838125095874975296078407340308783872644605824430605088018495132836099822152222801920 580988473788515509731300669856250781667257885534651088903149544684490979518344850585912453040996352 3816381697008547015319884626566397765104377836965051075809158380403362113994751244787627815668542398766514176
307582133172611051864883125688415504502789451219357998872373991526399640512412239203306540518866944 304605865924655145236978316344805729103093514183544780648604394914542257348175043841757597010435759932448 262709317521984572853928509691831230172134775849626803109112485863623513126496113621380176251350679552
307582133172611051864883125696179969142928835480222099217631647803753598661058827851745078760439808 11500516196555386287053374496 6625676492918941235937365627785944434353064613283571092956023254847324160
307582133172611051864883125936878372987249747567009210627970754167619504039698584646870720057442304 304605865924655145236978316344805729103093514183544780648604394914542257348185826255712929449234690768896 8399042783166765789590408552138291719449089555865873121502745073048572581538887116271246623023374008320
341757925748588923645649927172752476231533548655243936403489312497475067595226707228266162374574080 6988949581533217789596511022586774518980049197150967863406099798285119337388854118882812596240515072 4596210154192300828406414162730490501945365898979738999062457767351164131916129614350020411490871623548928
341757925748588923645649927181379659165053138958077421700446337504608115790332014351199188350402560 116218379055923200 115798494058347267036910507833955776703463945541650770110068086905928660549632
341757925748588923645649927448822330104160438345915467326392822562318624866865026656304658783535104 6988949581533217789596511022586774518980049197150967863406099798285119337388854118991774198553116672 146792030498588969060855966384450447605382849233980958206833656390251459620284737991063810090326380997771264
341758153896618273108091589238669578081887586419704026988349383745205395285932280721977254915080192 6698455344649030830268158867162295618671393376395676556008171317221246067257804690112958107180073488 4596070170145914715643254322587951440483853739367502666871525032195322239956387103053017863435139562864640
341758153896618273108091589247296766774673127346758659827698547848449522959588291161293699829202944 111569643893703184 115794960364217710268251341238954290866432290573857018872151843693526075310080
341758153896618273108091589514739616251024896085452279267806104186442403762476038418514885906399232 6698455344649030830268158867162295618671393376395676556008171317221246067257804690217561245400186880 146787551009104613452434851499889307183132476386217829741168854926212500381574583917935132092127435198300160
341758382044647622570533251304586679932241624184164117573209454992935722976637854215688347455586304 290494236886300583083093748653639274863279809325718246038817208863035806852052659973005650409030160 4595956210965574263248538383389881011412955191001290321874504110388873489228244831437586090751800222154752
341758382044647622570533251313213874384293115735439897954950758192290930128844567971388211308003328 4648735162253840 115792089237737445393715768380515583623844070912524595991344896083448974802944
341758382044647622570533251580656902397889353824989091209219385810566182658087050180725113029263360 290494236886300583083093748653639274863279809325718246038817208863035806852052659977364114501550080 146783911423898574520592695656183380590054048447410287862816203736680846000122583733518081218590791736229888
444285303472046620374574301525422222085509361490284232299782002144462166939266393901788647458340864 304605865924655145236978316344805729103093514183549378135226992581117332389256614452964595076090606650400 119351552885534013278013995882201315419745763992392272820048491221918336580766888099076683790688725137096704
444285303472046620374574301536637559899056581848336483937792955012820172066127061495550282718773248 15334019970553375400046658592 3010595203593753491095244822125572070800102032506422843662789251402325649522688
444285303472046620374574301884313032119020412947956288275192047970289420505588848064313272811126784 304605865924655145236978316344805729103093514183549378135226992581117332389270991003381641807425938948096 3816382816879850110704029450246340539356854811621357157206902671040176863637059122282256460500190619685093376
444285303473165597656496321470271832143839708380510258639076034508703210887276002770066847553290240 18389946490390666300300164326282444827992262619386871808 119351517821170831600354083285524986056954718285202669021587869399824044657465921246271935552940005339955200
444285303473165597656496321481487169957415175696371750340524248429466363566471759342366912864583680 15334015095991956451973136384 3010594320170221101903080030476821699340844118764474405853310190599225003212800
444285303473165597656496321829162642178254662488077996644478434014068516846784609930859576400281600 18389946490390666300300164340658990674849432764992716800 3816381697007479021801924171525200254251292218409416375090486470674167123827381583763974291000640883235225600
444285564212651592137362138918564611395807485269409962673609797951367184911309291801711396943560704 304605865924655145236978316344805729103093514183530988188736601914817032224930332008136602813471219778592 119351745466125171907267024617358348525393844712788914849930356690215616357678080889580808695367536893493248
444285564212651592137362138929779955791372934936231625757526994627129881742055949946618481504944128 4874561418948073522208 3010600062423181631652151176193699113826020558087139251614924085819379204227072
444285564212651592137362139277455632053901874607703184918025084815103344665433181503688992725663744 304605865924655145236978316344805729103093514183530988188736601914817032224930332012706792374660946231296 3816388976177891099665608483212612107437449074287031458847191773053230432590285584132808392747714170159366144
546812681195752981093125556793208834031873485298172620831345151651117508730771249514213473351892992 2317210845988146593560775857787147694939672147918848 3359617113266706315836163420852666417182468245851974302349983651445687806770241418071316239907410673664
563900577483120261752285730428761758255113993902156331266018984465066007606089109817748009378643968 70152078591883340580837112063445385894746768028169 205054755448407367909922083792277003001859634146238665914915994350933093674942378245919898404388864
563900577483120261752285730428761758255113993902156331277180246100072789207687944659577784466669568 3078 959230691833970425856
563900577483120261752285730428761758255113993902156331623179356785283018857251815532928775340687360 70152078591883340580837112061673345542166044213248 3464605148056290888206043527754312242719420378534848499298420640553365550731811463271488587942575734784
563900577485171720102476100327652710028719629867570712899219305434555307545660788057771176469463040 1624181267489982785540 1073741824
563900577489274636802856840125434613575930901798399476143297424103520344221606474854157960475049984 1075840002 442721857770102980608
563900577501583386903999059518780324217564717590885765875531780110415454249443535243318312491810816 155046360543745806551752704 1180591620718485045248
1093625362391505962186251113558810682676584715446606218212885303204976499599687970835128625366302720 12094252136747199455324686386843150169723510929304627755202576178707677662401792517 68351585149717784254845587918503358791359955135463116713704005309031263213427077349241053469736960
1093625362391505962186251113586417668063746970596345241662690303302235017461542499028426946703785984 253101216672052735381786946440668162798929231782283837440 1119872371088902105278721140284222139060822748617324767449994550481895935590080472690438746635803557888
1093625362391505962186251113586417668063746970596345241662690303302235017461542499028426946703785984 455582190009694923687216503593202693038072617208110907392 1399840463862146149586568668398411896670233124852181693509326156227687989712277781512930101647846146048
1093625362393495255131890260127432211669171998807008042816074694074738355507260608823178758885212160 13986922125642128325283469573249727387169217409495621393969580549 85439481437085064914005761567859775708181591314316338873280338171609021019672201749424750165229568
1093625362399463133968807699833296798646933848888213516625642866684023923229978522787329159441940480 87997377815889586131804003851060175200638955212869451682946570545790976 205054755448656029528126977113354694125933044566288893990314668209653325663388072550710627033677824
1093625362411398891642642579245025972602457549050624464244779211902595058675414350715629960555397120 55947154948921005433268952250897517780051800479423836285447438336 248661618204893321077691124073410420050228075398673858720231988446579748506266687766528
1093625362423334649316477458656755146557981249213035411863915557121166194120850178643930761668853760 12094252136659202007574719726148212407320028929956743632768688838105273412438982656 102527377724452345573165935217216192625003227493169561032856671034186778825917326149608446860722176
1127801154966240523504571460857523516510227987804312662532037968930132015212178219635496018757287936 7662477704357320276459018246268906402544463776760463360 68351585149469122636640694597425667667286544715412888638305331450311031224980792748639966134796288
1127801154966240523504571460857523516510227987804312662532037968930132015212178219635496018757287936 13792459867843176497626232843284031524580034798168834048 85439481436898568700352091577051507365126533499278667816731332777568847028337635872926524608872448
1127801154966240523504571460857523516510227987804312662554360492200145578415375889319155568933339136 77522368182788097441792000 147573952589676412928
1127801154966240523504571460857523516510227987804312663246358713570566037714503631065857550681374720 7662477704357320276459018246075100482086788474014269440 1154868382685430296068681175918104080906473459511616166432806880184455183577270487757162862647525244928
1127801154966240523504571460857523516510227987804312663246358713570566037714503631065857550681374720 13792459867843176497626232842935180867756219253225684992 1443585478357838216761148939285862268441177910003812371431492598609803239390786462554144048798800805888
1640438043587258943279376670338216024014877073169909327319327954807464749399531956252692938049454080 2015708689450533435427122071050644676856586617393812348872504430441494367531174405 17087896287367280659160173649356416916821636178853222159576332862577757806245124400183696695492608
2255602309932481047009142921715047033020455975608625325108720984400291156830751778638311137866678272 155044736366422265853640704 2066035336255469783040
2255602309932481062660528039744602536033698877262952453819518271685594917225941735096161771056009348 517518345443305590279 2048
2255602309932481066573374319251991411787009602676534235997217593506920857324739224210624429353342117 141012366265863 73786976294838208512
2255602309932481070486220598759380287540320328090116018174916915328246797423536713325087087650674886 282025808363520 442721857769029240832
2819502887415601328325660049680753170042123596578690567274397839606993646532427168870202213820011685 3591 73786976294838206464
3280876087174517886558753340759253004191240911789035724988070909906705052384627497085280840111357952 1737910160200207001820892407267055374081023612551168 7839106597622314736951047981989554973425759240321273372149961853373271549130563308833071226450624905216
3383403464898721570513714382572570549530683963412937987596113906790396045636534658906488056271863808 52614120270961801379629666068069961476477504463874 205054755448407367909922083792277003001859634146238665914915994350933093674943558837540615815692288
3383403464898721570513714382572570549530683963412937989739076140711698113143510893197572652044124160 52614120270961801379629666066741506121658236141568 8084078678798012072480768231426728566345314216581313165029648161291186285040893414300140038532676714496
3827688768370270867651878897455837389368046504063121763745098561217417748598907897922950188782059520 7333105493464974024149428109429639450466949592439041069606166637576192 80630964509760871066186020538449494399262439750364404384086938641783874787013081146997111896738524823552
3827688768384195918271352923532812541171576898307202772164516601853864055341910542026545710833336320 12059160159971146296438137592741888 293567822847797149041185391312135177001632622004033144188871376306114003858420118275053472645014685522853888
3827693983190327482278742591849925474823506186616614398706313755881985536559948633416244557110051040 7333105493464974024149428109429639450466949592439041069606166637576192 293333180592165996422656179130950455191411448687894820091604224707030907165920485690409222144
3827696069121135127629412370540799626156434784768266743117069711054535926267919418656455276846120960 669953342220619238691007644041216 3639585206038931842155843705923721951947673933006305494212482289066161790667761536243925926566361563136
3947304042396202040717332702293568970201037409072994990216406306596555450575413749200472966986465280 365083372865730067631050523157506 17917957937487618960033288043953563049416053589113351085746543963996216055811774797061369461469085697024
3947304042396202040717332702293568970201037409072994992716528912847169922390190235162477294360985600 365083372865730067631050523148288 302741817311790809948722434790639401282933641441659179944773606815680066478995746971148893665452869959025664
3947311571281170600367831507020555461535895733195250454760683910520937844518152426060803931023343840 20282409603651670423947251286529 222142651735774648569082257441633419918681270325091888074492327213510851481187576433079889938087936
3947311571281170600367831507020555461535895733195250457260811285376987212066708465963554493299916800 20282409603651670423947251286016 3753322243727648462223213821733838262946038743412752540906622360599479346626129085210779303604457046016
4374501449566023848745004454235242730706338861786424872851541212819905998398751883340514501465210880 57669888194366464517598830469549702123096241018810199464525168411223198269440 68351715519771608518034613293996862322435606604975753825219229353763540211001946550696161524580352
4374501449566023848745004454345670672254987882385380966650761213208940069846169996113707786815143936 96550451916172774033830929261319446986020043620352 279968092772225526319680285071055534765205687154331191862498637620473983897520118172609686658950889472
4374501449566023886687756255519013647102079229433278518211049788057006022848213011053488821879439680 23067984610168559773646358287105891553004718553676174555806057519013915789316 474284397516047136454946754595585670566993857190463750305618264096412179005177856
4374501449566023901864856976032522013660375376492019976354853218151846032627997462138678550045131200 30757303036084088269282139514805612184209130411163809470577701577318922715136 205054885818709853791316002488848197657008696035801531101829892254385602660962941752165735088521216
4374501449581938192310117626894642904196087883779660311045161830690130348962183476601766526666670080 607444078618349554774603142234893141003686092460760498176 1119872371088902105278721140284222139060822748617324767449994550481895935590080472690438746635803557888
4374511879190222681313766148677167386722523445304600442445144469859006692831006671624538121389998080 8062853981098198530529460596831894022795461459554197230264770071596798587426570240 130370302485407109521180524058200202307293977194619920040712988758680403184853549195737432064
4374528566588940813423784859784246836348418778933681353794909681121567803922614332878975913269657600 8062842447091227235262697180969202400417318282504125669855121002284691676236611584 102527508094506169362070563076662559701132124367096527577378037888455305517873931254651375910387712
4511204619864962094018285843430094066040911951217250650128151875720528060848712878541984075029151744 2923003274661805836407369665506497130794779148288 17087896287367280659160173649356416916821636178853222159576332862577757806245198187159991533699072
4511204619864962094018285843430094066040911951217250650217441968800582313661503557276622275733356544 155045179952125089140441088 1549527065141555757056
4511204619864962094018285843430094066040911951217250652985434854282264150858014524263430202725498880 2923003274661805836407369665432566039311865085952 288717095671357574017170293979526020226618364877904041608201720046113795894317621939290715661881311232
4511204619881373760819808802621221680229757038940565703104464350396063372086187141943397676555960320 18389981566496864477566036473044681465351892178449733644 68351585149469122636640694597425667667286544715412888638305331450311031224980792748639966134796288
4511204619881373760819808802621221680229757038940565705961747328968194197017360268757116907841126400 18389981566496864477566036472579546369080373660117630976 1154868382685430296068681175918104080906473459511616166432806880184455183577270487757162862647525244928
4511213224304926130887514241344681907254264232619745495132164826165177346510459973413473160404140032 887175071969172258816 562949953421312
4511215375414917140104821340823328867557602302970369206360845540506326104722699077447685881571835904 147862182966903963648 442722420718982660096
4511218602079903653930781990041299308012609408496304773203866612018049242041057733499004963323379712 591448731863312505870 590296373308659073024
4921314130761776829838130011138879506286861367683553587482106364860057578576941245627921260167036928 2317210845988146576811942302271666727664481046888448 2348547062263317599794189522349786854411804299474339628418107920837900957787474398620640158246448895713345536
4921314130763766164520796138995417609072532907281668816456632688052966131000575747230400700122923360 106710729501573572985208420278353725013831711729858086176772 85439481436836403295800868246782084584108180894266110797881664312888789031225622000918483477463040
4921314130777691173403243183687851738227961369077832931876506982341247857692954726115980000018563072 2317210845988146595570635884449005411012695080042496 1174272411259287710995005023804890948816330444609675785035539649679112414113971623729125299918759453721100288
4921314130777691203757444624714868471344553663961563618597058271710101390847021033209563084237045760 2317210845988146588871102462242813024102618639630336 293568382792526641635952753704561017602515072264327447243187990892602245470016821216968202533043135108349952
4921314130779680466348882330256473267220598869252117849925807059526396642582456411176987342500003840 18758693582177338683348214033154048 1174271291386916622092899745083750664594191383786927167710772199684561932218036033648652609480012817917542400
4921314130779680500497358951411867091976765200996314872486427260066356867380781006657268312245796864 12059160159971146296438137592741888 8543948143714723031855698489812919848919994391932889589213000663628907901678384668655131683717120
4921322474477050269812453980268408406782084667890477470107996249999158567322679156550162361176031232 2317210845988146587531195777801574546720603351547904 3816388976187503041327252578580379105052788877171091478021603011404166099267398433647206351136998120346353664
4921323517441459449809244476409599519343987580416342955436232485641546190915896395415442498802155520 10719253475529907819056122304659456 3816381697017090963463568266892967257608884981823225465410614586439587966943817098124133863285144987623227392
5075105197348082355770571573858855824296025945119406981394170860185594068454801988359732084407795712 70152078591883340073776871972153625296065485864960 1180591620721706270720
5075105197348082355770571573858855824296025945119406984608614211067547169715266339796358978066186240 70152078591883340073776871970381584943484762062848 2421939157959046274787757944923217693612173183832912741806173793364085362718332973577536343783271145410658304
5075105197364494022572094533049983438484871032842722034370483334861129379692276251761145685934604288 70152078591883340641684340874400397166588521887756 71671900101274884704284974597466488575215481238383531801485574321234888556760963362668518261551095877632
5075105197364494022572094533049983438484871032842722037584926685753477215874612084290045683181813760 70152078591883340641684340872628356814007798071296 1210968424111140451963598930798793790966840771003728153317900263731584677055033236970660760689125868150198272
5075105197364494053874864769109094444511356836151376291792077909431736899863081682124349500276343040 70152078591883340438860244837883692927116009022466 17917992113280193694594606364300861762249887232385708792190863116661941211327387287457746033251966788608
5075105197364494053874864769109094444511356836151376295006521260324084755871800956333167962705100800 70152078591883340438860244836111652574535285211136 302742394754793099187076277257828549402593668272587679969537615607996065640954846879998606438686598084174848
5075105197366545480922284902948874390258476668808136415992522394195571293596960534686322386125455360 567907468902246771870523036022796 71671831749689735235162337956771891149547813951838816388596936015903438245729738381875769621584961081344
5075105197366545480922284902948874390258476668808136416092973748910997767910947092519940588225167360 1624181267488906936320 1180591620717411303424
5075105197366545480922284902948874390258476668808136419206965745089218471644530302351756521321267200 567907468902246771870523036008448 1210967269242757766533302862117617872862759864530268641701733830924704492599849659700173003526263220624953344
5075105197366545516137901418515374272038273197530372455591816290587504753789116643844926677259911456 365083372865730067631050523157506 2251799813693440
5075105197366545516137901418515374272038273197530372458806259641481151954141367783400269085784965120 365083372865730067631050523148288 8810946523205808126601189067619573594198744216680792388875906934367311273605834191802404362526720
5075113801804458090744093167023682285724709117553871136706800596488994972769691882458666787691036928 70152078591883340398295425630580352079221506449408 89589960566140227868002217602461947763133035757313956006565075743228280079119575632099604555490903733248
5075113801804458090744093167023682285724709117553871139921249397216125546933490062348419624826306560 70152078591883340398295425628808311726640782639104 3935651131693362511368729221661015952085688529582688086709778105510546289869504634698683468073946259170276352
5075114877361505057615783366169285593403294514108179156120879313526920085809053119221033625601442080 324518553658426726783156020584448 89589789687177354195195626000725454198963867540952167474343479979899654301541513178937141334858155439104
5075114877361505057615783366169285593403294514108179159335328795484697844085768027667427205671321600 324518553658426726783156020576256 3935643625048875056071804775233372484409162637505201261204696292265825090910811382440513046515339050256184320
6561766775830871310496329639846044730452515843046690405121113942563647393433575080560605354168156160 29332421973859896096597712437718557801867798369756164278424666550304768 205054755448407367909922083792277003001859634146238665914915994350933093674941492802204360345911296
7330721489495504962692210642185108099288179378007086429589767842518413188079497456796893885656727552 465134209098702750247550976 590295810358705651712
7655377536756456078868870967653895908387328795568696036033232740596835401346810973687047366778028032 1737910712666324381044376640155826019143166858362880 3522814994033120955180804513972392278004713212183530120457084049048236278550043691026430518878785089556185088
7655377536756456109223072408680912641503921090452426722753784029965688934500877280780630450996510720 1737908134491109944668116886674896342186498377908224 293568382783982693492238030672705319112702152415407452851255101303389244806387913315289817864388003424632832
7655377536768391836542705847065625082343153796614405544329033203707728110683821084053091421666672640 2578175214448435419913452075973394806073196544 3522813874160749866278699235251251993782574151360781503132316599053685796654108100945957828440038453752627200
7655385880455815175278081764234452576941452094381340574264722008254746110976535404121229727935496192 1737908502801854864150439708600743438894593875116032 3816388976178959093183568938250799018228110668712680659932176400324377932836109554744083788936906271998607360
7655386923430170820003067993218751334466542507778630649839458629822877659017261068291546577968824320 368310744931541482981896993393146233089949696 3816381697008547015319884626563387170784206773364814647321187975359799800512528219221011301085053139275481088
7894608084780095331333523185193792229760441002353503690700578257186459417722721800849885732827824128 52614136996520700277597022219858666385785732736002 71671900101274884704284974597466488575215481238383531801485574321234888556760963362668518261555390853120
7894608084780095331333523185193792229760441002353503695700823469679892310160871161954689559885250560 52614136996520700277597022218530210607929365626880 3632902962596655985030204655034029536692360500064265436721367925580993662254732556371006767741652309400104960
7894608084780095362636293421252903235786926805662157948122172831757066937893527231213089547169562880 52614058943912505420416026844844710142347334132738 17917992113280193694594606364300861762249887232385708792190863116661941211327387287457743781452153095168
7894608084780095362636293421252903235786926805662157953122418044250499850158060033997811839408537600 52614058943912505420416026843516256338664094695424 302742394745982152663870469131227360334974094678388935752856823219120158706587535606392772246884193721648128
7894608084792404081434665404587137940402074818145989980432812613193110901150827498400945933972930560 78052608195222264368240744023874488921760770 71671831749689735235162337956771891149547813951838816388596936015903438245729738381875769621589256056832
7894608084792404081434665404587137940402074818145989985433057825694339844780380470324954588721971200 78052608195222264368240744021900315794079744 3632901807728273299599908586352853618588279593590805925105201492774113477799548979100519010578789661874860032
7894616689220059399505521819167491077000279087064652793036895518814325010800137431547406834584256768 52614070094285104685727597612703846748552819647490 89589960566140227868002217602461947763133035757313956006565075743228280079119575632099602303691090048000
7894616689220059399505521819167491077000279087064652798037146181142540641219749140013063501529743360 52614070094285104685727597611375392662844847685632 3935651131684551564845555467571136487547739127109951930555056912834514743237237978329838325802849740747977728
7894617764787363658128163867807549143546892663446032720561169532524459693362920082935657173448917280 11150372599630394943633589204237256008672258 89589789687177354195195626000725454198963867540952167474343479979899654301541513178937139083058341753856
7894617764787363658128163867807549143546892663446032725561420876089819217221618195640625273072025600 11150372599630394943633589203955231276138496 3935643625040064109548631021143493019871213235032465105049975099589793544278544726071667904244242531833885696
8458519417802913370898470240565667285184081520663197363233420372138238824783218154946086498630899910 1075838976 442721857769029238784
9022409239729924250642112158978410144134795509051809815278073086742379668903766940384647084224037392 193806437974610620237479936 73786976294838206464
9022409239762747521639617605242443360459514077881131406387508886952884920730572608924338823511408640 774014756011364207411855360 1180591620717411303424
9842628261523553659676260022277759012573722735367107174964212729720115157153882491255842520334073856 455582383109309665264311242056392741717126351817516515328 8399042783166765789590408552131666042956170614629935755874959128614219516925603545178290599768526684160
9842628261523553720384662904083329610322447027254421796491181449224148535516329541856916540959490560 12094252136673868190588125555100759333690904687619057818790173596388432532033504258 34175792574734561318320347298712833833643272357706444319152665725155515612490248800367393390985216
10150210394696164711541143147717711648592051890238813962788341720371188136909603976719464168815591424 13792465713810699421436101935830939484862914220424954882 239230548023141929228242431090989836835502906503945110234068660076088609287433955211860598883090432
10150210394696164711541143147717711648592051890238813962989244429801310205738383003872400120400052224 77522368182788095828033536 1992249767340346967552
10150210394696164711541143147717711648592051890238813963508237651311254815197313243931011496277966848 13792465713810699421436101935482088680177902798638153728 8661512870140727220515108819385780606798550946337121248246051601383413876829528658178721469856439336960
10150210394696164774146683619835933660645023496856122477832433578942525247319142829703802653157376528 77522368182788096096993280 73786976294838208000
10150210394728988045144189066099966876969742065685444068941869379153030499145948498243494392444747776 77522368182788100123000832 1180591620722243141632
10150221150252274238325099301507118950768948736054883782796646868686301934481029260328535676274896763 268959744 1536
10150221150307663531610467419122008257836775673435854660860015712469485187531548760676041436106332358 4294967296 4831838208
10150227603576092785279599943546887331018756453043803652818690144530500271436295836146101889741619200 77522368182788097979711488 590297217733589204992
10150235132467215716067823578463157801921120959648720480051385753655924120785836165147202539620931782 2151677952 1407374883553280
10389440942719306640769385578808701485427554796742759073022410380447276746197035722933721940979875840 2015708689443200329933523708614618281780925467417997457123798099732225878285877248 26876988169920290355395695892781301835106487793520748150615238125987517776817089596030442941380428824576
10389440942719306701477788460862734951660739384977724905597624100826636785316173527274480853642641920 2015708689443200329933577063979369068567418071628136633986305015588090807328965634 17917992113215008419021212278192989973159338831215500674897157205768952972769629266993892622700501794816
10389440942721295998217702787559733572292900705102812094736764349220108643668692278033828419202974240 53355364750786786492604210139176862506915855864929043088386 355713298137035352341210065946689252925245392892847812729213698072309134253883392
10936253623954845556660797669804149093281700446658477494414282800147459705290624459238374027212881920 4603884311493529035274073088708851193715097600 146792030498588969060855966384334649111324501966944047698999700613547995674743087220953742003420452337221632
10936260924691784739458930855913496536789540075096277114486353531150384734706825317161398394534494208 4419728939034457827205330784399188153610534912 146787551009104613452434851499773512222768258675949578399929900635346068091000726899062980248433909122990080
10936268225428723922257064042022843980297379703534076734558424262153309764123026175084422761856106496 184155372460411114753183542787045055392645120 146783911423898574520592695656067588500816311002016572094435688153057001929210059137526736322507342761426944
11278011549703434480306447596700831715640607105623049901315147312416677230642481430766503727244247680 139379657490816394634598239207573170522423296 8959201111395545254665213104234223158127945475827000634761346474325321538757368587287709431341892239872
11278011549703434480306447596700831715640607105623049902749363988002395591254932848692600451589341184 139379657490816394634598239204052259412377600 151379281451669874344007715333845106896053392653411049189593441257721370539578808696610686263480629537538560
11278019078588403012567022444876096076702290351850232890615529663591778044435765356059031353732104832 133804471191204021258817961309694015030952449 8959201111395545254665213104234223158127945475827000634761346474325321538757368586107117810624480936448
11278019078588403012567022444876096076702290351850232892049751107782931283433910816455945655945396224 133804471191204021258817961306314116287168512 151374661978139132622823440609141434479729766759573002724927710030200632718844499614659657612030039436558848
11278026607473371544827597293051360437763973598077415879915912014766878858229049281351558980219961984 5575186299652938194987581238727049994043905 8958978968743809480016644021976781524708026794556675542873271981998108027905887398530684730734542848512
11278026607473371544827597293051360437763973598077415881350138227563466975612888784219290860301451264 5575186299652938194987581238586037627781120 151370908655895404974361217395319700641466820720829589972386803407840033239497873485574446832726434979512832
11278028758542333308784171404404410847528984440848116315373050636730645849851671725465257458674958336 155044736367550364783746062 590296373308659073024
12029901931479803015700037976919151752678037953652654653447665500740763023347528213411266842863861760 16125669515545602639468189668916946254247403739343979656990384797857807026287017984 170878962873672807777312730283682010305583248277496398013247971601936953826496904242867414467870720
12029901931487760263368098165761179701439867822387969242579440214694010495876741020789416017767957120 14666210986929948048298856218859278900933899184878082139212333275152384 1185710993790117841137366886488964176417484642976159375764045660241030447512944640
13123531465752817198044020113352676761642493036272960293149022360677569495241280307368807052502630400 8062834757772801319734094834458473127123701869671989828495192398928903513143508992 102527377724203683954961041896138501500929817073119332957457997175466546837470746401102180172955648
13533613859594886344660398002408504210175707460269060465495515055542961982565270497661269359957393936 155045253883216572054503424 73786976294838208512
14217129711105491851986377649172401916769810619146767486009374560410245506116065967857609047000743936 607443113111988839322258692778068692381345781706397843456 3816382816879850110704029450243329944153261058130261912384777098969376761604552699438593671248788294035570688
14217129711141299125007882287407589438637285622283896010896775949742923634127096298955741211666677760 607442920010716696231789802886703802656877719555525312512 3816381697007479021801924171522189659931121997307513295060009648974826279708617109358120980810041658232012800
14217138054804850948395588445752958585323933917959412024240863828068156215745790398291791408158212096 193101272143090468889891364889724468062150872530944 3816388976177891099665608483209601507375025892655379307670998073939404412032198444881193468661894790955139072
14661415014577538472360951950338933328821808929179379665892806070767251508995791118662861845371551744 18389952336408365996511143017398150587993313730717811714 89589858038697318513075559086659461362602434726343235898634808325210748118193397958137460666951631123456
14661415014577538472360951950338933328821808929179379669469984980279449012214673512688128404119093248 18389952336408365996511143016933016231034120165188960256 3935644779907345426663530370563434004908050466196832597146801383312169785404694971296050018623218114556343296
14661415014614464722664378608518970460746710376556838535089509138787205959280108211316042448806871040 18389946490390666300300164326268844412521598041171427328 89589789687112169043952922445964863936934767439798520485746170019879297807162172977344712026985496327168
14661415014614464722664378608518970460746710376556838538666688048302022428639062127284801230434467840 18389946490390666300300164325803710203424869466203226112 3935643625038962741233234301882258086803969559723373085530634950505289600949511394025562261460355467031098368
14661423619017502540532950584312632176061647013890528768229123332395117102073206749360382947127984384 5846017699696210978691129306175471715689546384386 89589960566075042716759514047701357501103935656160309017967765783207923584740235430507175247618244621312
14661423619017502540532950584312632176061647013890528771806307691742097343273551490746502345763586048 5846017699696210978691129306027609250698985734144 3935651131683450196530158748309901554480495451800859911035716763750010799908204646283732683018962675945190400
15789216169527367329064000452005329231143191829260377275761046890802038097815262450468177965066747904 155044736365576191656067072 295148468130379991040
15789216169527367438623696278212217752235892140840667176736627901799164420581592145673132397392065436 517517640380398436352 2048
15789216169584808162869330809174275880804149636291979961178140552167548611278502065617592941144965120 3097874011258880 1073741824
15789246285067241458106299844706386675389924814169109232962576891578120712786609906947156061414490112 1974173127678990 562949953421312
16353116747061774049571045429906364783738446722297893147589203620264173845472271480082590549603254272 155044736368674065667325952 1180591620718485045248
16353147938105357224467239124874471913796707843246577419854097494848767881100417403623840206465007616 465134209098702750247558158 590295810358705651712
17498005798264095394980017816940970922825355447145699491406164851279623993595007385788105416184430592 110159605399273123088333908026963855004794990057515337936107182879689037050440975233539353746238581822717952 3485930842622925254468675424468709051031613780486057320555662598828224838393524351225534909771677696
17498005798264095394980017817382682689019951529541523866603044852835760279384679984454831147260575744 91794178742882414585525551796009495688122722376736897324298970202121581535166464 2090694862362245919518973588060783891185664
17498005798264095394980017831075747441052430083812079497349861427043222209586550268725448026819133440 110159605399273123088333908113026325330430252928145254520634534087758684993058066291609627606505835655593984 3359617113266706315836163420852666417182468245851974302349985742140550169016160937044904300691301859328
18044818479459848376073143373720376264163647804869002600512607502882112243394851371205669728867581952 88653318322320212763005187842757040008365654925766107641102849000698707705856 205054755448407367909922083792277003001859634146238665914915994350933093674941520472320470910238720
18044818479459848376073143374162519389504918297501541647939729445929761411924516907613836714706993152 160066094252360359477812630291795493610610063833832880078848 29975959119811575808
18044818479459848376073143387868956275084303569110252118180509680406885636344148527043641238873964544 2192252455996354393151159751927292048192688881664 3362897989353880833722722174193342849230497999998314121004622307355302736269040481983821625783509581824
18044818479525495043279235210927029846261907155714494696790712265671599621393540189802135029675458560 80964154323035140621083930098460327340629013880982008173085987046453164376064 33554432
18044818479656788377691418884456050759775884872140400794492677905155276040331586754178731659612389376 55947208304285756220055444811160014434577556301562993298146066432 13835058055315718144
18044818480050668380927969905043113500317818021418119087598574823606305297145726447308521549423181824 8062915721772697724418015387660695190705850341383059474209278004870020774305464320 36893488147452657664
34996011596528190789960035633881941845650710894291398982812329702559247987190014771576210832368861184 43830537577053543971082528229340162092078543073266096253649162079418509356344643985434090190887976960 1161976947540975084822891808156236350343871260162019106851887532942741612797841450408511636590559232
34996011596528190789960035633881941845650710894291398982812329702559247987190014771576210832368861184 78894967638696379147948550812812291765741377531878973256568491742953316841420359173781362343598358528 1452471184427275667905985556809875625207151069487737352885303780077988635773499891056491927512809472
34996011596528190789960035634765365378039903059083047733206089705671520558769359968909662294521151488 10026372163525712263672295205307865222830481259047387143048762994929944027071428689920 696898287454081973172991196020261297061888
34996011596528190789960035634765365378039903059083047733206089705671520558769359968909662294521151488 18047469894346282074610131369554157401094866266285296857487773390873899248728571641856 871122859318236291766353109726074972930048
34996011596528190789960035662151494882104860167624158994699722854086444419173100537450896053638266880 43830537577053553371399287031592625005271114937120813212028469284679302886452617472259568741300305920 1119872371088902105278721140284222139060822748617324767449995247380183389672053645681634766897100619776
34996011596528190789960035662151494882104860167624158994699722854086444419173100537450896053638266880 78894967638696396068518716656866725009488006886817463781651244712422745195614711450067223734340550656 1399840463862146149586568668398411896670233124852181693509327027350547307948569547866039827722819076096
36089636958919696752146286747440752528327295609738005201025215005764224486789702742411339457735163904 10078543447252667247068887091667651859914322680340241992365164470115416045927792640 68351585149469122636640694597425667667286544715412888638305331450311031224980506824106823636746240
36089636958919696752146286747440752528327295609738005201025215005764224486789702742411339457735163904 18141378205054801044723996765001773347845780824612435586257296046207748882670026752 85439481436898568700352091577051507365126533499278667816731332777568847028337278467260096226263040
36089636958919696752146286748325038779009836595003083295879458891859522823849033815227673429413986304 4031417378886400743787779837443986349722876096543817631717284392132076552323072000 4611686018427387904
36089636958919696752146286775737912550168607138220504236361019360813771272688297054087282477747929088 239452428261166258639344320189846890065212139812945920 1120965996451293611240907391397780949743499333332771373668207435785100912089680160661273875261169860608
36089636958919696752146286775737912550168607138220504236361019360813771272688297054087282477747929088 431014370870099265550819776341724402117381851663302656 1401207495565136526685774301863644720788075149388170152194393857552129091264731177795468037496313479168
72179273917839393504292573496650077558019673190006166591758917783719045647698067630455346858827972608 8062834757816799952694884672269852968260911609497259574893096703928168135014744064 64563604257983430720
72179273917839394005136897273595853654443446055216571658844556600421466773783039775713542265156669572 26912651156287764774775605911643674856103636121323331523763496147158002827264 64
72179273917839394130347978217832297678549389271519172925615966304597072055304282812028091116738843813 7333105493651717800777181856393454278569731358810080789332987014545408 2305843009213694016
72179273917839394255559059162068741702655332487821774192387376008772677336825525848342639968321018054 14666266934084896969304289476290886036375775978881502971435717828280320 13835058055282163776
90224092397299242506421121591994817068054307569020714573555695750526833467228799719641927831445836965 186743776627753752724114735340428075879045074472805026758656 2305843009213693952
104988034789584572369880106901645825536952132682874196948436989107677743961570044314728632497106583552 82583964560578747038279470565305632326502775603142352896636189358446051377159851094020268736458760726249472 7860432292188949103213679878703951781737952642272482193409991404797947164684968162456642309006032896
104988034789584572369880106904296096134119709177249143199618269117014561676308079906728986883563454464 68845714303766585053124630748002367758943689170605182212848135411864882825396224 4878288012178573812210938372141829079433216
104988034789584572369880106986454484646314580502872476984099168562259333257519301612352688160914800640 82583964560578747038279470629852560306666149101388813702000755535468942548465182761884509221944190130192384 7839106597622314736951047981989554973425759240321273372149966731661283727704375519771443368279704338432
108268910876759090256438860242322257584981886829214015603075645017292673460369108227234018373205491712 65585443708734054883936144688464822306813467250028330198873327443928233803776 205054755448407367909922083792277003001859634146238665914915994350933093674941557365808618329341952
108268910876759090256438860327213737650505821414661512709083058082441313818064891162261847433243787264 1644191258467556293113427064585672066301819879424 7846761975159055278686351739784466648204495333329399615677452050495706384627761124628917126828189024256
122486040588294269384683293549958018954117039602749905150957577513784023678461322609839967817768632320 573040699153176658423539195442088706729029353251117743090327441635204281033351598289453056 304605284937289522320565896747210571840072911014926968457873935092602700428841177630149131971632910303232
122486040588294269384683293553050001317490460745830488709264531259323649770941137344849462746666762240 477712550469867952850958918263796244931053658745490882569437184 182687704667027480041006080105855911742184357888
122486040588294269384683293648901454582066516181328579014284853052813640486921297858614522284500582400 573040699153176658423539195889972469752339799112328990015040855756939546706749388853608448 293567822847797149041185391312135177001632622004033144188871558993818670885900159281133578500926427707211776
122486274211876324084141195854213599776144158508846559565907282556770919781411759128170751356525608960 31890852534777568428213886663243463800512792530706246584733798310499477779298703613362176 3776425079508169025674398376507768138617581595526562097268634482063910241592984713827662818919317504
122486274211876324084141195857305588037005913112584535779746230753745149640573421397006568859075870720 26539586137214886269497717681322013607280758819193937920524288 2264919434225766412812221387065849215451136
122486274211876324084141195953157224123720305828461798406258375782407018198485336938848780200993587200 31890852534777568428213886688125895079585595078551315858328987983929214761154136422481920 3639585206038931842155843705923721951947673933006305494212484553985596016434174348465312992415577014272
126313729356678465302954646473394207046433197090335839686925001811089774418413238973679268941183057920 455089875815534355378094733193964670569474834337112831033344 17917957937487618960033288043953563049416053589113351085746543963996216055811774797061369188789681913888
126313729356678465302954646572434267123238093079635781786444491366655308221342594267057305212409610240 11408855402054064613470328848384 293854510174796950944545923920838434010423278861458957806243321009537943315313106671806454551903378786484256
126313970280997459211770608224657774769148663462248014552341885136670011024580876633207951038177345760 26677682375393393246302105049266407568549125339720498282496 222142651735774648569082257441633419918681270325091888074492327213510851481186647178347176819425280
126313970280997459211770608323698023749876740613230065149370567196144761833304381190645613656061214720 633825300114114700748351602688 3643139488466704236532949022042788086666372833331506964421674166301577964291460522149140094598802046976
139984046386112763159840142535527767382602843577165595931249318810236991948760059086304843329475444736 4595956210948854240063871559845858250731598886856058423905078384003718772780519821889296017390226712297472 290494236885243771205722952039059087585967815040504776712971883235685403199460362602127909147639808
139984046386112763159840142539061461512159612236332190932824358822686082235077439875638649178084605952 3824757447620100580084829098568222456278324180986939880928333321761380563419136 174224571863520493293247799005065324265472
139984046386112763159840142648605979528419440670496635978798891416345777676692402149803584214553067520 4595956210948854240063871563431794514299734813879772365892882030334673610394576039486248072135286445834240 279968092772225526319680285071055534765205687154331191862498811845045847418013411420408691724275154944
139984046386622022153923764057094878804705188117428463029665802872896027061098654411245677506021294080 55151579724475796296437178191995773737204064519909123520001392735195571930810891013339415097443112896692224 1161976947540975084822891808156236350343871260162019106851887532942741612797841450408511636590559232
139984046386622022153923764060628572934274812280949129953445178582084171166789871251256528853333442560 24063339089551080707048149545224286422548831441756606409150715939366941235083181293568 696898287454081973172991196020261297061888
139984046386622022153923764170173090950933161350089804587754117774644160556481483266988025468000665600 55151579724475796296459738995248134305776140883390029166022912027493377793584276405483135663918011130052608 1119872371088902105278721140284222139060822748617324767449995247380183389672053645681634766897100619776
144358547835678787008585146989763010113309182438952020804100860023056897947158810969645357830940655616 3844659212957764301173255361707934542773786391989077154917382782741236416512 17087896287367280659160173649356416916821636178853222159576332862577757806245126706026705909186560
144358547835678787008585146993300155116039346380012333183517835567438091295396135260910693717655945216 8062857825728079066319901867657126099183038215867641363276627725329571119531819008 48422720785673617408
144358547835678787008585147102951650200674428552882016945444077443255085090753188216349129910991716352 91343852333181432387730302044767688728495783936 280241499112823402810226847849445237435874833333192843417051858946275228022420040165318468815292465152
144358547836203960346233881683879093767352225246098102499342859212674027906757987398490593075637780480 24188550409316956718295798384492193379920986718676440351899270413037900808643936256 68351585149469122636640694597425667667286544715412888638305331450311031224980506824106823636746240
144358547836203960346233881797067733855129249233869464898793704419034637967248679162351205957039554560 574686923953027014923938639768110824033761676878675968 1120965996451293611240907391397780949743499333332771373668207435785100912089680160661273875261169860608
144358823177757636188400455726566972781435304401836941056162610038407420057624710769286359211990581248 46136013219026027278664323436825808608247814642631536288402930886054569312256 17592186044416
144358892013277348483354282909883677197784293907293093024323803656149752248181854646380275585574240256 7689318425971475757295431728666450333088159836372106725176771903379333971968 13835075647468208128
144358995266556916925785023684858733822307778165477320976565594082763250534017570462021150145949728768 30757273703662114782873596148440230971754310357666926581071069697711978577920 18446761665895596032
157482052184376858554820160352468738305428199024311295422655483661516615942355066472092948745659875328 110159605399273122292057241130344217583758587972722384603488281913627567866976945424838728257796058239729664 2293502990491521093549013205419713725011527636205409793378520020868186706834003249729475806850222496153600
157482052184376858554820160356444144201179563765873714799427403675521842514462119860093480325345181696 91794178742882413922035898365637338950679780343686557142279999722273133522059264 1461504424924052744672782326506902312674746433536
157482052184376858554820160479681726969471870754308715476148752843388999886278952418529032241372200960 110159605399273122292057241216406687909393850221291519211195569425570483969714294647165577571677491844612096 2348547062263317599794189522349786854411804299474339628418109382342325881840219071402966665148761570459779072
157482052184886117548903781874035849727530543564574162521071967724175651054693661797033782922205724672 110159605399273123184006465631296560289436650047245729337645560471807776804642370165037787084134692662804480 1218422301721673039972844568156930305778663181052520040625985514976556844383190804822016108111392598392832
157482052184886117548903781878011255623294763810490653820048223434919931446174551235711360000594018304 91794178742882414665144310207654154496615875420702938146141246659703395296739328 730751515563738918254427661668812053109473804288
157482052184886117548903782001248838391985591433901884085103979201687382766068033535713473494819799040 110159605399273123184006465717359030615071912992522939759391319323412632568045030243397271889968244923039744 1174272411259287710995005023804890948816330444609675785035540380430627977852889878156786968730812563194904576
157482052184886118520238227986900385187261496976333615842275387250245411680599866666485925524809973760 110159605399273122865097940283520876007297783414811091332517635164745310957304387060043009291147656529182720 304605865934106992167204717403911230514706012490517981490799323525840309672205840929911862817742649294848
157482052184886118520238227990875791083025717246770035795105864694723244507104673062706018695585464320 91794178742882414399748448835505291801638698607482802073333658467764016091496448 182688053121488119065151672906182984180749565952
157482052184886118520238228114113373851716545630299054329642494207230821292951883231073880722223923200 110159605399273122865097940369583346332933046111263988963535368537899473984755150404105124278426880698220544 293568382792526641635952753704561017602515072264327447243188173580655366958135886368641108716027315857915904
157482052184949774923164234564231738655293336632107020908374028232008030443735986212651387194273955840 891949224500952342705678062074523344734157278558180208937665424740199058826338634423074816 1218421139744725498997759745265122149542312837181259878606878663089023901641578006980565699599756007833600
157482052184949774923164234568207144551059163816067771197625825904844692562638605157663594960000122880 743108411842016815545936095077016381003861246937430261774680064 730750818665451464172454488677616032848176742400
157482052184949774923164234691444727319799806518851030161223382496474680626041668675361528651500748800 891949224500952342705678062771231420548195749897842148598330735596231694318290753078427648 1174271291386916622092899745083750664594191383786927167710772930435380597669500206103141287096045666094284800
157482052184949776015915486441204341047490659220336405894727875198836511147880466690785047622203736064 573040699153176658423539195442088706729029353251117743090327441635204281033351598289453056 8343699359096409210796580556457929539960932023371962489471137872558264379037526590291443712000
157482052184949776015915486445179746943256486431882075919565672322123419756184992213032585991865499648 477712550469867952850958918263796244931053658745490882569437184 5316911983159006304729062307916677120
157482052184949776015915486568417329711997129989797846686329211877711048968785999582641986782330388480 573040699153176658423539195889972469752339799112328990015040855756939546706749388853608448 8543948143714723031855698489812919848919994391932889589213005980540891060684689397717439600394240
157482319183265608633998527364613656381275822314398910423871630630446389458065589246554678395070840832 110159605399273122801316235213965739150870010088324163731492050103332817787836790439044053732550249302458368 3816532320124248666664147313872363417541247173619707977514411711258116803631012693322854186290994334400512
157482319183265608633998527368589069017026709372495279043455879999973074154325733009605195557632999424 91794178742882414346669276561075519262643263244838774858772140829376140250447872 2374944690507567236074334834073093370226266865664
157482319183265608633998527491826860725304208173482706247359433749794100150712649627409768256526090240 110159605399273122801316235300028209476505272735012198804364178380796842268097174436246694756118607853256704 3816388976187503041327252578580379105052788877171091478021605386348856606834634507982040424230368346613219328
157482352558126702393895823241131771140756775225659862299023649001562611147529404593362394601247211520 509258994083621521567111422115601779128003768189705249920859845014205325474754191062728704 3816525040680430248202586511638388791707640607602695786041771727210478477054654407275416933904503623647232
157482352558126702393895823245107184619007602573322974573959439540529478109308684653294159961668976640 424633378195438180311963482901152217716492141107103006728388608 2374940160668698784541509209630319238527835963392
157482352558126702393895823368345002444783250350879455093760768863094737683766861778519860258420326400 509258994083621521567111422513720679593168608955226358298382879789081117184441116008644608 3816381697017090963463568266892967257608884981823225465410616961379748635642601639633343493604383515459190784
162403366315138635384658290363483386377472830243821023404613467525939010190553662340851027559808237568 88653318322320212121171535399468931906156186386936584091784137285542388695040 36893488147553320960
162403366315138635384658290490820606475758732121992269063624587123661970727097336743392771149865680896 2192252455996354377305527249074424529483898814464 2350840565253809120887738535555206568136815827110545038211484979354344220441563729088043164044474591016386560
162403366315663808722307025057599470031515873050967105099855466715556140150152838769696262804505362432 88653318322320212843038234968937219747271970073565330346750225019860202553344 71671900101274884704284974597466488575215481238383531801485574321234888556760963362382593728406517448832
162403366315663808722307025184936690130213552802979717016974214099441523603592827689394847195913519104 2192252455996354395052635652269636150437743689728 1175419161660908109150273583398450412633533892309489921544363418868252172330879799142923283067833404172009600
162403366315663809723995672611491022224363418756844041337346493101815580795618612541318784863440994560 88653318322320212576261411215003287284250919580901254661258971622655219728384 17917992113280193694594606364300861762249887232385708792190863116661941211327387287314781312570244464928
162403366315663809723995672738828242323061099294260617948233280394353815663592058065621169373945528320 2192252455996354388714382651128489142954227662848 293855070666347468434425363815600627971267528389585579515886416664958302350358634518937902655094493326344480
162403366315729455389513116894363980488271253401860365311760716614258281395102735823301917210092503040 721866699569468287841115783686628746254966087734317813858304 71671831749689735235162337956771891149547813951838816388596936015903438245729738381875769621582880702592
162403366315729455389513116898343268616357164401430452271116410391044396592541861708219215267079127040 80964154322979192957689768526705916517723120683991615449363654329512516124672 36893488147419103232
162403366315729455389513117021701200587020405388103148011142917471413967713154764057645106701669498880 17747108403195211620953844875264 1175418040694911657856662342491059014852584148810156588772989750660816387229967709462762621793958143002148992
162403366315729456516412845392491976705224742320971918578938121298800152121251731316377254526395089184 455089875815534355378094733193964670569474834337112831033344 70368744177920
162403366315729456516412845519829196803973895190794161558809367053190296280653898230899719151955509248 11408855402054064613470328848384 8552291843073819441066495070369377778459955323956261551702466484589483007051117466253483954929920
162403641657742658903810981344757833143190691761723876374617619087647839128630138952014756629641691392 88653318322320212522906046464216500791646709482368439524160720943214223163392 89589960566140227868002217602461947763133035757313956006565075743228280079119575630241092635947951980960
162403641657742658903810981472095269132086292841373183717461157904572327731549155602067199702943924224 2192252455996354387446732050900259741457524457472 3820115918547061149766048723676649006522566991308953872043108483094990480223714252430065011041277749684601248
162403676075568161843705067717417138988905424451461732995868138032861442745889698528410222763370873120 401734511064747568885490523095431855432376583657671834468352 89589789687177354195195626000725454198963867540952167474343479979899654301541513178937138880741441012128
162403676075568161843705067844754601964127237931295798049190729252186122357105632959401503272078704640 10141204801825835211973625643008 3820108632268084216357575657778604920946393658563287209029179639746657877067785669509020712761088552080507296
234583087663856158806150740555671330769832369652985029216264241312412057593640155000090333719484694528 24188504273421067548005104018554972058905961884218695850373604832008494384798498816 18446744073709551616
244972081176206594523803870958740704341657320800302659978102791980573771022668698725974310003127877632 82583990858851133296524405012812879369301298923906247107785923312370520392579464630014732977273069218299904 3511920917711744567498039382773630822564193227511362165062548969122797771174887342019395968067738986872832
244972081176206594523803870964924669068394521458198273153063447699098732843097951157985515736896897024 68845736189204250726002400703613207039391398893071732965143901832229196492963840 2192253152894641846599336639024044118805827289088
244972081176206594523803871156627575597247741852962281571853286336903493814000784879340713628915466240 82583990858851133296524405077359827868356561430498847956679668038990081701031770560438201960943015977549824 3522814994033120955180804513972392278004713212183530120457086241301389173191890290363069542922903895383474176
244972081176206595495138317071605239801388274212062113299306211506643531648574903595426452605732126720 82583868133579997424714710924445726502908190093674740789087164860722998320621268128707233186806296255397888 304605865925763292808108308193114649958248082950557049467427361036369171799647576550874336227451205582848
244972081176206595495138317077789204528125474894477655128121088958902045904028072984980174431888343040 68845634057161810919239474244095957063968753521561162787763658537195732710981632 182688053116171207081992666601453921872832888832
244972081176206595495138317269492111056978696049359451816391801342446932340884634574701120856319590400 82583868133579997424714710988992579247134637227985354768178076355891432322387694167187635845615162023215104 293568382783982693492238030672705319112702152415407452851255283991442360977594995307956419318309876257521664
244972081176588538769366587099916037908234079205499810301915155027568047356922645219679935635537264640 122725271136444850393241543811289932304272320213047728111702765265162285638136511780823818371252355072 3511919755734797026522954559881822666327842883640102003043442117235264828433274544177945559556102396313600
244972081176588538769366587106100002634980921491660977418529062518647299541882274689698925493333524480 102132042440284475476929385202826381563635306815108433902040524346351419392 2192252455996354392517363466032848098544530227200
244972081176588538769366587297802909164133032362657158028569706105627280973842595717229044569001164800 122725271136444850393241543907044761120092485962940841390795427639393684932150190112822077242807943168 3522813874160749866278699235251251993782574151360781503132318791306141793008500618309423861288136998282854400
244972348174586085608898616449318510995402599550127407880902454886844509426040626175495205475992993792 82583885665761588263544667222783891198107205640850670263186987496672644330901010486036876014015835250098176 3816532320115904967305081258863007864001522360672041162973956036375505855438474007855531943914226017370112
244972348174586085608898616455502482462126467020202898376471104264151875551249132931879351293935878144 68845648647453588034491320881169849917600560003205529955960836150771941822693376 2374944690502250324091195170581478141985145487360
244972348174586085608898616647205597930566358592543103734108740885010211198645400971037008390621757440 82583885665761588263544667287330757621594912114058710937964018024905525090765419366223431004947712588120064 3816388976178959093183568938250799018228110668712680659932178775269068435086433645939254370415048257144094720
244972381549765466240098175776816070393697517799052651692564775797122628060716063600390943042510520320 17532181591411870655451514823118738210989264636203129175887067389100607183992533923860561137284153344 3816525040672086548843520456629033238167915794655028971501316052327867528862115721808094691527735306616832
244972381549765466240098175783000042702929360248916180794862676154332085088552354185329490495002378240 14590291777592964397106941845704590724745440612099250836359067091681148928 2374940160663381872558369546138704010286714585088
244972381549765466240098175974703184289116476194685582961107092472247338031567788820387376175920742400 17532181591411870655451514836797999470776045825922125740781343082783418580955975341866081939418513408 3816381697008547015319884626563387170784206773364814647321190350299960463894400777590557439789063425990066176
252627458712963050602672741926201351352334112075312118102418504229966701367127095625724611448843272192 65585465708050535278858217136749133837505812528499658871723869039670169960448 71671900101274884704284974597466488575215481238383531801485574321234888556760963362382593728406651666816
252627458712963050602672742124281471505635070648530977607876762501475951785313570324613053390283341824 1644191781141271883674906944329069081497792675840 3526255243050731424863598268380568442338702189929803099090342920189884946790815218068448526655749690176307584
252627458712963051604361389480092903545181657781189054339909530616226142012592869397347133507778904320 65585363044573626769221879044755680027608201228966791731754674926207801229312 17917992113280193694594606364300861762249887232385708792190863116661941211327387287314781242201500287008
252627458712963051604361389678173023698482617139811878539135828796388243845312800700839375568315351040 1644189341997265794388000838859883010583252959232 293855070657795176591351544374534132900898150611125624191930155113255835865769151511886785188841009371414560
252627458713356930605909292946788414092866394180671679373850003622179548836826477947358537882366115840 102663476908964726213907527809187992344493497537709444028450575199764480 71671831749689735235162337956771891149547813951838816388596936015903438245729738381875769621583014920576
252627458713356930605909293144868534246476186159271563572888982733310616442685188534114610424819220480 2439144006100695761507523250684384868564992 3526254122084734973569987027473177044557752446430469766318969251982449161689903128388287865381874429006446976
252627734055041900784176698213359714464008930786068889377180656602058400345604395808043105273979601152 65585377710784613699169927343611887714736431414614344180321702656702425333760 89589960566140227868002217602461947763133035757313956006565075743228280079119575630241092565579207803296
252627734055041900784176698411440050507507810686924444308363706306606755913269898237285405897313746944 1644189690446409521428987425355481020713901490176 3820115918538508857923006017292059564144349058037595387139141416340319708161144817981138618213967005397025184
252627768473195637060101243769841572593500565230273047057957425040782710187613440652466843435644485920 14666210987385037924114390563065222963379612223018041862067607455137792 89589789687177354195195626000725454198963867540952167474343479979899654301541513178937138810372696834464
252627768473195637060101243967921935623583018702464213610936794514082771086636057435871006995228426240 348449143738449841988549662623600977379328 3820108632259531924514532951394015478568175725291928724125212572991987105005216235060094319933777807792931232
270672621369693227868751047704733508439225347862258351307083316461937228449188001064129320642921633990 55947154948921005433268952206949917169413019431541715353852706816 13835058055282163712
288717095671357576020547589094383414617773784220866286635378226401685867095132159102854169060626678288 10078570359830492368004515485173978174000690601269551195775613078239845731507634176 2305843009213693952
288717095672407920692467763374832477540190514491431915148651396250745593942296643036834160474807336960 38417036198954244837984709324100665374181006244267021975797582592079370487548870656 36893488147419103232
314964104368753717109640320704937476610856398048622590845310967323033231884710132944185897491319750656 9191929954079299382739967937449267117088095124119433909726568922603160409528843082629394851026435911450624 8441420765959436645625125782782069956909888272353491746835935171269317971083888887660898127301312512
314964104368753717109640320712888288402359127531747429598854807351043685028924239720186960650690363392 18047477543810111168361962406548334576525555437701732888903530800758571722351107375104 5226737155905614798797433970151959727964160
314964104368753717109640320733207029647310547321955350857203935660860060972478602639628744802965651456 9191929954079299382756888514786935821125793047246103161917048416868782374801220943578828857248621292158976 8399042783166765789590408552131666042956170614629935755874964355351375422540402342612260751728254648320
324806732630277270769316580726966772754945660487642046809226935051878020381107324681702055119616475136 18141385894321895095917299013635939328919311558961591709097818559624511643155693568 239230548023141929228242431090989836835502906503945110234068660076088609287431810777862030147715072
324806732630277270769316580734925349011088529355027749662915130026735705414641304337049060864725876736 4031417378886400659867047414062478199819447786118941877597755244819503521544011776 62257805229385842736
324806732630277270769316580755484788659884270057322458032155604221406002654115371289356222619952611328 431014553556584356919878185483815271255559462457442304 8407244973384702084306805435483357123076244999995785302511555768388256840672601204959554064458773954560
324806732630277272772693875842708453396783620815869369931257685293545389918981192918081842490040664592 4031417378886400673853836151292729558136685837856421169951010102704932360007188480 2305843009213694000
324806732631327617444614050123157516319200351086434998444530855142605116766145676852061833904221323264 4031417378886400870491630751176851595655503153459806515387946045917726030165966848 36893488147570098176
324807076808072775626403177656186391113964910297117602853102108587414223596907655549576356670268272507 13986788737230251358317238051737479292353254857885428838463176704 48
324807076809845233011534957419862848940178801926512708569879040932756144340625180406054885291191179462 210624583337114373395836055367340864637790190801098222508621955072 150994944
324807283314434969128947198201458984341880445398676965408204678968674362939098455353800391853395148800 4031417378886400771761357311904489066357352200018776216423794107902934229249425408 18446788054174662656
324807524238950902914170354518779645314008534540227964043950263315051671923582986988081287215336396998 111894309897842010866537904413899834338826038863083430707705413632 43980465111040
349960115966555057813145525424898535661090353822969790877173055997414469217512148201744550271563857920 218878863544887497963182664280300285023670552939564596228396149249327252654566698544937180090305871872 152310793395173835353157367776436028930905779427920797215907090509589383846988473243599624756034608824320
349960115966555057813145525433732770985014414293071279821257049604718710569299982695627968870812221440 182378647213940648082963423660670397581020554589602464720169702613896396800 91348904846097782114808544239099102765495877632
349960115966555057813145525481437641734204340831619320117890336374325027853926058250036110736171859968 218878863544887497963182664451291050765406770773260672716309454833803477440088025449088717734933430272 146792030498588969060855966384334649111324501966944047698999791962452841772525202029497981102523217833099264
349960349590137111662685787380397647955852888493776923636069768955090324772794655459304709033042116608 210112772749499973837568272766380899402560208438628059109608880672906846581698533201302874024421883904 152306418893724269329308622771981793688175073089059010791034236180783414124662181799788393648635374469120
349960349590137111662685787389231889177265282403080867663563312996812311510618410149164748625103814656 175083501325409561745782101600513079395461054419625646890182108447261065216 91346117252947965786915852274315021720307630080
349960349590137111662685787436936942748593545556905015545892658474067896854466728846830012328686256128 210112772749499973837568272930532034514651859990255365340553499103277617565472436766270205596073459712 146787551009104613452434851499773512222768258675949578399929991981463321038966513814915254563455629430620160
349960583213719165512226049335896760250615423164584056394966481912766180328077162716864867794520375296 8766090795451305830683946650775813394436831428537562703848681069589873669489164299192903473110712320 152302642468644761160282948373605285920036455507463484228936967546301350214420588815074565985816455151616
349960583213719165512226049344731007369516150513090455505869576388905912451936837602701528379395407872 7295145888584165509455751832696313620922144197191379347625982042476380160 91343852333513740020503040052927955871092178944
349960583213719165512226049392436243762982750282190710973894980573810765855007399443623913921200652288 8766090795451305830683946657615444024131162573164478565913058362242517850583447112340820411704934400 146783911423898574520592695656067588500816311002016572094435779496909335442950079640566789250463213853605888
360896369590509903369806323094426614900499427379937596842084713997333671380559402925282787836433531520 176425890989833786816300946733812077424869485433436701291468658577506304 8959201111395545254665213104234223158127945475827000634761346474325321538757368585214756429719079485456
360896369590509903369806323151241790827486041278277797612290681208723355213632499690608849335338795008 4355614296588012332331194975126633106636800 146935382090872747350954458539006850917097279800896141495580755008678413639269203517068021511547332874731536
360896610514828896402144718236035074454473291259207452499696949234936897421944488534641763131859141248 169092785496395490474526912023214815414825928064780966902943131763736576 8959201111395545254665213104234223158127945475827000634761346474325321538757368585177862941571660382224
360896610514828896402144718292850439285383085632001292660365074030164553273094960034999125873212391424 4181389724725125664338061290822316133974016 146930898226886942176509494909441259793298305803562810410086082178935273235620844796425376416046288195289104
360896851439147889434483113377643534008447155138477308157309184472540123463329574144000738427284750976 7333105493491651706524821497089866220142090183792832639204967810334720 8958978968743809480016644021976781524708026794556675542873271981998108027905887398530684594394840956944
360896851439147889434483113434459087743280129985724787708439466851605751332557420379389402411085987840 174224571864154318593361913705813675868160 146927255087398475472272961960419217005211639430729478903121660504768971657656553335903227275951689393242128
360896920273354665881093484949784023120890281993680048704084137860533885762947489169028065282809135104 8062834757875464796642977952016303900595714555313774857308303079795995200970555392 18446761665895596032
433075643507036363029132736087683569733813130600878619818896061969123958390528294363764862778282623504 8062861670387292024084203040912487715773728656472600964623480597944665132272451584 2305843009213694016
454948150755375739263564084762032355415561586166051053874976770195929258945808787355431574997341044736 9191929954079299382740155754070683471754131283034253905323570408347688304268997902803462994506114666594304 3816526202647925942247479319089911359949771436806677134714268634895053746585281843764537392967677988831232
454948150755375739263564084773516861336633939812696559552299985933127856195714110971443489504023805952 24063300841903653047156507041838743221997305522305575097779992862557463800852783300608 2374940857561004712642450261193448127017871474688
454948150755375739263564084903380120598243708672045155444958053435504221528960085906616770270966317056 9191929954079299382762716521463613008338551432966573862308432593563019264460010176149531534361029622366208 3816382816879850110704029450243329944153261058130261912384779473910234322609265341888854864696915311907045376
454948150756521572000252233185558356115291861381642504846413859336912087948570626836548451894569205760 751266485665418664144635659279982388005942978111578960619280696272573918715020574720 3816525040670978401272394496198103203713421092935416972695161783007520803843669045923086984456041398272000
454948150756521572000252233197042862036393139913084672348696830391773556292067081566583718773333688320 24063293192374167515178178541161634581887000338415368835505848247195568314006703702016 2374940160662717258560477088202252106756574412800
454948150756521572000252233326906121298076827922469181794029828150396907755994150487464972884671201280 23312026706708748851033542881882801565536706776947558635156930282810708449633320828928 3816381697007479021801924171522189659931121997307513295060012023914986942425875669835209183062148414806425600
454948417753755230348658830252610162069306864915875801777776433102199997349180714804952470470206160896 9191929954079299382739404487585018053089986647374973922935564465369576725308378622107190420587399646019584 3816532320114796819733955298432077829547027658952429164167801767055159130420027331970524236842532109025280
454948417753755230348658830264094674730365885374701184775707642498180998903865292745337325061062787072 7649529485531978328500677108640110305183890206262274144615361895486846079598592 2374944690501585710093302712645026238455005315072
454948417753755230348658830393958142931562325411625977607213507983610938913604701998313065032672608256 9191929954079299382739404494756904259487517890084691060742895886786071705824853245866720825911396301537280 3816388976177891099665608483209601507375025892655379307671000448884094913617908538183906113688133245960454144
469165280466481231115550462410845866522297885733740149308569794264552048287865312080192648195254255616 24188511962651496085717870134873328085604660318611099559289792912818023718176423936 89589858038697318513075559086659461362602434726343235898634808325210748118193397957851536133802371842464
469165280466481231115550462552552522515013519291191922930949308640440640621364050451707428576992165888 574686010512761437390973219279156757219816255162155008 3820109753224459339327763854003333196051848227132342246283590357855089043598307145434139182104239225926844832
469165280467662871125260115472607054743894732049818833122864292441190590696963459045094427495822786560 24188504273318403959202284484949555026741395038598031400767897412774048300082921472 89589789687112169043952922445964863936934767439798520485746170019879297807162172977344712026978735096224
469165280467662871125260115614313710736714113544753077804908484744665959340987537147395309474047590400 574685827824708321884380135181365943857027170818850816 3820108632258462888034152613095941798270898483633008913512216689647653258497395055753978520830363964756984224
469165555808560081297054418698004229633972704444496920583331946636643747266342612262511142020390584576 7689333092126515585649923773058863265280013068158521895500043975418093502464 89589960566075042716759514047701357501103935656160309017967765783207923584740235428648665782185246065056
469165555808560081297054418839711101516886259329585389631436252445571444749320378364379781084022571008 182688053115506593084097790813362789084343304192 3820115918537439821442625678993985883847071816378675576526145532995985861653323638675022819110553162361078176
505254917424875754530048014476550542906137712330043166142312424486033319533886473413187428011795808256 8062834757772801319734094828124956399638895572237883755195510489639007043088023552 9223389629074374720
505254917424875758035958280915170975581104122386516001611911896202950267416481278429994795856096687004 26912614490704350108212787531316134833084234717209427970108305658089184428032 64
505254917426713861211818585905956835695333400360005851510139943438804789399019125314459780830912839680 154426574509438864743852662418448444498593563252312399171761479507509248 33554432
505255881122151726659401595042984404735023565406429293696569135134425970201686487692502257241967034368 102663476908883123891347500956818983075891102112792590156988157882531840 17592186044416
523299735905976769586273453769825823714567352082868534011526724425509036182536572375508722600714436608 8062834757927227894243533692868809062057344016736477318447822888810768522595532800 36893488147452657664
523300734019371431182951652008805276332702978456658911328589461389226897708889576538663052143465857024 24188504273421067548005477506108227566411410113689376706525362922157439994852016128 18446744073709551616
559936185544451052639360570142111069530411374308662383724997275240947967795040241067585856187546992640 36157988544200707870813316009771700333021822307540155472471961990575962513545777802796903563993808960 63276479952153926093498278024311496656664658539746141494925811821325342130691204045125537785001803776
559936185544451052639360570142111069530411374308662383724997275240947967795040241067585856187546992640 117513462768652300580143277031758026082320922499505505285533876469371878169023777859089936582979879120 153398044972254138378349969815244498969191559013699373655850058848223577338091531563847846504255455232
559936185544451052639360570142552781296605970391058208100183015758940580239289976635103695554452914176 3522885545992499557032467926161799829750115214875035930627967079176147533931906475318046311911492719996830096 2650270597167576494374946251116468468603588091232947410770470085830115328
559936185544451052639360570156245846048638448945328763731297435290744328940309759502554596712338423808 1155962008052027167317948582877728803879479561250952229862162137786336723465478732130364696280191467520 1959776649406597211939273699670714311979635923043508602958976115275523563170483437638423702776752111616
559936185544451052639360570156245846048638448945328763731297435290744328940309759502554596712338423808 3756876526169088293783332894352618612608308574065594747052026947805594351262805879423685262910622269440 4759457577145148786258779145782374635003496537692182288730697442498568674606139239568166463215696347136
559936185544451068180711707947943636886106628896813636864251987658064137809539518978820137829215109120 36157988544758766707469647845600308638237232616114081248027542475793743035738453128829246317113901392 144358547836203961598818975527293275274436228327210436207784373541399256570595094359801512472006885376
559936185544451068180711707947943636886106628896813636864251987658064137809539518978820137829215109120 81355474224418707210322363880273801098139588194891577654952668879933994393704678783056187853111296128 225714022060392470127915824701087702425959107652189507335921411835055040434942862965938897643466915840
559936185544451068180711707962078413404333703925798875332219695447597337915191708734469135832201560064 1155962008069899969788043495223508931113380008602482423009517220055712117867065098134001120730098434048 4479489484371904747778938294345151234269373780422259527538453210464173755098104407457527227088099082240
559936185544451068180711707962078413404333703925798875332219695447597337915191708734469135832201560064 2600914518116009785143614022513373330656246633558670152887079216944588486950175008116636071074553921536 6999202319322952996816221426352585760189920419256415121131430855774762937847122149889557603211190206464
559937253537969024750415121007338579823240116602037001905823283074589006415777589821295586099096289280 32885499007597141712524651159511997073772158109245598861921261773321273236845165874774032 32885812628154999198693631993053481067274524863377957847811920946289068295868038191775744
559937253537969024750415121021473383301413858683582320425389191629383404260355461214087208500425916416 1051341321770288961516478072582379255972364302785593074669140847152139176684495555876880384 1018527701511704171779577441515026674804874608334378658853582834623391107206455280694984704
559953273440738419920019730315760425947328195944841236947156851573810545552846486191986039884242485248 3511919755734797027579719957381662708288657576170145920859003619825627708154213181020050534447869910319504 108473965632207497624348782328847626141312809723184417590452263090814245707023522795880582326175924224
559953273440738419920019730316202569072669466437473775994583973516858194721376151580676139092329627648 55340232221128655248 2733091553329063259824163321461702079170639152979473103514475703188848640
559953273440738419920019730329909005958248851709082486464824753751335318945795778630069214543031042048 1161976947545202332332374994614557099453119237302872984132968090253531474628260314937097908985528320 1961690493790783342029058146643095796392342734084290515430508206478816725018027738635749980680056995920
559953273440738419920019730329909005958248851709082486464824753751335318945795778630069214543031042048 3776425079521907580080218732497310573222637521234337198432146293323977292541846023545568204202967040 4764105484935329595620359984792041398368141260382012141665817589053187963734014477219609208277117698320
559953273440738435461845152533257620450399053444531307621530479979968378417867403107701808423252393984 1161976947562173487774858963778109518671129498471301050278927581111187307839739382772650610425593856 4483863985821486686009191163773329648089965608674643851207893486220275299425265829240866289412976148800
559953273440738435461845152533257620450399053444531307621530479979968378417867403107701808423252393984 2614448131975648435870472941268173286492206289646250744978733839170884831962687744677318661794430976 7006037477837916818102174767589425358890692635887437664549873595342836880682027780592719865194540433680
559954341466848967652781771873568709604243595007532866298888595894340553566250684495500824849617616896 1056811877370796614580187277311994285213469320444363899560985950897963931151633423007744 1019522357470211695384830935110280517043182906959200975373922688516098184278155877312102480
577434191342715148034340587959052040453236729755808083216403440092227591788635248453373961603731423232 110159605399273123088333908026877010937867002910319949523809806619959509265227827009147597721738050835316736 108473965632207497624348782326114534587983746463360254269059553942101560669388176706215828029454680064
577434191342715148034340587959052040453236729755808083216414601353862598570236847140497723601067180032 2779010141695588710252429193445888232753005786239906068474519438474825552625664 68992930457954115344127013849721406467604480
577434191342715148034340587959052040453236729755808083216760600464547808799886406441334345518475640832 35064363181805223322735786602192223059967656984492578874130154723533038028488090680160660429975060480 2021019669700553374812376002783829830822890096818389817022846548440725731784464560916542409311254481408
577434191342715148034340587959052040453236729755808083216760600464547808799886406441334345518475640832 113959180340866975798891306457124724944894885199600881340923002851482373592586294710522146397418946560 4908190626430934685829365994084201962646792212367151317052449850348553721349016963202238683014668231168
577434191342715164061358948821316875538797461049839063016617022644698859137251978508134657694036525056 35064363182346373169354185692187548368732416411126887723216518708572942893344959857847423309226967040 4619473530758526771147030116039793088269173036110216729478704540829890792315901733747982185653998725120
577434191342715164061358948821316875538797461049839063016617022644698859137251978508134657694036525056 78894817159029861623620742286504287998264813328736860716122968205568465811579930177615557264737828864 7217927391801795277966728345920410124459739131390383649918109606004436057913787356135501745555324805632
577435292711030556773865593538817910442716370245850658215737421724219477724726075997428310832903716864 31890852534777568428213886662414886371441750669879922380869752518273852745928702706057216 1050356692183944927147689236561542673061525765394262241828687290290467099937229588179978752
1119872371088902105278721140284222139060822748617324767449994550481895935590080482135171712375093985280 9039514377489795163785966036854707550321865393668497490165281017756561977676825976540706878651367424 80424925679159837848531389733697432259815615046582651296907608978979996613353831976688057201256645315788800
1119872371088902105278721140284222139060822748617324767449994550481895935590080482135171712375093985280 108474172529877541965431592442256490603862384724021969881983372213078743732121911718488482543816409088 18957235655781479038866062276510490498671205292110665143584097230038835925480126239221006961546675640860672
1119872371088902105278721140285105562593211940782116416200366031517881160478579953270207391108905828352 1399928573489322247549601121313507271776404296735628766791729349967281446008690449777413935637001666560 883423532389192164791648750372156156201196030410982470256823361943371776
1119872371088902105278721140285105562593211940782116416200366031517881160478579953270207391108905828352 2519871432280780045589282018364313089197527734124131780225112829941106602815642809599345084146602999808 1104279415487293675011690433102966176297666253140289303432621347198468096
1119872371088902105278721140292172950852325478100449606203337879805762959586575722350492820979400572928 293586300775027914982817588335248221421439784679661764841067482828298947145703142754483039222629672031354912 6625676492918941235937365627791171171508970228082368526926175214575288320
1119872371088902105278721140312491692097276897890657527462594870581488657880619519005109193424676847616 288991053217594358808975912309171440967742866295701272015776873506431511719962209416712678092033753088 2495331813590960493213861018691944101502684908581890077190441927805649575797176186378427586958785109676785664
1119872371088902105278721140312491692097276897890657527462594870581488657880619519005109193424676847616 3467892638611132305707710947710057291612914395548415264189322482077178140639546513000552137104405037056 587136765565829399948547380587909882843323872042685231924728828139537732497141603749753381671590731450417152
1119872371088902105278724845631961156711491206062344838149169859884049352599825173319678558491266514944 559971429395728899444799268699781142974194010811896267544718236029568098677318607022088189047662968832 6846532376017042746157407310521981191605440450811675360101973199830384640
1119906546881476839840039460631520851894656391889682473894313703147621091105692972383972079768484970496 1452473954795146670929692085281431674684138105199539269237289158470120535495447881251629764685332480 36157988544069165874782927442949208713770936574394805863484087696938081902341174265293527442058641408
1119906546881476839840039460631520851894656391889682473894313703147621091105692972383972079768484970496 2614453118631264007673445753506577014431448589359170684627120485246216963891806186252933576433598464 45197485680119342842486256445399035543373207823474221034187410563192216470365453514275532324594515968
1119906546881476839840039460632405138145338932874947551989167947033716389442752303161352278184659255296 6044629098095136148029440 911030517776354419941387773820567359723546384326491034504825234396282880
1119906546881476839840039460632405138145338932874947551989167947033716389442752303161352278184659255296 10880332376571245066452992 1138788147221271602355805759136535523858296392375039304049700795559444480
1119906546881476839840039460659818011916497703418164972929649507502670637891591557260138429086062084096 290494790959029334185938417056286334936827621039907853847457831694024107097880650430706925707460608 2497768661065170415570515179843070045509144738355598259697116670838614591383995782525106509113747919956082688
1119906546881476839840039460659818011916497703418164972929649507502670637891591557260138429086062084096 3485937491508352010231261004675436019241931452478894246169493980328289285174567805168483108489527296 587710141313452280221934633889279285313338403863427219523704023722353450336136731792866622501281497178177536
1120179953222074716330586023409910554565325538068544125448866924473422335230592894374375018915612852224 304605865924655145236978316344805729103093514183530988182890584215120821246239213582293795860370153275424 270911507739920867570325393043729362682612878129099392421577436401234370142658884999298516668311928832
1120179953222074716330586023417869130821468406935929828302555119448280020264126871370796804661181415424 10880336988226477092765728 6832728883322658149560408303654255197926597882448682758786189257972121600
1154868382685430296068681175918104080906473459511616166432806880184455183577270496906747923207462846464 43830537577053543961596840278984710565425472869329514948537966247413614285872145255321627315908116480 36157988544069165874782927442038178195994582154453418089686517980700520223129392235405276009818226688
1154868382685430296068681175918104080906473459511616166432806880184455183577270496906747923207462846464 78894967638696379130874312502172479017765851164793126907368339245344505714569861459578929168634609664 45197485680119342842486256444260247396151936221118415275079622093691421875618704231781673477601230848
1154868382685430296068681175918104080906473459511616166432829202707725197140473694280995447202134360064 303542014411374448852898246518308124059200946347697624009044858881512023525341265920 22997643485984705114709004616573802155868160
1154868382685430296068681175918104080906473459511616166432829202707725197140473694280995447202134360064 546375625940474007935216843732954623306561703425855723216280745986721642345614278656 28747054357501797628290021555841948566159360
1154868382685430296068681175918104080906473459511616166433521200929095617599772812882668691036951281664 8766107515410708731610965173522052342505445270204278177867403979943198055365457274761920758113370112 2573310932765678008626794175524037370282807152973113929685030725379180132223892179615797123372234200462655488
1154868382685430296068681175918104080906473459511616166433521200929095617599772812882668691036951281664 105193290184928504779331582082264628110065343242451338134408847759318376664385487297143049097360441344 605484789489761568696939486230804423403043295958228185451555505752526964114726793848577767889897353010741248
1434836475457655822388361460989159615671679146665947358295305517804929167474790615079357609866413735936 9191929954079299382739950863203719520010357790190950462312226789334378038626164785634558071747273973301248 270911507739920867570325393036896633799290219979538984118095663529452657548570519775136630926508818432
1434836475457655822388361460989159615671679146665947358295506420514359289543619391447585325818457358336 546375857523106487594685711456524793234453901614432783770021746096759030383382626304 172482326144885288360317534624303516169011200
2239744742185952354462780224913518060875283009878855408474652845966336432977578489469396771643641036800 85164261711648339716887554049974179895145669076868172457001632689399378115092680972819891709343177698705504 18078994272034582937391463721460800864191887159622533420017838246707865774212832850522762784802865152
2239744742185952354462780224970057166948396996495186079255122857313346738668637940020104461653335080960 2727263188522393684444351909012699988402364627217827849516325447778981070638900124546601240345656101806538752 559936185544451052639360570142552781296605970391058208100183353319048565810245727580347784998873464832
2239744742185952370004131362728184863554902324937108150557768762319485557007418426435530955589385584640 6999356110372224463517939568344753973959826024613837280251723747869573684435995469678973949074233884672 115798494058347267036910507834047125608310043323765578654307186008694156427264
2239752218140578093189419745304156462884791767842138853925873127250802528946622976281868170490105954304 6719370929704730150071171917366292719161592728684282199228462257876587608157535217408514559861560705040 115794960364217710268251341239045636983685238539643934724426158715246382940160
2239759694095203816374708127880128062214681210747169557293977492182119500885827526128205385390826323968 279985180669531473753911239511390239332206317733860833521240667542643918006411379063090761845035761680 115792089237737445393715768380606927476177584652545099031397824039320066981888
2239813093771102072247035070558030884277962881827876552791091972574825769271037243557657131664287989760 2598110308889022874674440435395688610440318301357144239932344524889524525200752919091858430743371254333440 560482998225646805620453695699345990130637843876356380721014001572412229237003325843277664229355683840
2240086500111700958927777012646523380707209798015661905550311047695950078059672994087859319447683727360 6988949581533217789596511022586774518980049197150967863266720140794302942754255879675241899619254272 4739561746476079118504906317406311010657467085026736249013323280503565344740422497030239547333562431701008
2240086500111700958927777012655366243214067378076066227979468773095560504737409252730548853670609551360 109951162777600 119417196997670619131813961203766894725447193839827356676074584073404183216144
2240093976294474711462527836884560891241461261519254613925590722412825186156403931903341161302311698432 6698455344649030830268158867162295618671393376395676555874366846030042045998986728803266291172376592 4739417387928243439717897732259317603525282670426617531441423897374103393656938032255168776162941325017104
2240093976294474711462527836893403759651566440969485612585700390236930549459705108506498455288372396032 105553116266512 119413552875599513714134195652671612456008299654290050711936564772466598084624
2240101452477248463997278661122598401775712725022847322300870397129700294253134869718823003156939669504 290494236886300583083093748653639274863279809325718246033242022563382868657065078734278875292893200 4739299874465475214928804687745128018596962914882750748322367574089088344890755423438806572198754634432528
2240101452477248463997278661131441276089065503862904997191932007378300594182000964282448056906135240704 4398046511120 119410592026416740562269386142406695612089198128540989616074424090454810165264
2309736765379263365539742106942065500277635603937569639990914388892070511920593384367407282538770595840 82584069480312111065568394247499472565476556185702142664725238452182252235518542759153011175034136775622656 577434191342715148034340587959052040453236729755808083216414938913970584141192598233315765635164143616
2589704858152507427817276888144249163892068618289976452491080614380867072209589915582375603556873011200 218878863544887497963182664280127741365000788844878727331834867998719386917930107686082990351604252672 4739561746476079118504906317286893813659796465894922287812570899638039377710383822316195056104707677225472
2589704858152507427817276888144249163892068618289976452491303839613568019931836596740692420959171379200 5521397077432451029947804689821620361960887177736309244130019379039436800 3014513859921226809788681962030092844549428740608
2589712567730715204852105532675719869619232262426611833534672141984170305533912655081923893080438734848 210112772749499973837568272766215257490237209799322683422186995329165602010036441453266373270778675200 4739417387928243439717897732139904050649683156712483335791766706787442376873616204669243837939815532200448
2589712567730715204852105532675719869619232262426611833534895367365890173096108889179065955131353858048 5300541194335956457772021997366526528528622271928117975861710000295510016 3014421869347282870968223126011626549340805267968
2589720277308922981886934177207190575346395906563247214578263669587473538858235394581472182604004458496 8766090795451305830683946650768911648090015756343186401263174476407865575532736141302257279072993280 4739299874465475214928804687625717426570546174320481362182975225604005100182891034144478770792783622963712
2589720277308922981886934177207190575346395906563247214578486895118212326260381181617439489303536336896 220855883098101510220041682730635795524606068410713471262092171579228160 3014347127005953420676600321746622684483798696448
2799680927730403407102140795055629130405694384187517792199650121207284400772618730536982627831188029440 36157988544266478868828510293196749635340846301687699788690453188299805037092420349270593895743357024 18078994272166124933421852288310899468829935147917622052454820642155553356607318399928946441708371968
2799680927730403407102140795126303012997035445440514842986420292604091067608947699522659058365673504768 1155962008054129849961489160800761760024644319762896958467733323935675005159783010483733687391945228288 559936185548525124592029542315089672673427940589249662868066309744505531569460735042320826990317273088
2799766367211840492167054800887939890236211733536959039255916726326161088216833022187726346207319031808 1161976947547315956087116587843717474007743225873299922773856818052653446530056242799401175831543808 560482998229724856159013946165020124565445089074896405324995558152239487495394935762455114918983106560
2887170956721978513574082694901117540730872333693377723207674989356618320720479790808741628057246236672 35064363181869005027805341739048650833292486757235462375469914568294777533524638385652517835387174912 577434191346916534735530465511980709685581072212976736778350932430907707482925624727218146375152697344
3359617113266706315836163420855316687779635822346349248601098094553643481435739859810622173326717485056 2642131403415487175784627852481707878217907290882239755331239489500771420763548660737261847434287007859212576 6183964726724345153541541252605093093408372212876877291797763533603602432
3359617113274854459741501365197740199936105758496180175924647396448232368567658971604568484018735022080 9039548860434802553966434389103321786773709021382959050478353255705547199804231574697359185706745856 18078994272067468436399060863173325515351399156696305578127083845569787669811454237874308699029241856
3359617113274854459741501365282548859045673894385843606717717727894835396549257459025213655078011928576 288992155628872175411494023411682877108653576773572429721820737775464455121451540538324677247759286272 559936185545469570627527813185687004140811462940606071792154092425412807250049479445841045496734416896
3359621385240778173197679348701911323642392705849170268794778257946019621224192285597885493488142909440 9039497136017291468695731860730400432095943579811266710008744898782069366613123177462380725123678208 81355474224188508717269183888286128540023004215375172548189517709047317879556369214703978445839269888
3359621385240778173197679348786720090591541822664046585962307116785316256972277465397628949186654240768 288990502011955450507716856757915722897287511056765693162754941371915040019217543855906678514170986496 2519712834951048254865289808684621738678932359309309800142795829042082787585909525977058292992791543808
3359627793232441471687606040609598375785953372731471551373263464726106152120060527538231086009964134400 51724417511085270702528372921354677765441571692340469608356923477833191108397234978460583067648 32885499007597141712524651159511997073772158109245598861921895598621387351545914226376704
3359627793232441471687606040694407304495553822613351237259726104635984252164608299352303339610759495680 1653616916724903777166653767154211366065716806736559065796403549415102233996682417998733588299776 1018517988167243043134222844205492549547863691970739106364241439803751865493260497860952064
3359719640644430519520118381894562555683969175669047421682941109442863273317078917151916239305454911488 2598107096362858639956083628266633570403678717760414359678066664296098629826515626857153998473225532604704 252832513467886284632933929322254758325727409841901989489835392552765329191488297866651752947282608128
3359719640644430519520118381897215414436016798624842655967503841101149168328256909484056834553977765888 41505222544358113568 6377213624434480939589714416743971518064824690285437241533776640773980160
3359719640652578912087074531217848896194460585246041525720741480077496407162628800817795560750350073856 290495899106600460146369347090740829638547233038714008116778177754428555881307721685875089475633152 560482998226666318255093758315764523739339655175991386872009390717369043801601228323072026901762539520
3359723912748872679367515703747395621349171679977398795811792438622766733212451046286876540724089847808 290494236885243771205722952039059087585967815040504776712797658663821882706167114803122843823374336 2522173492016430137926681693263475489196572108743238719395558396220811846131112868774543851704507432960
3359730320936092364066502757187428651056054712743018950316046882780357959022293249100887407228172206080 1662221356688940646395051681742052579417998209231403980519090606673175140606882752245652258816 1019512634640062616418533608701811299635006150995389144956814564597902479794362672406855680
3464605148056290888206043527754312242719420378534848499298420640553365550731811490720243769622388539392 82583964560578747038279470565240499200387575428068441230837002718976662639059164173849866474598830824226816 252832513467886284632933929315877544701292928902312275073252404539102397437005823657433992921599705088
3464605148056290888206043527754312242719420378534848499298487608123175591421421082842986341606403080192 2084260035686405602365173305521358342749477817842351779386130873396098628583424 160983504401892935802963032316016615091077120
3464605148064693661608423282860169581184109063449185806424435589821166129520366197250075973575721877504 8766140955393296238534557356326473270857337091109428597876894422824814656888874189697289464764694528 577434191343765494709638057347284207761322815370100246606898937293204864976625854856791360820161282048
3464609553529552491110106828348846052506217477906956839696758043465671427823945972738781310017444380672 8766090795419414978149169082119841878329499359751702967862658758502389754603748817294236404787707904 2598453861043268512829830115203966349347651369515428537864351223492101909470799948673396540543235784704
3464616161770955267677843729378648325029264415629330037355820917045031239974426617515805745813353758720 50159973881260385388274206631392527837731357725630014235664322424902285125372403053059976986624 1050346675297469388232167308086085614292163390483998379234280835433256623475595184997138432
3919553298825416620309865393601748588895118688431077548388871457801683433236026729764950887071964200960 18333448117819477223076550041260902597071571569511003251485694623606354814688328624512172320 231584178475474890787431536761213854952355169305090198062795648078640133963776
3919560774780042370692518267337927181097474826886827882322794013479970561080709873431656523956438138880 1018580153571794266464492266986510902152876248989588774828920863975563396315686316181291024 2871126480264874535572858438709507507653887098835693028334675926315958272
3919672914099428626432311373377513987409630147209484025284891462450379562421385853956805522219943854080 18027967319854765778132606495322255453641535466403854757216819162377031766704334863073568 9478599748930950429857609375490256037193925829765501496644735148178176689781510846877613144397509268865056
3919672914099428626432311373380608989287030300209149648475501446498990985352727395277714724038461358080 288 238821184052833481124538772284813391224178396257081979232148848180909620330528
3919680390282202406165256686471411573305144463062883701577359123147291279606525360079116078260750090240 1056811877370796614580187277311994285213469320444363899560985950897963931151633423007760 117513462768224789093044514189584928319755543866783119056323285015048766182608816362203964186690584576
3919680390282202406165256686474506581085792215473851890658516269461649865569297968564525175001909002240 16 2960849182773151864809510264916843919101525749061095862140682011787919360
4042039339413710889694548687148614625485862306890746869981600057954872781389223679181284318194140446720 573040699153176658423539195441636755404081512236121566251845080797842857376736717475676160 9478599748930950429857609375251434853141092348640962724365950451208010200365782068288957541585567245927424
4042039339413710889694548687148614625485862306890746869981678186786318113091467889914461769014412574720 14462442398330912479877658831070463422699826944045135517712384 6028694254011906841353200643493245368967597392896
4042047048991918694776659463189048792612757230791936465674940324373440352786588084286263225367904092160 31890852534777568428213886663218355393571245807650903427040333819534954242820099123707904 117513462768224789093044514186624079136982392001973608791481183437276690725170524765067147031909236736
4042047048991918694776659463189048792612757230791936465675018453353904604329323975630499356107325276160 803469022129495137770981046170581301261101496891396417650688 74742341329450291622804265003864857006571520
4479489484355608421114884561136888556243290994469299069799978201927583742360321928540686849500375941120 61611015881289806448803215299896251857860952125703699757609073105088180759978960588651463663926785611923456 198595874959882941776966172162293251571797287613250011522731024006717004139312747521424996731447148544
4479489484355608421114884561136888556243290994469299069799978201927583742360321928540686849500375941120 137296614567510002010747313431864787628648898760985210719704316917206010137414949189642283149328145612537856 207635389337405622439759735340860483773278665003992281171005724848239658532027717101342201956664344576
4479489484355608421114884561140422250372847763128465664801464126071524641914319813080829564435623313408 146792870402333287959934767068571630077329962084182501502353973585020189221813388924302170798872052711292928 220855883097298041197912187593039039050299007602745617564205840485842944
4479489484355608421114884561249966768389107591562630109850379482325954631522478076020436773698707390464 1969689037021499445486124720465761393747247634497728170533899130940219537416262109058702935429710500407017472 6159308720928215255536047218849148341825043991507018462967191792843311026261079125456996727435766530048
4479489484355608421114884561249966768389107591562630109850379482325954631522478076020436773698707390464 4393921697971037224545970530269775416820783184648778226575621138251258968082430858669414240573969577831038976 6439277347698218280071415345718985498126830286602454766664118806104615542435463796843223782955899944960
4479489484371904708925560449830569815880135643921231483872995951773352495126887691159943870939387658240 1761517804650167489896902980258568282259233126284217883177839928810817426941097213472335568600089275014316224 883423532389192164791648750372156156201196030410982470256823361943371776
4479493756329680262935049351180300895347520199878343783105518096010799386799773489821822924221568778240 37914516509048637901105475970903150949147361787843252753323748877624912839564654966324480335858570610343936 81355491465661012412359418064410435658248926029232403328346053828354117489566300982008256364428656640
4479493756329680262935049351180300895347520199878343783105518096010799386799773489821822924221568778240 94642798184013130400102289595163016497758818905569868565523503194088443713767433098852406147855932001878016 45197847229692252493783124626102978666220826746251131945398401953670110689012143437040276040566439936
4479493756329680262935049351293379215333123465574234001823979727209951905878015035170823603491467952128 1212117775427278949307175443486290801115382261513080311849326817430226574908284470893074932105522109566943232 2519713368947807235092810407440048281488210176659669136097660426537498779415367581707618195515627274240
4479493756329680262935049351293379215333123465574234001823979727209951905878015035170823603491467952128 3030289670224914176003005231387590497179027848538768342989379858119033800672550860143213707803609790096080896 1399851677798158806317170214436010466457376553082930893762468626233178450143252248620093717966038761472
4479500164290788056747998811857084538715254517168213359342337361969855193487949387565995599586694266880 4739299874448233709539547865798620181742718067572089400857064845492653584082861124465396665613643000315904 17241505389194097831317836831769385433810931002938265781718168721505608553154655823832815763456
4479500164290788056747998811970163020460537786552580062986224614849653835361084372360232926420335067136 151514252318844099235789855395894118526373074596929571736914462701998592501595527633125600664837678168014848 533997777498215687841798560765653483309899907199646835336601780233269261807596053163020696682496
4479626187525907359360157842526083407578625567558729895577254812590484364422771889535888319073939881984 152302642468090686317906075078654210912271893811956168373199258865537847240250944285901975385478497566720 9039497136017291468695731860737302178442734143598701465871021924234520475585293566323381860514660352
4479626187525907359360157842529620552581355731499790207956671788134865557771009212645409112738637021184 2305843009213693952 227757629444088604985346943455141839930886596081622758626206308599070720
4479626187525907359360157842639272047665990813672659891718598030010682551566366229040553716344248336384 1979938128510258430301804650420881249627673237137025715413687631621554643807737455889188144649070394212352 6165323670850996715746531639961452806976676788600558073946816196244250657967334722731567574123555061760
4479626187525907359360157842639272047665990813672659891718598030010682551566366229040553716344248336384 4273441119001779507936474290727422425666968932644168625576149322549690339802220662711053144785550126874624 6445565704483079821360547587267692974705940184876476163528902617293808031055529614559817559756190515200
4479626187542204144494070141002873128468148739667981743182733099943290928481583833093492025394221547520 1827635195547930871421869898068834374618561085101185929097343505290724927477435230718878351347795581993152 36157988544069165874782927442949208713770936574394805863484087696938081902341174265293527442058641408
4479626187542204144494070141006410273470891771667599598257715938855989697545974166031673970329670123520 14507137505544437218934976 911030517776354419941387773820567359723546384326491034504825234396282880
4479630459630349503665729742203865018773519181660114947584736219896804311631970979069382375929930579968 1218424916169804998712274275027610195066313768077244873547691337293865407606482734459689796936723974848512 2522174026534670328095830730103624128251814771781343612466142427339206290036208195201360642550058188800
4479630459630349503665729742203865018773519181660114947584736219896804311631970979069382375929930579968 2902713560363883822906293940621158019688383270754967583655258726390287084955486983965463678306356868153344 1401218720452258570776464325973579063530199589989268737039776603142097967922499681970318581691989360640
4479636867787012751207738435957451704419112137112195173697354957183253070674521353067890553068896649216 152302642468090686317906075078654210912271893811956168373199258865537847240250944285899669542469283872768 534519259702803789099456567172663944474337739899221579420263351258469693228906611153517957611520
4619473530741721184274724703672416323625893838046464665731227520737820734309081987626991692829851385856 4595956210948854240063871559842239747942932755749071830623465543030970904327330823961018200201250931212288 9039497136017291468695731860509544548998645538613354522421629495175130055782348058851319002454556672
4619473530741721184274724703672416323625893838046464665731316810830900788561894777123981788808537440256 115792089237316195423570985008687907853269984665640564039457584007913129639936 5749410871496176278677251154143450538967040
4619473530741721184274724703672416323625893838046464665734084803716382470399091251530674764147805126656 59747544701515445573225046215641887121117433567723187765130691471873972486668783227714912835586653660643328 6351787118457221982271548694433173550971039289966250970433345361223226501519823782517342838321078861824
4619473530741721184274724703672416323625893838046464665734084803716382470399091251530674764147805126656 133139640397244120057534474705451204754374895823951760890329465581574314758492245846014592839954005105836032 6640504764813787601323647075267465360343398286468206845506579081042076722057101947030324668103372308480
4619473530758526731079484213884131000555271207875139279978971494805568893016255633350039220793303367680 55151579724475796296437155426301270850656564947392996905308392577030012298635345710019566118609312003653632 36157988544069165874782927442038178195994582154453418089686517980700520223129392235405276009818226688
4619473530758526731079484213884131000555271207875139279979060784898649272104534731330813450302185799680 728502224092369519986320516033280194438564433430663580977126688798242307968459603968 22997643485984705114709004616573802155868160
4619477936214982771151769643404685298327130206124542026330422822214615995086353213554649688878834778112 36767763646771174372905688417009648827589350766095683537056803295985467888360331928107109754619964652781568 2598454411727426211189460732670499971185305915525188207938893475474732557102048557446244892322950021120
4619477936214982771151769643404685298327130206124542026330422822214615995086353213554649688878834778112 91775920539524091444564914728715108268079928497530576507657884650411145950470223657985922469140702651482112 1443597042729351269014581783635996996264267718665934096558844630816341464786368562930482777386895015936
4619484544424875183521373774727618430550106220829720026824642694322268382791977300724212700326501023744 4595956210948854240063871559726447658705616560325500845614777635177700919661690259921560616193337801572352 550685208045034928086854765789145740631624051833465026250361864928466681865396323946964711374848
5039425669900059473754245131282975031669453733519523872901647141830465222153609789715933259990076227584 3522885545992499531568958733339762741422119304708557018486261766738022858643765803882747723013359882215620608 1852676961491188696401299280807391720249972201092016378373368439914030088323072
5039425669916355761564921019973122597176741614312289691973178967532293075366177667795047566493840572416 3522885545992499560088208386877182629143592015834568637086595826144913858418669067244736500858551668540703168 926337597322061959008497108719272415079696766126194990349089469963663967256576
5039425669916355792647623295584787731888132123513112126905542614100258967829581775018325763046701793280 3522885545992499549902406851159239964498669345969459615557833336249026110129460427489102537701688506727792928 231584620193981072050326112462909649023927228035932253612908548498859862523904
5039425669918392797541255506059391042865152599411385419357120445745021557017748652554936854806811115520 28519249653537419887721472711126011618600334059406890999774903263361988777845191786325082560 926336713898529569816332317070522042923540564930164579366619213140302023884800
5039425669918392832509295566122514319415466922262310658656029548133983186039078273181124825928779988992 18333448117819477223076550041260902597071571569511003251485694623606354814688328624512172320 6739986666812179877320607993493958132826850058877772008538756874240
5039434213864499476287952875671612416836577201118861502183376174021764078617244117699854008647525072896 3522885545992499547865246544015651431569684811996437811252080838269848560471618699537975745070315874365210880 3010600062430764116652287293638324156509752396450174033317836715199915861475328
5039435281860054476604666343720192089982467634568778705843592303045676435675198408697844102229706178560 16296287810675888690147565507287880792765819071531825701827852895655228022056955992149590272 3010594320177803586903216147921446737494737088675976361931780045848063229558784
5039579460966645779280177572841843833525953763503571132524411664164294909975618375727874358958182367232 3511919755734797002154069495931320628094740139663930470723182910311225654010492362357271249682101086191616 75685598686220196087117435780761126041918200337942363064774046577697248487931103507721336703878620990406656
5039579460966645779280177572845823121654025197937263983951255761651723752492385364226085251830966648832 55340232221128654848 1910573116537788343163839883331115535069580902983198083423362854139545249644544
5039579460982942564414089871318633554415476935612822980129889951517101474034430319285478065278464032768 3511919755734797030750155589494052552029219408106128776499411581158719406837171033713942327902770179342784 37914435153574414008566751563015058103527365970332400966351864906483768230834738323966924695361812296630400
5039579460982942564414089871322612842543561238105073374252299912372847892267350317612350109421999751168 55340232221128655296 955285647238376395227512643365996090550512184308188705271411776842296243257472
5039579460982942595497740715725330783399777338298316657749533364065714741564040111636139452919810621440 3511919755734797020182036815786086406227346634986185924364718376715080411227311524734303016386435949265184 9478617828200564543290728270910264670168345001302649511317428529367682411780435551162894060193355988468000
5039579460982942595497740715729310071527861640815110925768623576168606561403664280481905365817068093440 55340232221128655136 238821639575042980551898803477187178501143419289269198875632051202196116603168
5039579460984979662555828908628232269526667332126479461080574737436202294541781812230178528568499240960 28596086093562731923934479268442198305776228670847493752826678671356671078220669093151168 37914398995585869939400876780087615154318652199395826571546001422396071292752835982792659401834370237988992
5039579460984979662555828908632211557654753243126049548039930431212988409739220936785633216620878888960 448 955284736207858618873092701978222269983152460761804378780377272017061846974592
5039579460984979697524936108585766652134005285147659848402673576553392220512592828624672589665014153216 18027967319854765778132606495322255453641535466403854757216819162377031766704334863073568 275342078850181503956287158370062286068860817269761639145657252957973533698148269032125690282240
5039579460984979697524936108589745940262091196174841793495794552983216912517574145013882880065330774016 288 6950611250150060498486876993285161258995056397965950608669298131200
5039588005191826884108884514854516509724636153730994038749852992313572007960304040568118700753671159808 3511919755734797018068413061044493177066972080362197353937779735826352612105339622938375154083169103249664 123078687825983718708140790397613891764822625080513987937249203497636396068628179724025420752961231334146464
5039588005191826884108884514858495804599289141264733079604316852901600898229145258511562053380225630208 55340232221128655104 3104681314381725495297671271562072624688596230127040314061441187009272005788064
5039589073219974522212472882606100594249471452509421902028033158332231645208389748673149243478107258880 15914343565113172548972231940698266883214596825515126958094847260581103904401068017058048 123078453072464522856439094855148290984668656238572433232662645404287691772339939406314686747972005080859040
5039589073219974522212472882610079889967447134180666716560949489307835541446240245297246653573883002880 256 3104675392683359948993941652541542791000758027075542191869716905645248429949344
5196907722084436332309065291631468364079130567802272748947630960830048326097717236080365654433582809088 110159605399273122292057241130257373516830600826154706364729573730281619024100409474560060645260639493685248 75685598686220196087117435778850552925380411994778523181491160688650161325522107241073882217678064079339520
5196907722084436332309065291631468364079130567802272748947731412184763387132131624264479512409604620288 2779010141695588690165703640208509788478479631975373536946982016189915111358464 48229646022493740574201816775908367938988338577408
5196907722101241879113824801843183041008507937630947363195374934897796484804890881803413182397034790912 110159605399273123184006465631209716222508662899975015704523544042912219546348828467752460450198348206440448 37914435153574414008566751562059772456288989575104888323009983615946859430828945731530878864177310189228032
5196907722101241879113824801843183041008507937630947363195475386252511870674771578471311173903252979712 2779010141695588712662836259834373646065948924751649972257823929149014805577728 24114800013603384302396112835365945657794135855104
5196907722101241911167861523567712711179629400219009322795087779258098585459795642495333888282975272960 110159605399273122865097940283434031940369796267791461768811085966403185275945490272402918021997356969361408 9478617828200564543290728270671443030593302020750750707846270056619548100420316357493313623954989611230208
5196907722101241911167861523567712711179629400219009322795188230612813971330295913645784377241230376960 2779010141695588704628146038539422268356138463045836959646808960235050629070848 6028705753009107929150005206051614963829739365376
5196907722103342572464419740619647375624680108859531689976342931656265004643287587518794123392466288640 891949224500952342705678062073820309339793970312630600522248418993192399804937708712755200 37914398995585869939400876779132330418110793580522733869591893929428878730308722602138643458901300371001344
5196907722103342572464419740619647375624680108859531689976443383010980431117601572747165131589959024640 22497132619625863857587469292776276435310841912959099694219264 24114777015959898317690998126361329083991979986944
5196907722103342608525211052559743254567191754271101394526019881561604867880055443297204917514149330944 573040699153176658423539195441636755404081512236121566251845080797842857376736717475676160 275342078850181503956287158363111674818710756771274762152547549794422724508238379731417456189440
5196907722103342608525211052559743254567191754271101394526120332916320294355066449818447485345183596544 14462442398330912479877658831070463422699826944045135517712384 175458095444247208056061307961064038400
5196916533047765084921951403032250660582102136375164043987763810804730852116164487637674790595621814272 110159605399273122801316235213878895083942022941354750981668594351101378421864822633333009536357158721945600 123078687825983718708140790394509210450440899585216316665765504047734549557291592459490310111086373698024448
5196916533047765084921951403032250660582102136375164043987864262329753574946607105003925559152296067072 2779010141695588703021207994280431992814176370704674357124605966452257793769472 78373174786749718790453049526330545134414369666048
5196917634418181178998562166957348447644973582446775455867780417051566167868470394082338432615876689920 509258994083621521567111422115200044616939020620819759397764413158772948891096519228260352 123078453072464522856439094852043615591985296289578491580199475638589000805154267018362770379731457007432704
5196917634418181178998562166957348447644973582446775455867880868597877348423416540096356314995132497920 12855504354071922204335696738729300820177623950262342682411008 78373025302067059889869803917800537404700356523008
5599361855460806814204281590122742766732461122021681090076333831579115454713463413510436691918788231168 293586300775027914982817770460456867583540183379215529545964980553940108283783260115523229703750297543770144 3010595203593753491095244822127947011657663037219065293923982699529343520997376
5599361855464880886156950562295279658109308803228580688688625459398049877252071038392230493978445742080 728500834584648401594798215058819589990902564644552320469444160761924482502049660928 3010594320170221101903080030479196639501506836023034882941512442705981577625600
5599370399408950528927313445821232586392296708828252900286531038068586457964529863415243134072472731648 293586300775027914982817041959622282935138588581000470726374989651375463731462790671362467779267795494109216 3010600062423181631652151176196074058516522143797232554327569112057834209542144
5599806140764278860824656164412783683033474277736525868631600024416713263712176727467867044309834399744 304605865924655145236978316344805729103093514183530988182890584215120821246239217209071254704257677393952 123078489230143241901748399642298648418445237791069333119553174234843121763037159808486656810245979704918432
5599806140764278860824656164424279404292360178603529426560271058304269717810101037402470774990851538944 14507114447070364616884256 3104676303706058287691971222816996198012605221022248557527260638880685398950304
5599806140768354051754607058605265424020351364405519031445271190950349785654833499676261995956655882240 14507109835375550096474112 123078453072154697832582524859371205469236524020132758724747310750755424824955257467312391516718537646277024
5599806140768354051754607058616761145279266218404277060438965417416620785114102081725353316996863754240 14507109835375550096474112 3104675392675540511337551281429222377445245497475864231036226134055451002667424
5599814684973163180519450807948666638342633495854696927251563065213183797638050448750507679785041526784 304605865924655145236978316344805729103093514183530988182890584215120821246239202701961419328707580919840 123078687825673893684284220401836806249390492862074313429333868844104129121243497785023125521707763899564448
5599814684973163180519450807960162366348088081763189131912287998833022723771895978301682718949077417984 4611694814520410144 3104681314373906057641280900449752211133083700527362353227950415419474578506144
6054310006216182553467845674873290616226950354541086638274277012610498060491046248429396830659717103616 9191929954079299382740132988412365682110756489744715167209724514975539176706282143047971094024011961597952 123078489230143241901748399639193972114739179503377361896814551085130029697532112109579075107462070396793856
6054310006216182553467845674873290616226950354541086638274567205413008561648154122778398776120643158016 728501066169268587993385265221229690732179542775570863887379159509781307121370923008 78373048299513155517200858619678936096776090825728
6054310006221402458157202795469353508303499386078781026033045974252753170392516850510040381003671797760 728500834584648401594798215058819589990902564644552320469429653652089106951953186816 123078453072154697832582524856266530076560983508795207443396461398612048997011888980186839702186060578567168
6054310006221402458157202795469353508303499386078781026033336167055264402429423918947556626907539701760 728500834584648401594798215058819589990902564644552320469429653652089106951953186816 78373025301869669532495743910674319522973934957568
6054318817162705759275972276062358235800544553285303319066665888517432427802319854263658438858304126976 9191929954079299382739404487577781033709161691529656347619733612410894624385812713394319004917060008411136 123078687825673893684284220398732124935016586804433032528962489807757597749149214421314379433540977269158912
6054318817162705759275972276062358235800544553285303319066956081490250265919989649311013161369686245376 231584620186398587050162410100741276978131018543417949505857692200169417736192 78373174786552328433078989519204327252687948100608
6719234226541560775577664786050406617118574004348154478274631047893920175337900418010083621144016977920 85164198435116662981023193863565776134273382770425689763809373503103136545601710849921612816628646001246208 18078994272559756275040198415576884518247785471122687037464173133063735175836988729153472345673826304
6719234226541560775577664786220023935337504588057816189105502339639301370191116016040541235352042471424 2727261165587225977531425520595802260126281699344909199515550932715036615669359804876962506473934433760051200 559936185560747340450036458832700346803893851183824027171715179020876428847105757428239952964648697856
6719439281297009431607192913197302931943953695500536444509690002585508320837403472598210848008536326144 2598108275427702450270481790463849597863839483131055246908860208659211390474985095393664339221418300407808 560482998241959007774694697562042527869866824670516479136940227891721262270569765519987466987865374720
6929210296120984549814466810614481823903529441984034305724999192608452982319684635898082046686575722496 82584008117626382964437171609262212950668695376879574816428329380055744111146843138142801236754027048337408 577434191359520694839100098170766717382614099584482697464158912981719077508124704208925288595118358528
7839106597638611024761723870685886503659771466267580732474094046326995976562627550970566044266105143296 2642132243371029181323308653500043612995148486541660250455111306254007724208540088044708847759513594422624544 2779011025119121098641161742860316500926777895986524149082327896244268015026176
7839106597638611055844426146297551638371161975468403167406457692894961869026031658193844240818966364160 2642128323578499822142798248747810184034689573464364606543709494738904974798580093943289512908456190460035360 231584620187241085383513932585589041030433269903105403554030776490321105649664
7839106597650833240619730787203497177790237376862155096777742915603366866472053459529901774143928401920 3919792529377513958522571710652037008954338198240982973381026106000895654617707774149539386028474761504 2779010141695588709448996951211566128770621694790493738099857639420906071654400
7839115141586754739484755726384376323319607053074152542684291252816466979813694000875372486419789643776 2642128883548861159168585449426700673886183703903978269959624039241062510428574378814920846458607248168976672 3010600062424024129985499633689657402737992171869781607548709956851398837534720
7839116209592494919683141624864298224907552412019548383264214772904021745129503215672809021566823464960 559970361355359235318498367712928044171700516260487486114013160787115688908477986148238479682221113632 3010594320171063600236428487972779983722976864095583936162653287499546205618176
7839345828186634664014188522897435684152117915337029164865674209386154201798662750245408264699676459008 2598107967845569295687397245435489687580941475663859481192396802689074621292163745358498407854951142261024 113599889481246774416898180447276744629865574741220376476666673879244103939848950812788491959787387145421184
7839345828186634664014188522903625687906908570292442254225219779957138865874231075515730804883647889408 41505235738497646880 2865855119654093632973698047322440630516817105831797462832166320876419937206656
7839345828186634695097839367304132913136418318022522842485317621934767469328272542596069652341023047680 2598103900926252902274600365314161140753715272114448914125522823521853327785805859018891164073564963864864 9478617827925222464440546766953977511798282715233788694047666890222025158822462017464745791161230298185760
7839345828186634695097839367310322916891208973002479805741543443752897535010545038385286061278716231680 41505174165846491424 238821639568092369301748742978700301507858258030274142477666100593526818471968
7839345828198857252864622746755027974819260294418968050569782924900759124842771707913611044439887708160 4066919316411440764199976094324959832698871666020708409445571076050723177048716639010485721041469728 113599853323258230347732305664349301680656860970283802081860810395156407001767048471614226666259945086779776
7839345828198857252864622746761217978574060600418299296951002892997981970705454790555429448076922716160 61572651155744 2865854208623575856619278105934666809949457382285413136341131816051185540923776
7839354372395518983708983166433318639461277133455200223485637250182624735724536471528048900174883586048 2598104481914726672762142776760065218871890444050078995135076249117170655429571271353120770328048703635744 123078687825708376629291610582305158498004755641990858283092103636683287987836799636202573815646680608932256
7839354372395518983708983166439508649962636473452101959577236720485891871836026016414942748841873768448 41505182961939513632 3104681314374774884047546497240010034861473981593993237765004945596118737093024
7839355440433852112521266720732896299542064414801910491517241345796788475509379644356581759349495726080 580988473788515509731300669856250781667257885534651088891999172084860584574711261372958818602844448 123078453072189180777589915039839557717850786800049303578505545543334583691548559318491839810657454355644832
7839355440433852112521266720739086310886754491472916465472021951092829102412474099067042885029926830080 8796093022496 3104675392676409337743816878219480201173635778542495115573280664232095161254304
8084078678814817619285527741638443243274691586409987779277392135358934443748067124070282990415691907072 82583990858851133296524405012747746222480859708460644079682469085547381581534889313453427652910370672082944 113599889481246774416898180444410889510211481108246678429416577602772810014954931459044414242736745304043520
8084078678814817619285527741638443243274691586409987779277548393021824863525955814173799791908588879872 2084260698254054894259296899257921121343921253148813107743240168998424113315840 72344354045523180937778109088088603825778095828992
8084078678814817651339564463362972913445813048998049738877104979719236544402971884762203696301632389120 82583868133579997424714710924380593452712199733297030785070292708217359849981505328636808820789851382087680 9478617827925222464440546766715155872230190345932039951074995294467000550625893632985075244223572155040768
8084078678814817651339564463362972913445813048998049738877261237382126964181480149348272995246566277120 2084257606271691532086720128487294821236518555051993575410063456187571851231232 6028705752833649833705757997995553655868675326976
8084078678827421779389097374297229250971724613781493739963200115909745562778447358362568636388280893440 122725271136444850393241543811193307855416800368698693688613451587983398464782659476208857236765671424 113599853323258230347732305661483447472033285113664523975998487916254829314434708329652178837460735485816832
8084078678827421779389097374297229250971724613781493739963356373572636226182935779828923538028825149440 3091982363376635019169101538779985061529167282955033003656855987779796992 72344331047879694953072994379083987251975939960832
8084087489761340825093654342827510862848285785154204460069781011265868811059340729904544598614278930432 82583885665761588263544667222718758134107722586891832684300603619264505811631988755039182939664211280658432 123078687825708376629291610579200477183629980757943311785930466776608388266937815839068676110401219422336000
8084087489761340825093654342827510862848285785154204460069937269099066567797791340706414177157631967232 2084258047983457726682802524311670006966147511922967794314802986589122174386176 78373174786574260695009440631107240350657550496768
8084088591142260385923239800634930322992018087368737505854637601305046726003630164926112945611691294720 17532181591411870655451514823104934718295231557303311823147168712213495564224245231495611077374246912 123078453072189180777589915036734882325174377462305486700364438367462839514800490397941136379046302731744256
8084088591142260385923239800634930322992018087368737505854793859159533143488750747178114721433998622720 441711766209058524794155287665607287787941437641604566474446685840867328 78373025301891601794426195022577232620943537353728
8399042783166765789590408552131666042956170614629935755874959128614219516925603616013787842813204889600 117513462768224789093044514189495205617247266537546467230113683684166901765970601307010949426607816704 72315977088138331749565854885843203456767548638490133680071352986831463096851331402091051139211460608
8399042783166765789590408552343687690729576734179931455969461529361164934104646392538318950685076357120 3756876526155420856600319137852904397664737643737954011115814237834895520249828070126786820684222824448 2239744742177804210557442280570211125186423881564232832400733413276194263240982910321391139995493859328
8399299101611076298800295954948635089373732775636237296972371306270029784186936679451038218145465630720 3776425079508169025674398376507768138617581595526562097266369562629684475180172492440596969703866368 2241931992902587222481814782797383960522551375505425522884056006289648916948013303373110656917422735360
8661512870140727220515108819385780606798550946337121248251409006968217131998296096620015182777134612480 113959180340452394715939198067557944418283491676772138582214563860531066809848734624825073262240202752 2309736765370860592137362351836208161812946919023232332865659755655882336564770392933263062540656574464
8958978968711216904395173673497107381909363007291203152156975253523632164778640893168447099653100404736 12776314012408480812621156971433779020335974687424141234283239743054081612168622565632170275200 73391955711682288371546268651519455533287138780162131719741849386033851789481762882871915043650632043986944
8958978968711216904395173673723263806200996203047140666104448005279321298944483948968531703876867325952 212802613632 1852673427797059126777135760139006525652319754650249024631321344126610074238976
8958978968711216904395173680734112959241625271481203785365625183394896420188380695844523304460574785536 12776314012408480812621156971433779020335974687424141234283239743054081612168622565831685308416 2348542582773833227889480596791189700803479608035097006467429978057861344869258692488330319728895313106173952
17917957937422433684459538244547554224973163977877196279199912807710334969441287563047019946172856926208 761513212343223805801404663324579213598532609918782264963343586223736083420586727467713940086151394101840 18383824843795416960255729547264884723952732410681400987925026503528055758601338679250288735209322115497984
17917957937422433684459538244999867073556430366250520439401517929303818526089912304081747094794829561856 12186380303738706414160 463168356949264781694290070016915094968513372050670857394564810988141252968448
17917957937422433684459538259021565379637688405823569779430320446080230112789675243347670979080729133056 761513212343223805801404663324579213598532609918782264963343586223736083420586727479139392196846813265920 587135645693458306972377919873366328117153579856401551822466227605376978208787788972958270024321137844944896
17917957937422433684459775386746312248541391451254494072035196304638930201316440372179068152262359515136 1452473954795146670929692085281431674684138112862016973594609434929138781763976494477462595436544000 501078257604485137526510271399294540419645372142322043554383122007369694162613632068006046597120
17917957937422433684459775386746312248541391451254494072035196304638930201316440372179068152262359515136 1675329067155092372763090259314074269916771741821320982919355889692219383525290800428970668189533067024048 9191912421897708480127743119684479495885865511498143661246931086061941808654661647922036400402501862424576
17917957937422433684459775387198625097124657839627824218547507933610766720258140070224771263412675018752 26810036668225154111152 231584178474632390847141970017375815706539969331281128078915168015826259279872
17917957937422433684459775387198625097124657839627824218547507933610766720258140070224771263412675018752 6389172956686558908467118080 12637475000272837269976139987791202289081920723574455524182825369600
17917957937422433684459775401220323403205915879201059134208212179116120138048173601284813048660101234688 1452473954795146670929692085281431674684138112862016973594609434929138787754203930689742518133719040 16019902769465105684729434668411862191725262322144144119762167446593284236370545709252554732339200
17917957937422433684459775401220323403205915879201059134208212179116120138048173601284813048660101234688 1675329067155092372763090259314074269916771741821320982919355889692219383525290800454106662833062989185024 293567822846729153486185074598898712600434951004387125808428747257232668108657336561041289966111914138271744
17917957937422433684461672524336376437087211238272876414717464280067692056317662845235453800978380226560 761514664811637863092445790862014322757733785458835132949545834231334372297461781039019837143102793976400 243307895925732181001387685113665431164331404172141292015383406215934404318390648832
17917957937422433684461672524788689285670477626646254451715427968066352273603962199368964612355438673920 6389185143066862558505945680 6129982163463555433433388108601236734474956488734408704
17917957937422433684461672538810387591751735666220973972431346043403240340076546383524817436498305548288 761514664811637863092445790862014322757733785458835132949545834231334372297467771277881501533637779210240 7770675568902916283677847627300205608733090911641991473115850875690092097309568401408
17917957937487618835702478941506902510570491552408141060632506264659286695695780573771494926860228231168 1370723782217802850442528393984242584477358697853808076934018455202724950157056109441885092155072509383312 119351517821671909029789226079572437551934759490387381732687662528493771813470425433238494743326829012058112
17917957937487618835702478941959215359155403445338792413186972862813722103517331286303859861844526104576 21935484546729671545488 3010594320182858556013112317513698280617377370207627984512737164773435461599232
17917957937487618835702478955980913665287672126188984716154481154339441316270715204431030823010707767296 1370723782217802850442528393984242584477358697853808076934018455202724950157056109462450905954324263878656 3816381697023498898089863304794843795557782547401130597626109125372875210867665543679031625176610128961470464
17917957937943914894401403824831034344774192260483669980813675984801782156351161984918482349045309243392 1370725234690649498018073363245397831454538680272308940144837780491792551243456531337341853536539138593424 501078257604241829630584539218293152734531706711157712150210980715354310756397697663687655948288
17917957937943914894401403825283347193370622685315569775663227367234409786331669798857480050867483705344 6389194892171105620405146256 12637475000266707287812676432357768900973319486839980567694090960896
17917957937943914894401403839305045499859965855104463789778363970013653822358475595626423690460294873088 1370725234690649498018073363245397831454538680272308940144837780491792551243462521585343879615696964042752 16019902769457335009160531752128184344097962116535411028850525455120168385494855617155245163937792
26876936906133650526689663080119468372812087176881741108052794456958395301974660558268602228393539272704 6698455344658542137164496036693517304167201361742490760673503192917806135067208886511663572022465696 300438362078713672285636248325665276013288199984808927070393227680407438863249859302604039782400
26876936906133650526689663080797937645686986759441736327821261900416150080387210105337156895119012528128 30668030192095482547840128160 7582485000163702361985683992674721373449152434144673314509695221760
26876936906133650526689663101830485104808873818801588701312318268674180207072260401927219572990151852032 6698455344658542137164496036693517304167201361742490760673503192917806163820300580330607001454411776 9611941661679063410837660801047117315035157393286486471857300467955970541822327425551532839403520
26876936906133650526691560217709532561357906963900123450735062432387157156975883031324987877109559984128 6698455344652201265900271257006036180503329396031209944750837009520318524904199192902210087976699968 55151474531386251263457175751229549578243835802979354021198864870990836258996006488764101185064837440339968
26876936906133650526691560218388001834232806546460166560989181934871735633733032234481350244061776183296 30668030192095482547840026688 1389505070847794354724492345622523474601879236810879586080177920704692036304896
26876936906133650526691560239420549293354693605821503539535452132961300409100633184167223960828356165632 6698455344652201265900271257006036180503329396031209944750837009520318553657290886721153517408550912 1761406937080374933139341846951446599045851192187487949836154253374088569005779922809420136523583098078625792
26876936906133650588854711918044661606882526985168399431356888061233967134219928456215467045825957330944 12776293870817406216262149678452729074091950618950033941700682998614825366175585079085435455552 36767649687590834303201689511860590586472104779983066698705002698866952641686683192920028384259833715490816
26876936906133650588854711918723130879757426569297661105505965934583139825034396253050278798671696887808 212802275392 926336713898529573030208405587771843188799298148317329922347584673039517745152
26876936906133650588854711939755678338879313677304773564795945629475126532978055939192194283541303918592 12776293870817406216262149678452729074091950618950033941700682998614825366175585079284950171648 1174271291386916626166971697753649173844981290178713698219296758859623232788465249687337556591359269802082304
26876936906133650588854949060243419630450754458545697224192171558162562366095081265347515251915459919872 12776300211688670441041837159576392946057661899765956607884080486224988375869194532569481221280 9191912422198146842206456791970115744211530787511431861231740013132335036335069086785286259705105902206976
26876936906133650588854949060921888903325654042674964884651955938890088019202624019193302967289542344704 212802376864 231584178482214875847305672379361499699214690704730280513059841330335954501632
26876936906133650588854949081954436362447541150682262919573837362511016558236554297129336353120676020224 12776300211688670441041837159576392946057661899765956607884080486224988375869194532768996032512 293567822856341095147864138009736373401482068319422283201715233729089968576613307102863617391663446977675264
26876936906133650713185521020491322145728089021873609456470925760570896494335922679505341298959301214208 12776289643569896733075691357703619826114809765072752164245084673541383359713178776762738278400 113959180340866975798891306459995851425170204832461423216421268193302252481925569836929344627948912640
26876936906133650713185521021169791418602988609141421998313344015837963896833451846905595111630601977856 212802207744 2871126480275319632860541875498265341819878889339275126407198230529966080
26876936906133650713185521042202338877724875814443611356096875550184689260565142087533569913381724356608 12776289643569896733075691357703619826114809765072752164245084673541383359713178776962252931072 3639585206052172576002017865487337975402610210686000580646809140037116582477904289818794813387083612160
26876936906133651521338033037282816872122403257541803651647364027082592037903836817643981902176311050240 6698455344647974018390788070547715431394081418890356067469059553921993451462192730495907765279522816 59747544701515445987806129169255576719109550994942766259528268480670815058507782637063073531960890054672384
26876936906133651521338033037961286144997302865210253703448206584910328208125476985323880747733016903680 30668030192095482547839959040 1505300031211590815826055665654818300357851620532216671788074999301101215285248
26876936906133651521338033058993833604119190702932205869942891498637781460609888231587714877291524882432 6698455344647974018390788070547715431394081418890356067469059553921993480215284424314851194711310336 1908194488088945549832778986910707119240802584138727003755367503981152379822855165551058203574540828982378496
26876936906198835740097652615004009892479854559699344212789481518182918860474421466939942026513328635904 12776298098064915699448607999201838322069091472827315719156281323688267372637991381408132632704 119351517821471269134264184538019340725404134389036365556823642406222298343019509328157778773774382177189888
26876936906198835740097652615682479165356399648385933079291420868093043402461815235272391565721393430528 212802343040 3010594320177803566013021572552198215288561189456321019933510807433228534677504
26876936906198835740097652636715026624529297397670188501520106337734337736459095900275554127471282552832 12776298098064915699448607999201838322069091472827315719156281323688267372637991381607647412224 3816381697017090936982100574547658730439268836067322393314077666997705269863447577537110477169201035773739008
26876936906655131736631291518204190469044887986110917016831274137121247257009382171008016425176489000960 6698455344656428513409754443464356929612577373172063822032614465118643598346205655308512410673877120 300438362079200288077487712687668051383515530847137589878737510264438205675681728111240821080064
26876936906655131736631291518882659741932951605129481884936981334039793146460739833969865682573821214720 30668030192095482547840094336 7582485000175962326312611103541588149666354907613623227487164039168
26876936906655131736631291539915207201462923794704993356882470059571713891382562396268830214790345490432 6698455344656428513409754443464356929612577373172063822032614465118643627099297349127455840105791488 9611941661694604761975466633614473010289757804503952653680584450902202243573707609746151976206336
26876971081926225447746839340838620858561922665145967162915244913236621649851535169754141666352692199424 12776290700381774103872305937890897138109094978542072608608984254809743861328780352343412572688 113959180340484285568473975638857284785211584567738568266729457352177768476091150386015503438464417792
26876971081926225447746839341517090994155115601234253134102145974909942091677747520108689749972686471168 212802224656 2871126480265678004594987933845013569265831913724141908444501473518157824
26876971081926225447746839362549665197544096619971118801565357434798577200457172411758048644179492339712 12776290700381774103872305937890897138109094978542072608608984254809743861328780352542927241216 3639585206039950360144010948969727301272144300091426216343160270760745692806162868802252096392971419648
26877210312474249397828579600061206574793072403720665303201917248408393282028736739634384841323438931968 6698455344649030830268158867162295618671393413175569536789503917821574719822694346097483345953817104 4596070170129194724349440033817878605227717967333639569191732272488323082095806915111404215704689395630080
26877210312474249397828579600739682749414318801952902789758622257486153766879842370948637854469692850176 30668030192095482547839975952 115794960363796461101575579996621752866839250497554288181366028509386647797760
26877210312474249397828579621772444162672957147152265433685037584778061140221897605947883017213814341632 6698455344649030830268158867162295618671393413175569536789503917821574748575786039916426775385620480 146787551008570616693452681310398326027518747646493654330430716788887094800021474443389447235152350040555520
35835915874844867368919550773492624497082782902508988144070392609277860402632880744358136304524719030272 4955489923336511391156450358313360905878274519452354161963489333991184057371664050271196037177671680 33439982587628577540145670512271544067726195359585519413998315721160375883227295460900334469120
35835915874844867368919550774397250194249315679255648437095015867221533440516280140449542526825350037504 23001022644071611910879969280 842498333351522484665075999186080152605461381571630368278855024640
35835915874844867368919550802440646806411831758402118268416424358232240276096347202569626097320202469376 4955489923336511391156450358313360905878274519452354161963489333991184078936482820635403609251512320 1067993517964340378981962311227457479448350821476276274650811163106218949091369713950170315489280
35835915874844867368921447911082688685628602689527370486752660584706622257634103217414521953240739741696 7860432292188949103213679878703951781737952669857401929147217783625729442287174493985496734525030400 128543430243068540144263409820816639543177856429294966637261709935485707249555242841560772471780546254471168
35835915874844867368921447911987314382795135466274078670262935901677118993862102269593735875768113692672 23001022644118099262502338560 3242178498644853494357156979762106058811629463742863835836061114919599730589696
35835915874844867368921447940030710994957651545422033106639558222519360478124719984809630485158406782976 7860432292188949103213679878703951781737952669857401929147217783625729463851993264393288947523911680 4109949519854208177325141337120800601662031018900974949891838235327422183668783974356481238677823641607995392
35835915874844867617580694693988429527637452029164812608627901014094528659114563572673788398612401618944 2904951820699367904072669805978585095374345429218394377127931592735061782272627043744834073663635456 253943226727488997952815070520624424359445017113410553169777243794591976637595639788368496879237857280
35835915874844867617580694694893055224803984812188562664417792021117285195777935795874126815507469303808 46487511224025088 6404820609844943796381208799188438070213575983910690666600672975797616640
35835915874844867617580694722936451836966501085924815141462500733579585680753522783378093217842299142144 2904951820699367904072669805978585095374345429218394377127931592735061782272627043788418864224665600 8119074690424077284927578315317907791282745854607232064519805004698183145527632646518849968325032673280
35835915874844867741911503796435090066483014065870022633741938713431458019230557795963662651745745502208 4066928768240342988895561614134821445718216689380413484001422972588879936238831221230554352602578944 110159605399273123184007923581447680551406125406298679314767847763361823632245919545716699670975542529622016
35835915874844867741911503797339715763649546852032323557225170102372109267576991389729443128466374393856 65082451872972800 2779010141695588712662873039727354427398549525080301579678230778887947212029952
35835915874844867741911503825383112375812063223063652932763430654289148408340608931719468847682719580160 4066928768240342988895561614134821445718216689380413484001422972588879936238831221291572999533625344 3522813874160749870352771187923003176461161116892200698274980740812956847451469301234398658745599813331451904
35835915874844867741911740938633848090051241539247320426577222210360053251105710605095710857835248091136 9451846930192015440285587994219514667278813346609944203143100516397357116600030533376316276736 9191912421931148462715371697224625166398137055565869856606516605475940124375822023805263695863402196893696
35835915874844867741911740939538473787217774325409627336371160106679057461745219155872467297084219850752 159601655808 231584178475474889180493492502040891705726049483886589460486798384105114304512
35835915874844867741911740967581870399380290696441142287541322387325038433599107289656610917262091681792 9451846930192015440285587994219514667278813346609944203143100516397357116600030533525952266240 293567822847797147004149414977880674911662408483835476629905023531883479271763555510132659680062084453761024
35835915874844868363567920730655972996393098983169050687664962179402057138562057003733515978307490807808 6698455344647974018390788070547715431394081409695382822273726403771911288320970316499776455586086912 59747684685561832609828283093019637347682485269755047208658221836646416348231938307133024971113141343617024
35835915874844868363567920731560598693559631785024165812721960551715711568254547020436266379439354413056 23001022644099504321853390848 1505303564905720385450219186321741990530580014229311243203615192775846482935808
35835915874844868363567920759603995305722148642532735437046997588195841529633975032230121401621575499776 6698455344647974018390788070547715431394081409695382822273726403771911309885789086890134812214951936 1908198967578429921737487912471156949810618464274370924986851376977017040889418215279414903629695766931439616
35835915874910052893154444493394438352080341640400967415174532170380409745485050806688137632433116807168 580997925617417734426886189666112394686602908894356163380948833027425474340218688773393515785748480 119351517821204270754774070777719963012126200388044239831580394056207163234373322576329563561901236013760512
35835915874910052893154444494299064049248519931120595531010625035882012845004410371951555895516070936576 9297629926129664 3010594320171063579346233912603531461516806281787911733827875664312952632115200
35835915874910052893154444522342460661462046943429067869487591362548359611821648892802828691612698214400 580997925617417734426886189666112394686602908894356163380948833027425474340218688782110593606746112 3816381697008546988838416934218078643614583887622244787564702389164145348524490289347882279825988911523430400
35835915875366348578861179211577346593315583711738164052848872289440712357667602357097550501307668758528 4374501449566023848745004454235242730706338889371344608526743644064274980388561961528335897708199936 33439982589086527778109999409734050391389805603889239863602401618251453847466516238094657650688
35835915875366348578861179212481972290495280524943393994210735300845176506589809869082251314280158724096 23001022644062314440555495424 842498333388302377645857331786680481257068801978480107211261476864
35835915875366348578861179240525368903065881734305522923986576149129773960406649196911236739120396107776 4374501449566023848745004454235242730706338889371344608526743644064275001953380731883826541597032448 1067993518010964432395379808929524565212152055128674820120663111944914054345510266534027725897728
35835950050637442352142013014335728240471285672437170315072220166760253814630176062922588766005792604160 3195446057584611675278392758017644182960313244258899153846304437698516320764178088116264143398371328 253943226726597048728314118177918746297371196804070759199464613194069728218602447388563559170525102080
35835950050637442352142013015240354800356111804281393800206593980189263390622231469077221453849553797120 51136246386262016 6404820609822446663761582935330850600920799707475379824687713876103397376
35835950050637442352142013043283778156785721891452322586930982618193473620645553107602571948640067125248 3195446057584611675278392758017644182960313244258899153846304437698516320764178088164207398051905536 8119074690395558781258895510110149551644992063219891881144624309719984402960235997480250295338770890752
35836189281185466240058467293434362699063768129347912339219515400727858382686956925723918917454618689536 6988949581533217789596511022586774518980049224735887598992099248735365826812521360871206525320822784 4596210154175580837112599873960417666689230126945875901382665007644164974055549426408406763760421456314368
35836189281185466240058467294338995297976647721766814899032376224291537127008912406061023486176030359552 23001022644104153057015627776 115798494057926017870234746591623238703870905465348039419282271721789233037312
35836189281185466240058467322382605864275915086752795000789143674336121209245984406590289541543864958976 6988949581533217789596511022586774518980049224735887598992099248735365848377340131265923346042191872 146792030498054972301873796194959466449769120494256782796095518252926054038731628516518125233351295840026624
71671831749689735235161389387976859055274904058329625217255802028189057318229127145347576797224803237888 152302642468644761160280932664915842719706521983756452992668717244747216684117345493542788017230278820368 133139386454017393492376598929468572256545264604900065517846901445436473545737063594365151646266894149746688
71671831749689735235161389387976859055274904058329625217255802028189057318229127145347576797224803237888 3511919755734797002154069495931320628094740139663930470793334988903108994084269234329423722056661965209600 73391955711682288371546268651519455533287138780162131719741849386033851789481762882871915043650632043986944
71671831749689735235161389389786110449607969624377125328835584042234570391555871591748253631014938607616 2437276060747741282832 3357970587882169667283558565251949327744829555303576357144269936229480759558144
71671831749689735235161389389786110449607969624377125328835584042234570391555871591748253631014938607616 58494625457732988174336 1852673427797059126777135760139006525652319754650249024631321344126610074238976
71671831749689735235161389445872903673933002171849630282925001467159171361507045566756186435684598284288 152302642468644761160280932664915842719706521983756452992668717244747216684117345495827878439369362653184 4256733431277572725549683581684031332706306789563613324222216835229873687575531380135098704508622755004940288
71671831749689735235161389445872903673933002171849630282925001467159171361507045566756186435684598284288 3511919755734797002154069495931320628094740139663930470793334988903108994084269234384265892187800462163968 2348542582773833227889480596791189700803479608035097006467429978057861344869258692488330319728895313106173952
89589789687112168422298876933731561242706957256272470360175981523194651006582201860895340761311797575680 1675329357643234435797549908958944973674265695211328710351131788248263405226075495721887251439472567386640 517798248898299426296583106655430312453508469822114803261382279867949882104227279798456213831680
89589789687112168422298876935993125485623289198139121092737539668053833601290700351123856317063375093760 1277861401373979900446261776 13058724166948598512308677987384242365384651414360270708322252881920
89589789687112168422298877006101617016029579396005295671041060895580600690240868006424065243300506173440 1675329357643234435797549908958944973674265695211328710351131788248263405226076693792510488538887271497728 16553899528447275874220415824025590931449437732882282257087573028146393710916230566227639890083840
89589789687112168422300774071321625431252777043290852702858249498623412861583424333951726410027818287104 761513502834690317890113458487019708200634332339591700094398215407065486766125612013437281032961362231824 4595956210948854271955028229489715341383071153573819305983666764937089507982683872753742361026748043231232
89589789687112168422300774073583189674169108985157551325905459702509419154636522480268049666006138748928 1277846777717615467199218192 115792089237316196227047669615887375068542822571357616846477174594920465301504
89589789687112168422300774143691681204575399183025210509264194759867720892269240788664069631138710487040 761513502834690317890113458487019708200634332339591700094398215407065486766126810070349975599591442104320 146783911423364577761620238811153528079794917017220237709088981962994992907910869072567008976737343538987008
89589789687112168919620927632524413280248068036206821496455714835899392287670414708394596743397660164096 761513212341007506431905232979532686368794097231581126497157765805545828990750601299176101621571082256912 22979781054744271232210514468858674333154802176570106628477528937060973125292007168597815161831751768080384
89589789687112168919620927634785977523164399990627645768237101971538388917645783895830000725809768169472 12186380303703239311888 578960446186580977921331609650639006481622761233919873004307510626572983861248
89589789687112168919620927704894469053570690577673200062355321913239401474296720810103857414765327417344 761513212341007506431905232979532686368794097231581126497157765805545828990750601310601553732233248915456 733919557116822884733990388008950953280664819025994489325946476477460329125225542194649588908961171815530496
89589789687112168919621164774723171303816295509584119289290998332827987519545567517526644949487162753024 1675329067149551624339341683451457951842425460103318136753891338646743747450700485007626072028082287411728 9191912422415506729026042545981062602541295823951652131069045889323324088522611530026263680200958076256256
89589789687112168919621164776984735546732627464004949547383091975845337111814011661973024894427613626368 26810036668136486355472 231584178487691115014090568529684493693924211696665779493275438724148512161792
89589789687112168919621164847093227077138918051050689417133213646275291499555219168040999484344699518976 1675329067149551624339341683451457951842425460103318136753891338646743747450700485032762066671529078308864 293567822863283053014632350473119128424460541935836563541311029514320241136803730271957520532339554028355584
89589789687177354070863868329483761565845395610737766277888308292848344013924907719119071724085031469056 1370723782213370251703529533294149530017881672479405800001646814366344441297383857104809415225911885693456 119351517821688629021082979541368528954145644915499966414009664205349727936008001775328554407456199581630464
89589789687177354070863868331745325808763373069715917742022556905048292495073202878052113492859464712192 21935484546658737340944 3010594320183279805179786546260489952728112051936903564894339361218452705509376
89589789687177354070863868401853817339220674298038614999079482621498612677777760771187217258695306051584 1370723782213370251703529533294149530017881672479405800001646814366344441297383857125375229025097135177728 3816381697024032894848843532315442550984325356678947947985445080237472705951350374190858387510560886727114752
89589789687633649632240505371816283338939758065501646268954461203357502961616923473634754958094747303936 1370724072707053063161737758801636551849721907587416373598887263967864099072758867819070594637302165668368 517798248897995291426675941429178577847116388033159389006167103252930652846457361793058225520640
89589789687633649632240505374077847581869254043826866649853259101677476667364230079756565104518183780352 1277856526821858422697247248 13058724166940936034604348543092450630248899868442177012711334871040
89589789687633649632240505444186339112683629371908700326611212686478134374551170000765675885100699811840 1370724072707053063161737758801636551849721907587416373598887263967864099072760065885123650892455328366592 16553899528437562529759287178670993621915312475871365893448020538804998897321617951106002929582080
89589823862904743778513055055318372531927463716184389228014071687902046803302021421933271363924395032576 554074842374857586261631807434628171800284616546455104547563607459031542134459616145077961232 31890852534777568428213886663218355393571245807650903427040333819534954242820099123707904
89589823862904743778513055057579937637562089022564237796833282011865191184289135162888411677110757752832 8866775568 803469022129495137770981046170581301261101496891396417650688
89589823862904743778513055127688455912235473520339545299124733718562852141775837282669711775403515838464 554074842374857586261631807434628171800284616546455104547563607459031542134459616153391087616 1018517988167243043134222844205492549547863691970739106364240805978451751378559749509349376
89590063093452767293437793453673299444687942483111394555325104314644648986636278042261123374241697234944 290494236886300583083093748653639274863279810858213786904706067221382834042256395639027535357936144 4595956210948854271954724094619808176156819418967427224194711350681874331367664643495972443021350054920192
89590063093452767293437793455934870589350621240650287554674900025123837287783332616735337276414055415808 1277834591337311772826681872 115792089237316196227040007138183045624251030836221865300559080899309547290624
89590063093452767293437793526043576073893662724355972403413780211684481623390505210444728687524168663040 290494236886300583083093748653639274863279810858213786904706067221382835240301882881483511584276480 146783911423364577761610525466692399434440319707686112452078065599355440418569474258972396361615706578485248
143343663499379469475676305956380433799785311823017570233599302461682679755530300504376159569382855409664 16924961474604808445886464 142035652569947632802282712352968727057460665452997484624156475450411465987826276791621631788294150018826656
143343663499379469475676305956380433799785311823017570233599302461682679755530300504376159569382855409664 21454937572122444017016858380662852299324306389284683776 137735342664966248688172979664004218761581995961072377918366714802551541982936579820255825325025405559635968
143343663499379469475676305959998936588451442930004163515212143434430548208719298432653976758358636494848 17889684278657282527301992448 3473762677119485886811240059029553881837848242109361867055546514196463192375296
143343663499379469475676306072172523037101507246588555242287210314952664421170864543833743577295985049600 21454937572122444017016858397435489120657671559158169600 4403517342700937332848366273391969851989053497240160824898798733071588885501659480799863876447103709549166592
143343663499379469475676309665345792182569696484275683793133850886736876076829617393251897322850289188864 16924961474604808445886464 3582317760779469820774091310874227440645280999675279425401032342765102918795680
143343663499379470470322778775953718110549808116659250434511604056378114636458254290695153594449606475776 12089258196146291747061760 61610898367827038224014122255429102898907994582827987923801622453969887524347611097191156320521453935001600
143343663499379470470322778775953718110549808116659250434511604056378114636458254290695153594449606475776 15324955408658888583583470271902037356660218849489059840 59747430742335105120830330277949116723258125824737933798105052059402621756255300711493236602616262105759744
143343663499379470470322778775953718110549808116659250434511604056378114636458254290695153594449606475776 580989581918058668371876834112572669873655242079815707694915663388048214198179152500651905874132992 279951004876956614861783816724270618282504968900920017824948192832642046555898948409045187144733163520
143343663499379470470322778775953718110549808116659250434511604056378114636458254290695153594449606475776 580989581918058668371876834112572669873655245144806789437843773971655512705590597790985038174617600 271475408318391609614182963822162247655625048626096925972303592747407707788661112070973011437383843840
143343663499379470470322778779572220899215939248754250657671168084469140783111743183496507262029877215232 2555669182674623563386847232 6846532376041146816821292164649709661262788120732117609124857318956072960
143343663499379470470322778779572220899215939248754250657671168084469140783111743183496507262029877215232 12778345913326630376644280320 1505297160085110540506422805112942802092509800653327332512948592102870685319168
143343663499379470470322778891745807347866004343699257572694649680629145472680119591254234493759153766400 15324955408658888583583470283882492229041193970827264000 1908190848503739497660202984892841631902827181528516317754786857172012342706272687646768384779727441898766336
143343663499379470470322778891745807347866004343699257572694649680629145472680119591254234493759153766400 580989581918058668371876834112572669873655245144806789437843773971655515101681572275897007253487616 8679010875970565373543273371546729018267762810097386000003929487780816465908848691106356862692276305920
143343663499379470470322782484919076493334218514034479079437284208168946109189877199228213650458543128576 2417851639238054459211776 7060486512792432654846957544795013088177250249504996355891142396058009600
143343663499379470470322782484919076493334218514034479079437284208168946109189877199228213650458543128576 12089258196146291747061760 1552337696337770244897248517772722264657900731923743811653978235606085394235392
143343663499379470594653587878400378649395370153364460459625641755715043996574248513985027847582950359040 580989581918058668371876834112572669873655260469762198096732357555125784607627954451203887663677440 119351517821170831727917493424635259769810264938076090595872852630427658365627256524411752524220401834786816
143343663499379470594653587882018881438061501288598011550478546165723964854910798777351823574988782305280 15334015096001253940031127552 3010594320170221105116956118994802250424768303446799610897716178164810673815552
143343663499379470594653587994192467886711566480838095363995579601338708200267205739595610123599574204416 580989581918058668371876834112572669873655260469762198096732357555125798984173801317090978080751616 3816381697007479025875996124194172426788183595231386573281941238557123549284344807677781296514879881272623104
143343663499383544666606256850572915540772188909686563396412973628216316277472957276584554521029676892160 580989581918058668371876834112572669873655242079815707694915663388048214210268410696798197621194752 123078453072154697964124520889759772319335128658281180647602130079959192903411627223255122151210625731133856
143343663499383544666606260559538273923556602524076431427012545245849227144133618437574779864856301404160 14507109835384346206273536 3104675392675540514651860997713389820750542312929512098738269808732461259030944
143343663499444655745896528575359726934992697727895405241058235212663995722828741524709502828270321664000 580989581918058668371876834112572669873655242079815707706066057254961458325183126458941268276805632 119351517821170830772186563854127780207704429537819070468936390702495250989298169892149444233642494874615808
143343663499444655745896528578978229723660474367686283524264001099233868432338217759573936342038478848000 9297488057991168 3010594320170221081012885455109948117295336918329360573064671271422918144294912
143343663499444655745896528691151816172361550201203510300719740309597919403748245700678969967529552838656 580989581918058668371876834112572669873655242079815707706066057254961458325183126467658213088034816 3816381697007478995320456479176881132761498269066610086846030479434950358357120628324228755158087395992141824
143343663499900950685619831532055220084563932419265128485060050117274293565566244590171959414881825849344 2417851639229258349412352 1628929763268863890154514628699629022251807047535380930090113593024905071506831180192
143343663499900950685619831532055220084563932419265128485060050117274293565566244590171959414881825849344 3064991081731777716716694054380407471332043769897811968 1579604185927194987963200166220442959885886151690156543098769667347187979353518505984
143343663499900950685619831535673722873243227562710339305495782902509776828138650290430878894756208836608 2555669182665326075328856064 39844884062513110317317022705908038774087217176773656576
143343663499900950685619831647847309322301377009511874736080495970137318307509539320415358606934383001600 3064991081731777716716694056776498445808238794165452800 50509391197868955843906009577451336456765090925672944575253030691985598632512194609152
143343663499900950685619835241020578480841454450606219338058706341793054830937403918280839785315297132544 2417851639229258349412352 41090036689466645014733179665467664985777442713547833760
143343665635435765746529955511456886279599478714216106161067964388415433910954425706905214679898478673920 580989581918058668371876834112572669873655242079815707694915663388048214195761300861422647524720640 123078453072154696978554197134665094227906358368461657906391897412525627749869782007470961386545031845773728
143343665635435765746529959220422244664070534499866346353350549480981415395624067172799582850845857873920 8796109799424 3104675392675540489794538125582133995960816197027153090972942248654884336304544
143343697675172045204884097096301016823383641759931608140955923209043839791973866780943953961842997460992 580989581918058668371876834112572669873655255872275575499065782480084703037016747453138232816959488 271475408317435878684612456342600141820224791605969989510375660340031378702028849762682433530423672832
143343697675172045204884097099919520474768066240847081793459970043541118977956038856699601900371961708544 11500511322003264827037843456 6846532376017042746157407310516580229877670681694284564218115426426552320
143343697675172045204884097212093133667685225149226765018163131565243033412572149915478713224556921749504 580989581918058668371876834112572669873655255872275575499065782480084713819426132604732786832572416 8679010875940009833898256080252702332941598033610950089244807314589889241729495138565000070206995824640
143343936905720068346813325338732107813220477262838112086066157277703915880583154212685556533596734357504 13298184015760920921767936 4739579825453109680584085894524284863720896413828454172946178623372335759608373075255875689792431919726592
143343936905720068346813325338732107813220477262838112086066157277703915880583154212685556533596734357504 16857450949524777441941817299092241092326240734437965824 4596227686357171675942556172298582348084752980540677800612975918691310935706032852810780882634781354885120
143343936905720068346813325342350617503632955185496899743981583757044966341866108569121264368766553161728 14056180504659293414308708352 115798935769692212466317142415998424433499862336322258324021802123339556192256
143343936905720068346813325454524417906419770787919317136436795766769425152292128965614402633681443225600 16857450949524777441941817312270741451945313367909990400 146792590434240516752926435555529609002550417100227173854303618435930923943570397775659209983126164064960512
143343936905720068346813329047704540486010347988095461355750671380583509740011251767437658176935065288704 13298184015760920921767936 119417652512495094105889553116498375197046733034332328896718964572979550224384
144463570046260947310162818236585238962444464508548932908405917759525735727563947263079125674218091446272 580989581918058668371876834112572669873655242079815707694915663388048214206641633237954310097076224 279951004875971044538028722046179189512215149378178807592280759267488504710683164248280521550847803392
144463570046260947310162821945551481631479557446909426631426452155202662498632629502389565928643202383872 10880332376540458682155008 7060486512767575331974826288970223362061347890497231028331064819135283200
179179579374224336844597753867463122485413914512544940720351963046389302013164403721790681522623595151360 27584919735585999450450246489423667241988393929080307712 73391955711682288371546268651519455533287138780162131719741849386033851789481762882871915043650632043986944
179179579374224336844597753871986250971246578396278242185475079336107667202581400702247712634126750187520 23001022643987934677959704576 1852673427797059126777135760139006525652319754650249024631321344126610074238976
179179579374224336844597754012203234032059158792010588348926768537472024899295584528643374062454391832576 27584919735585999450450246510988486012274149147489075200 2348542582773833227889480596791189700803479608035097006467429978057861344869258692488330319728895313106173952
286687326998758940940645557559144441798431878497508501315342336168938281566223486366993014524059754430464 8429980028148149760817672960481402290176 2348542582773833227889480596789337027375682548908319870707290971532209025114608443463698998384768703031934976
295646305967470157845040731225404543603008979240609704208435080649301799131884133900267652716106635804672 255212261968534335237621130307857022976 2421934538485515516261026865439003809481172628561704866666893814392590557149439957321939592084292725001682944
573374653997517877902705223825521735199141247292070280934397209846730719022121202017504638277531421638656 20157133030342559002308922322805707372868740810984107590473085536647766012539179529 71671831749689735235161389387976859055274904058329625217255802028189057318229127145347576797224803237888
573374653997517877902705223839995746353805771720016654060848573737722192834877193730615907033434545979392 482752259582620116008352177506767583463533843578880 587135645693458306972377919872903159760204315074707261752449312510408464836737118115563705213332996591976448
573374653997517877902712812390356003107989050868090374993520253875544535048260482247192680429205600600064 1062054971081764255218374790514888683619774455873536 293567822846729153486185074598667128421960318613539983838411371441526128139326055432962374798096087878991872
573374653997517877902712812390356003107989050868090374993520253875544535048260482247192680429205600600064 253101216672052735381786946440668162798929231782283837440 16019902769465105684729434668399224716724989484874167979774376244304202315646971253728371906969600
573374653997517877902773520793238057141455284052680142454893694978123272755326790379806867595374037565440 253101699424312314489417975931205475418202538525316874240 7770675568902916283677847627294075626569627356208558085007249638955617140820833992704
573374653997517879891998169464668303820670239879353641336221813036121588783977109590142626327664940548096 13987028836371629898856454781670005740894231241207351252055757321 80630810718400952077391158510250636167761486047268223356855758432044224802949770926871086770311231700992
573374653997517889838462897660401146928315202815770443345344828983075937593256647453332566578332535095296 111894309897842010866537904501795035560103600958847672570894876672 497323236409786642155382248146820840100456150797347717440463976893159497012533375533056
573374653997517893817048788938694284171373187990337164148994035361857677116968462598608542678599572914176 46135910555549118769027985381073030650727890332828211372099558565264006053888 107507747624534602604080465877071967505221232014084017775655627643609727257111702271441616689570517090304
573374653997517909731392354051866833143605128688604047363590860876984635211815723179712447079667724189696 20157086894432003327308814560606685534443730799628733461263881237034176925582491648 89589789687112168919620927632524413280248068036206821496455714835899392287670414708394596743397660164096
573374653999603802742479326142694891492972910250841357221983131610039107312554601161723515579024835346432 868954067248716208815033919512181650234360918441984 3816381697023498898089863304791833201237599688845117485308595427092257833497457915694518888011836693499871232
573374654014205276620844922409067110187859925930098232821223275751501113162613433563439361627759478571008 253102085626119983395498765702259636150917434785040171008 16019902769457335009160531752115546869097695409247598352418167686219195066008015636587551072976896
591292611934940311587164762070069289424114411269947477213597122654441053991562489580551658223704278564864 14615016373362198403280292980706990056122710755845 35835915874844867368919550773492624497082782902508988144070392609277860402632880744358136304524719032320
591292611934940311587164762070069289424114411269947477588106917220484926781256727964099182010536992702464 14615016373362198403280292980337334598706795642880 605483634621378879065264729868931383502710699920791863682213353526358729362885153056675071001249652735477760
591292611934940311587172587762628304201865917891398304377161478053084696643442532281909249024657863999552 32153036021396836487216644557555378123469963662859 17917957937422433684459538244547554224973163977877196279199912807710334969441287563047019946172856926208
591292611934940311587172587762628304201865917891398304377161478053084696643442532281909249024657863999552 7662477704357320276459018246268906402544463776760463360 456296058700584878715437999181293021716613470028154198642662083781451075071329086936249809920
591292611934940311587172587762628304201865917891398304751671272619128569433141727261317192791106873524224 32153036021396836487216644556742136117154950414336 302741817310689439532628358179875476185146578570213108333361726799073819643679994665242449010536590625210368
591292611934940311587172587762628304201865917891398304751671272619128569433141727261317192791106873524224 7662477704357320276459018246075100482086788474014269440 16520524731010890237377229501786700489122645406276485729142325501938708638010939109629508179737600
591292611934940311587235193303100422423877970863004921685676321242233837858482873892769975432286547477056 7662492319373693532319181863768617277229955074354055685 474284397516047136454946754595585670566993857190463750305618264096412179005179904
591292611934940311587235193303100422423877970863004922060186115808277710648182107557804146866869147598848 7662492319373693532319181863574810987116822358382346240 8013509180431132417542780365647015489899928211090075525163726190172980176471485057024
591292611937091421578181805069727782848826221229468655000872706733756460957960758934459332603979717673024 26307029472051957125904527365272582101020879360521 89589789687568464480997801817055693076910657964347999280357151243337146467237583272042332405621529261056
591292611937091421578181805069727782848826221229468655375382501301162792443339492683593696604022403825664 26307029472051957125904527364607202277672232157184 3935643625055483238655171533066577988776274679121527406724489034188890890794253475559972603266428714822415360
591292611952149191515246326219424133377548344595961109366851307498458811159588345502309917659232693387328 7662504011386792307148496218237617708665651832616391177 456296058700110594317921952044838074962017884357587204785471620031145456807232674757244630016
591292611952149191515246326219424133377548344595961109741361102064513317773253819808701091741426457313280 7662504011386792307148496218043811122828153181760913408 16520524731002876728196798369369157708756998390786585800931235426413544911820766129453036694680576
860061980996276816854069218585534004661983576302135562490280380813316802572390723370789020643808400900096 1214885840025853121402620093180692921671302846333457530880 9611941661679063410837660801039534830034993690924500787864625746582521389388182752237023144181760
860061980996276816854129926988416058695449809486725329951653821915895540279457031503403207809976837865472 1214885840025853121402616073460639597955870700287593283584 1761406937080374933139341846950057093975003397832763457490531729899486689768969043223339958602878406042320896
860061980996276818843350781399140188152237650217525155376190909906660474401100680097608921557494300409856 8429966629081305348432899140328521465856 1174271291386916626166971697752722837131082760605683489813708987016434433490316932357415209006686230284337152
860061980996276818843358369949500444906420929365598876308862590044482816614483968614185694953265355030528 8429970648801358672148331286374385713152 293567822856341095147864138009504789222999853443574977529335872229390753885908576822350557550333111023173632
860061980996276822821936672677433325395295635492525503946027008506814844698670459100979043572179263291392 8429963949267936465955944376297945300992 3639585206052172576002017865484466848922334891053140038771310874695296703588565014692387615156553646080
860061980996276848682817057214761156639913691686728118510342610717130502660015263530364183927456540917760 1214885840025853121402613393647270715478915936257017118720 1908194488088945549832778986909201819209590993322900948089712685680794528202322948879270128575239727767093248
860061980997319779273941092614452046991177472556563773219152774130421782443251246251735785818659124936704 2015712534102413287698064981011361458966950392779691673685043522761512140526326281 8958978968711216842229769122273777112486581988938598139599956403855167484720643781523509973086428463104
860061980998362743683124883701839333291404788748349858537325467778977388878778087528716530103084589776896 8429969308894674230909853904359097630720 3816381697017090936982100574544648136119091032501309371741525468782416708673991256517176966361767807239061504
860061981012964215572201328604245111741854451364143420317983402689273380686743674687035701842362278871040 1214885840025853121402618753274008480432825464318169448448 9611941661694604761975466633606890525289581842177640042577042862752535888666093986518664812167168
860063074621639214327898858928546911812963699239496100291268671197118146933687920643478071999125967077376 8429964619221278686575183067305589342208 3639585206039950360144010948966856174791878622086831228409315257191479860892438726893807594919453261824
860070729999175980730514547223669847981258201662492889272275912239556920540154955870356411343030171205632 1214885840025853121402614063600612936098154627264661159936 146787551008570616693452681310282531067154951185392078750434095036020255549523920155208081206642963392757760
886938917902410467380758881643942456302798876837097456565742217079627044965163798422863873536986795999328 36779892980915137071791715215481730725567090993460679690 65185151242940696959348285597327574530944781432593456948951726254493010724477513962161710080
886938917902410467380758881643942456302798876837097457127506908928692854149712590891975789186660310286336 36779892980915137071791715214552671233189868573955194880 9912314838606534142426337701072020293473587243765891437485395301163225182806563465777704907842560
886938917902410467380821487184414574524810929808704073874257060268776186180204140033724599944615479476832 36779892980915137071791593521024108815544547309952960516 107507747624534602852743032650760320677185265981003628997224837029997966904844301954549558020198436442112
886938917902410467380821487184414574524810929808704074436021752117841995364752971188462743262422584360960 36779892980915137071791593520095049323167324890447478784 1816450903864136649799946279667246378161722254015037315537110846458845648824249325824069332309218359452372992
886938917902410469432205493295473833027123390510557181234777306020720915429257639055110412512256608698368 255211856320342262204212651369277949956 71671831749689735483823956161665212227238938025249236438825011414577296965961726828455518127852722589696
886938917902410469432205493295473833027123390510557181796541997869786725913140861864366834726643628507136 255211856320342262204212651362831302656 1210967269242757770734689563307495425791429096874611098870387392860698009536889336493584434288145178201952256
886938917902410469432213318988032847804874897132008008398341661419364558081137681756468003313210194133056 255211978014799884114235195052785669130 17917957937487618835702478941506902510570491552408141060632506264659286695695780573771497460135018636288
886938917902410469432213318988032847804874897132008008960106353268430368565025861161584845507213509328896 255211978014799884114235195046339018752 302741817320601754371234892322301813886218598863686695577127618236559214944843219848049012476314295533052928
886938917902410473535122193676213630809026937721829112063540550098839584313085448423676262865656990400512 255211775190703847597530955580272803840 222142651736582798828248160735135916071919854190255129319538017254351605443638960615725260162990080
886938917902410473535122193676213630809026937721829112625305241947905397395652401700802958148319907414016 255211775190703847597530955573826158592 3753322243741302969002080923780856437951157856398550664982914339529524725575707672360755419966582292480
886938917902410500204155090230332956780039307498879520504363012893725537250826614982251402771818533093984 36779892980915137071791512391385694208862851520947814400 116466948735897555531785826837719837598241637776055966069928752788134431652973812798766245375383733010432
886938917902410500204155090230332956780039307498879521066127704742791346455657855740641216513572620828672 36779892980915137071791512390456634716485629101442334720 1967825565841725098265053330250114376059890711864241602717516207108319357208645541031748279323907805646159872
886938917904561579423222536295132326451835200470078359022052890100036322395655908409018086892532047806528 255211937449980676810894347158283096072 89589789687177353573541580488492151504736057357426117348773291483215007500961542062487770069184456700928
886938917904561579423222536295132326451835200470078359583817581950464591575223626583861349320129039630336 255211937449980676810894347151836446720 3935643625048875028762791217499168390372812627266975289608448139681867230820053483283338746563106326005691392
886938917919619347308832620100738285478481303541660261555432046525001159481309611643264542171561625387104 36779892980915137071791674650662523422226243098958106632 65185151243889265754380379870237468040135952773727444663332653755104247252670338320172069888
886938917919619347308832620100738285478481303541660262117196738374077602489824683439359688136979894075392 36779892980915137071791674649733463929849020679452622848 9912314838622561160787199965907105854204881274745691293907575452213552635186909426130647877956608
886940045703565439775645698247674488332543447949816916376203082136808514445100660601895898361675747688448 255211795473113451249201379527524090369 222142651735836813973633480771902842699699622930104445093341995678190909478299221370206456878465024
886940045703565439775645698247674488332543447949816916937968488306618967961690116204434024005870588788736 255211795473113451249201379521077444608 3753322243728698808898511291122070430254124829027044704297106358978713606545327438068469774093851295744
886947940311650230128343126802019816968171389322781955005663269197476978306948312408008486739968591397472 36779892980915137071791532673795297860533275468199100929 8959201111362952679043742755754549015329281688561528244045049745850845675630122080744880179543306928128
886947940311650230128343126802019816968171389322781955567427966621729087144435338550254081667518217420800 36779892980915137071791532672866238368156053048693620736 151374661977588448465123077601228860163003543409935581211385160505895888535446542660059292975042389163900928
1146749307995035755805410447651043470398282494584140561868794419693461438044242404035009276555062843277312 109996582401974610362241421641444591757004243886585616044092499563642880 71671968453120774281054240478621772799344390889212803896966167681585666477344961019552988352656466509824
1146749307995035755805425624780712006215978101736180749987040507751089070096520964494385360858411201200128 911164380019389841051960045235453036609186952192762839040 1067993517964340378981962311226614981114999298991611198651625082953613487709798083581891460464640
1146749307995035755805486333183594060249444334920770517448413948853667807803587272626999548024579638165504 911164380021231394776557456849562665844670492670248878080 4109949519854208177325141337117558423163386165406617792912076129268610554205041110520645177562904041877405696
1146749307995035763762582230236577767193727513990034005261369344675753126264893945467972058096239017721856 1841560047070373565061978702441822700945014784 8119074690424077284927578315311502970672900910810850855720616566627969569543721955852249295349235056640
1146749307995035767741168121514870904436785499265034353831205443275907496562463724471342180110923980603392 2578181536909338210705830396635238891939430400 3522813874160749870352771187920224166319465528179537825235253386385558297926388999654720427966711866119421952
1146749307995035767741175710065231161190968778413108074763877123413729838775847012987918953506695035224064 6322472961950952349466958282223458975744 293567822847797147004149414977649090733186933594654983137402982640177753222279668920672172881677979339456512
1146749307995035787634173463409939158193908217120773306007102737654902770184145504653960524142059341217792 911164380020494773286718492203918814150477076479254462464 1908198967578429921737487912469651646245712743888920705800529634986486460875188904036211288436919920448503808
1146749307997121692580942223817570049575952637795859056992340001148224411040141131902449788656514269970432 368317067392444273774275314054990318956183552 3816381697008546988838416934215068049294412824042898553652098857702628542242702377614054404161675958891315200
1146749308001293530324709988908060135553076104294890672774136175855415661504659063387882246969234798149632 16125700272885304251023783821177208200406736145726725568762050580907415178397614080 260740604970814219042361048116400404614587954389239840081425977517360806369707098391474864128
1146749308009637229683829163769937486372083871279072192909695354050026624725248838437291672352179317899712 30757303036084088269282139514805612184209130411163809470577701577318922715136 107507747624795342711728043686327686397955384271877765629588716686343435794165086184651826775428616421376
1146749308011723154523557734799423113295848976798188607814743529627045648210873915810632042056965079171072 911164380019021530307040562912631110762090244097265631232 1067993518010964432395379808928682066878763752751028962788876431463656985543531786426816464420864
1146749308017980929042842098926771242632525730190224301855047525620626924065770154995543501407026677809152 16125669515560268850455119616965245110466263018244913556175262879997019359562170368 89589960566335782700076282754510415854992525877248846846786817126604702761677625118509049696670227365888
1146750401620398155268544416487691353611395577737004601606611007366056428499911407010471086523185721507840 2025715419530114726472941625990176748693618688 8119074690395558781258895510103744731035169616556130298209293459119063603252760617655562581462667493376
1146752588871122930323297006404384146830330524338286901687449058349371052973741203098921781940938942185472 16125669515633599905389982778665742538706529829590139759549680954116540742110285832 136703170298938245273281389194851335334573089430825777276610662900622062449960995201469573563940864
1146753135683804126076278099529940926235671862630644624990558164792022655461991002942907199505251625336832 7333105493678395483152575255400056291023657042466704493065882809929736 80630947421571250518313195381853188863714572473536814082176884245359407984548243994706791227351420108800
1146758056997934919681870953418847849535252727096538076769036039177329188064285196993952751557632971505664 911164380020678928659178233365329777074025430527003066368 146792030498054972301873796194843667955711194476386548049503895014222183133266280477098842961629506606989312
1146761337874022062371055204816174671349258170200598709503027336645517072145777119740492803728854535373312 16125669515560268850455119616965245110466263018244913556175262879997019359562170368 34175792574734562504031341088830674971010158846670620736637308701314891376535909041397840903929856
1182585223869880623174345175525256608403731835782796608754322956106169393286885064563818498049315727999104 27584919735686352803843634293538968425192233883905556480 65185151242940696959348285597327574530944781432593456948951726254493010724475262162348016640
1182585223869880623174345175525256608403731835782796609503342545238257138866283454522634385582213747048448 27584919735686352803843634292842476037364221826081751040 1101368315400726015825148633452446699274843027085099048609488366795913909200729273975300545315840
1182585223869880623174407781065728726625743888754403226062837799295318534501925406174679224456944411476608 27584919735742104666839960851392807720875264911333130240 107507747624534602852743032650760320677185265981003628997224837029997966904844301954549558020202731417600
1182585223869880623174407781065728726625743888754403226811857388427406280081323834819121339657976021123072 27584919735742104666839960850696315333045842729846702080 4238385442349652182866552003902482123887241983075574598940578508308254634023948645224415339361744800702279680
1182585223869880631380162924901618174412035916962438816084720733465119445750780597898235017154209320534016 55752054405157950881724993831247712630079488 222142651736582798828248160735135916071919854190255129319538017254351605443640141207345981869260800
1182585223869880631380162924901618174412035916962438816833740322597207196527536535601070610864426543218688 55752054405157950881724993829837584134569984 8372795774499829700081565137664987438506429064273689944961885834335093618591963269112454398386991267840
1182585223869880635483079625282357972193939464173710746913483977543238114634608407266800867507609702236160 78052799603688574023260712104460123601108992 71671831749689735483823956161665212227238938025249236438825011414577296965961726828455518127857017565184
1182585223869880635483079625282357972193939464173710747662503566675325868010048075437506734286102822125568 78052799603688574023260712102485945640550400 3632901807728273303801295287542731171516948825935148382273855054710106994736588655893930441340671619451858944
1182585223869880635483087450974916986971690970795161574077048332941881757286488449968158458308563287670848 191408831393027885698148216685202505728 17917957937487618835702478941506902510570491552408141060632506264659286695695780573771495208335204942848
1182585223869880635483087450974916986971690970795161574826067922073969510661933074734724745066672702947328 191408831393027885698148216680369618944 302741817311790807848029084195700624818599025269487951360446825847683308010475908574443178284511891170526208
1182585223869880655997741384111647108880972266444578672692943751920267885572547881123206027284147465093760 27584919735719803921641430228251272002602052500362100736 116466948735897555531785826837719837598241637776055966069928752788134431652973812799946836996105439281152
1182585223869880655997741384111647108880972266444578673441963341052355631172228719371299812909126057590784 27584919735719803921641430227554779614773194368340721664 1967830185315255856791784409734328260190891267135449477856796186079814162777538557287345031022886226055135232
1182585223872031745474096668282016465618651274133231924700759561622553521601006676620708541887885141344320 11150564008096704598653557284822890688020480 89589789687177353573541580488492151504736057357426117348773291483215007500961542062487767817384643015680
1182585223872031745474096668282016465618651274133231925449779150756003733672130840157001248879588233248768 11150564008096704598653557284540861122609152 3935643625040064082239617463409288925834863224794239133453726947005835684187786826914493604292009807583392768
1182585223887089503102418913982052437579414262487359413744012785551543507803030877784219166683890557386880 27584919735675202431244368981968200566055627678420041728 65185151243889265754380379870237468040135952773727444663332653755104247252668086520358384640
1182585223887089503102418913982052437579414262487359414493032374683641887206395547070018284532533330837504 27584919735675202431244368981271708178227897645328760832 1101368315448807070907735427957703381468725120024498617876028819946896266341767155034129455657984
1182586351671035597620686429473079031935552427190426620397383265503088375882795810076454652650228077821952 61327240704790606667108923399550815372836864 222142651735836813973633480771902842699699622930104445093341995678190909478300401961827174289768448
1182586351671035597620686429473079031935552427190426621146403568955920767093574250104701676721977224593408 61327240704790606667108923397999674511065088 8372795774470419993173235994794486753880018667073509370028333879716534340854409389097121224683952275456
1182594246279120385921929420683333969069104348268481107194244008224019326628669578548963111252297523397248 27584919735725379107941062884036655932170355603104858112 8959201111362952679043742755754549015329281688561528244045049745850845675630122081925471800260718231552
1182594246279120385921929420683333969069104348268481107943263602931293371861006202180912678063071654182912 27584919735725379107941062883340163544341356458717216768 151379281451119190186307352325932532579327169303773627676050891733416626356180851742010321626492979264880640
1433440462682563067016923657081848362456771478863963125859581372904778884734907511524297506694150855065600 213421459003147145970416840556707450027663423459716172353544 80630810718400951580067922100463994012379237900447383256399607634696507362485794033711589757777856167936
2293498615990071527525164460473155534387455027980068010522738689351506252529787890935944116192478035443712 96550451916524023201670435501353516692706768715776 4256733431277572725549683581680673362118424619896329765656964885902128858020227803777954434572393274245382144
2293498615990071527525164460473155534387455027980068010522738689351506252529787890935944116192478035443712 2317210845988146576811942302271666727664481046888448 2348542582773833227889480596789337027375682548908319870707290971532209025114608443463698998384768703031934976
2365170447739761262760325849803236348824071833924877632169441466930238891501561195796470034308418641068032 2923003274672439680656058596141398011224542151169 116466726593245818948986998589559102462325565856201775814799433250117177301368369159805629650123570020352
2365170447739761262760325849803236348824071833924877633667480645194414393055073071202141221728853086437376 2923003274672439680656058596067466919741359128576 4389756351004996873223111193608194404684625389268090070833745038586570384833359922646015510652780564065550336
2365170447739761262760325849803236348824071833924877633667480645194414393055073071202141221728853086437376 70152078591883340073776871970381584943484762062848 2421934538485515516261026865439003809481172628561704866666893814392590557149439957321939592084292725001682944
2866873269987589389513526119127608675995706236460351404671986049233653595110606010087523191387657108193280 8062880893683356812905815624252350340458385555085083230379777850775362349788301316 35835915874844867368919076489095108449946327955754392558399825615420669938882575126094039892345713852416
2866873269987589389513564061951780015539945254340451874967601269377722675241302411235963402146028003000320 50621305389381624625623933495533708278110367905499578368 16553899528447275874220415824012532207282489134369973579100188785781009059501870295519317637201920
2866873269987589389513624770354662069573411487525041642428974710480301412948368719368577589312196439965696 50620726086670127588979730509958140361428451785237856256 146783911423364577761620238811037735990557600820993190039473094587926450085339511455720531802142423073685504
2866873269987589405427869684313151280741260799700084664583587263089228445364665084666560023225912581423104 482752259581215119336994152546631304636786943197184 733919557116822884733990388008371992834478238048073157716295837470978706363991622321645281398334598831669248
2866873269987589405427877272863511537495444078848158385516258943227050787578048373183136796621683636043776 1062054971078251763539979728114547986552907204919296 293567822863283053014632350472887544245972850820822472972781345020626316925107064492464245093615405516193792
2866873269989675330267643786615850425880427938230909367744721820961545359842342492097667631771502870790144 868954067245906215472317869591909092580867117678592 3816381697024032894848843532312431956664142076873768161439184590284744593899413470625964048149342434021605376
2866873270004276788231696171970491122619816129402459732795304291253679253355655362552210083344581880971264 50621112288477792280075865833675185639216395865412337664 16553899528437562529759287178657934897748371539836761544904928088174749997453175774093291594711040
2866874363612951800912417761842558004401986848722055609498665024379686117897252325212429173667544248090624 351249167839506240034069706686725095424 1018517988167243043134222844204689080525734196832968125318070224677190649881668353091698688
2866882018990488553390009390589915858859219879700809201749596800803962793209066643735530792845249773305856 50620243334410546725109561355311833764193521685019754496 146783911423364577761610525466576607345203003511459072444939882553731189387733252393671837280716397031194624
2956463059674701557935862938813141521009329589456991521885807390265423483217212661409546245123289319997760 1532527693907485324522200446450378520417298962662294017 488888634322055227195112141979956808982085860744450927117137946908697580433566718017423818240
2956463059674701557935862938813141521009329589456991523758356363095642847165708636306585963955534367621120 1532527693907485324522200446411616523083757590327328768 17071208888711253245289803818512923838760066919819035253447069685336665592611303746617158452395520
2956463059674701557935925544353613639231341642428598139194322233454572624432253003020406971530918003475264 1532510155887837353687182002232385481434514193987404289 8958978968711216904395766528994002440829931690734447634245183995845120244466522915998567614877125315072
2956463059674701557935925544353613639231341642428598141066871206284791988380749016603072918031296641695744 1532510155887837353687182002193623927687521719136813056 151370908655344720816670871273882665240262525846649227228206628793799151650506371188711798420959374063176192
2956463059674701574347490611873305638248186245194825109383038589584679945493123685377021692532122919632896 14615016373319663026285537258167386534403658744321 44794894843556084273314843018089110890776259646488840192645009611265790183349098042092607507222839167488
2956463059674701574347490611873305638248186245194825111255587562414899319836329799166240403739390079139840 14615016373319663026285537257797731076988819472384 756854543276723599881927587633633617610555682987075443894930082391946790937866360519196696442032555313596928
2956463059674701574347498437565864653025937751816275936546602944983323588145003728078379283333076505067584 32153036021290498044729755251206369319172333634049 17917957937911322318781593471742666366953120786859282139944363734827472916349985143480586664190280744448
2956463059674701574347498437565864653025937751816275938419151917813542962488214798463458414519959959961600 32153036021290498044729755250393127312860009988096 302741817327760648421339611425165280003659502408973175253180762052520889329016660257853752757153749077605888
2956463059676852684338507654872964131672898055154346287170314173663995352459521954730929366912398358741056 26307029471966886371915015920193375057582775337473 89589789687601057056619153594435988207925208014924822774655806223347324714427253372838545933657951974400
2956463059676852684338507654872964131672898055154346289042863146495577185498412563885734918332875490263040 26307029471966886371915015919527995234236279816192 3935643625056033922812869892697195455309896516776073416484159108731142862458770141583025424658372247223809024
2956463059691910437863936677269937350185012016161554326875497219710797597733358474629946913757864149385536 1532521847900936000910527631711047507423037373103997441 488888634321462371698217083059388125538841378656242184795649867220815557603446202793667343360
2956463059691910437863936677269937350185012016161554328748046192541027595505820728853969862905853951410176 1532521847900936000910527631672285657951678966597156864 17071208888701236358814264902990995363303008150456660343183207090930210934873587521396569096074240
2956464187475856544690930816825506293553606302634084844524464365700767544508966706923807178381542058622976 10633844248688930634900880429763002881 62165404551223330269422781018352605012557018849668464680057997111644937126566940377088
2956464187475856544690930816825506293553606302634084846397014052851731561884879053506307593018617039421440 10633844248688930634900880429494042624 1050346675297469388232167308086085614292163390483998379234259919198352857690470489394249728
2956472082083941320683447183971218881674702101942676020325728442383273416558997175394690858326271115395904 1532495540871464044657999965384057948948860220091662849 8958978968711216904395173673497107381909363007291203152156975253523632164778640893168447099653368840192
2956472082083941320683447183971218881674702101942676022198277420788679080160431383964864256436392274755584 1532495540871464044657999965345296764857325159811383296 151370908655344720816660854387407126324740597371192168458844253883535289056099916530974082195738784706854912
3153560596986348328464878731040369543595276860106386545139184654157018954621666611096275510526422819012608 106710729501573572985208420278353725013831711729858086176772 44794980283200483925659493154635503058510812989201246917692063543312529628028482660050738235634048040960
3153560596986348328464920468067350955743284895420790956678194549616451715431693505503515994798175274664288 3844659212957764301173255364636646808206416067920679964301677894081546551296 85439644399714510647543266617496077903044508256219692281524036692204425263752433188370201905725440
3153560596987391290884761987916538987787742461724844896956741613517344658531736054321754338928784811491328 3844659212957764407883984866210219793414836346274404978133389623939632728068 8958978968874179720336646580274631779343445978511364507510873052370356336606570690070601012625851547648
3153564971487797894488769213071805190986015601759652743103067401157664535337691904255399335312676739875168 3844659212957764407883984866210219793414836346274404978133389623939632728068 85439481436836403770085265762829221039054935489851781364875521503352539336843886097330662482640896
3440247923999708757208940504332675178861597847109105494266777515640071126968546677842835331699324575809536 30757273703662114409386042917093174465651328543365439714413423152652372410368 205055146559314825554103839881990586967306819814927261475657688061290620633005839652088484573741056
3440247923999708757208993624185196976140880801145620199861881018952076458908580907088414129863373155729856 30757273703662114409386042917093174465651328543365439714413423152652372410368 107507952679681161421582783571125207340425951174082992602460952503950071107268358384121771765521715298304
4586997231980143023221641790719965970830446173760133232486788589901777542679017549844927256267476367835136 708683406679169478937088103367821103099690672814779531264 4403517342700937332848366273388496089311934011353349584839769179189751037259550118932808329932907246356791296
4586997231980143055050328920946311068774910055960136021045477378703012505059575781871888232384956070887424 101240486668821094152714778576267265119571692712913534976 8679010875970565373543273371539882485891721663280564707839279778119553677788116573497232005373320232960
4586997231980143055050328920946311068774910055960136021045477378703012505059575781871888232384956070887424 506202433342263913526491502405586502214064766296271093760 1908190848503739497660202984891336334742742070988009894949673914369919832905619360314255436187624571213447168
4586997231980143059028914812224604206017968041235136369615313477303166875357145560875258354399641033768960 607442920011085007679206280981853767333636459009184628736 3816381697007479025875996124191161832468013374126269617162946436306698780980898008066883580336715070598807552
4586997231982228983868688914527303351157135179765961072776448035175483789834822968306365962945231323136000 368311447416478095149964676758739453659316224 3816381697007478995320456479173870538441328047985597201390920531317655021438791267751164083886664477847846912
4586997231996830421939834609141559131943783282006730857775865052880312858500436809293788124632198682771456 101240486668452782705298300481117300442812953259254218752 50509391197868955843906009577411491572702577815355627552547122653211511415335420952576
4586998325605505446556291107197424655192578119707106617390719041393315807294593243414387260811902774673408 455582190008405833621258830260177816669417029120303300608 8679010875940009833898256080245855800565580990864792681934290734360011571047800854000781954780569272320
4587005980983042187098026410955219760116254565935900791807410680225438922939715474211880459800529701175296 556822676676490304879140652646145152435471242925898203136 146792590434240516752926435555413810066780724887760856711887620011497424081234075517335188181002824508768256
4730340895479522492697318096560554315392915290159579817708776981235528431932499916644413265789634228518912 21454937572122444017016858380646985147941864381366665216 125425705561957036661533617139953293464572219468963333094374071033973826466276736550018500425598971687936
4730340895479522492697318096560554315392915290159579817711699984510190237768907286309845831828946093604864 21454937572122444017016858380104328570662347710570430464 4541127259660341624499877719431886592102931949208141759366011966039430757173911060149458590243310605858518016
4730340895479522525520651699606472697648143667849755264338882933860477783003122391592940068616837282136064 3064991081742928110583607298507562561017785510704185344 256318444311441690955670954694387595467599831757986687676390019908867237050353827455919098817413120
4730340895479522525520651699606472697648143667849755264338882933860477783003122391592940068616837282136064 15324955408658888583583470271890703677101331700976189440 116466726593245818948986998589559102462325565856201775814799433250117177301368369159805629650123570020352
4730340895479522525520651699606472697648143667849755264341805937135139588859812170862024305080096130072576 3064991081742928110583607298430040192834715389605707776 8950229965844645541466500664400503813575837965258082354959257271185789730218995218706416770689542389760
4730340895479522525520651699606472697648143667849755264341805937135139588859812170862024305080096130072576 15324955408658888583583470271503091836187391221836021760 1967821812519481356962084328169190595203452760706385204166851224193979827683919965324075918568487839063867392
4730340895479522529623568399987212495430047215061027195167646177938596451886950200961505918970237663838208 18389946490401816694167077570398266238119117211680374784 89589789687112169292614540650858185014625891513208940535974245418553156527394161423924460533253257835520
4730340895479522529623568399987212495430047215061027195170569181213258260342323710698460428501772408979456 18389946490401816694167077569933132029022106611441729536 3935643625038962745434621003072135639732638792067715542699288512441283117886551070818973692222237424608097280
4730340895481673639614585442986870988854759025020548372954921762017911858853348470315413593350513102946368 11150393866913244129421825597519170508947456 89589789687112168422298876933731561242706957256272470360175981523194651006582201860895340761311797588992
4730340895481673639614585442986870988854759025020548372957844765293936126004406475417954943095257820102656 11150393866913244129421825597237145238503424 3935643625038962713924220744148053992767619549485147113934386797921331740858753494868387961508122742780605440
4730340895496731372625454440557822262790609769835749240006981653870051687663686071475674660831837741384192 3064991081731777716716694054378140735420266340195237888 1185710993790117841137366886488964176417484642976159375764045660241030447512957952
4730340895496731372625454440557822262790609769835749240009904657144724127324059759153716684855027951468544 3064991081731777716716694054300618367237478244367204352 52087809672802360714028072376705600684349533372085490913564220236124371147064652870656
4730342023280677491761175204177933555171660178077743068651545465898446713135137603771159704112856039424000 13792459867804150119092036488831055134988717701387517952 256318444310571375291953828070615676533342895287810889412494661403346425090790798336147157357166592
4730342023280677491761175204177933555171660178077743068654469183493853159425849885365655370937646811447296 13792459867804150119092036488482204478165889244890923008 8950229965813135141207576582753538794333255396829317453244737319808761932643044632975702656007714897920
4730349917888762255444839736178159557836275749673657698840183190164229224059244089018697152584987340439552 16857450949524777441941817299079774044811464871073808384 8959235287155527413605061076101847728163115331833885950489368898516570831145734572321846120243785629696
4730349917888762255444839736178159557836275749673657698843106199014077329548589653671637170234041726664704 16857450949524777441941817298653401019806130344019623936 151379858885310532901455386666520491631367622540503383484134108136856718583772640377254200207924303027503104
5160371885977660901124407722832577670825737458813220763375407463834296850559129937295346085256695457513984 20157094583750429214863892788021662877889363691222249589460416516533911874994963458 17917957937422433684459538244547554224973163977877196279199912807710334969441287563047019946172856926208
5447059212994150233042402123463682133608220958184993416204435453699732713371026475161641955278838680256512 2015708689443200329933523708614618281780925467417997457123798099732225878285877248 97777726864055332140885393043650151730470482895964940030534741569010302388640161896803074048
5447069602417362559382340395728035293093327276829464411635846515954322277986897616202016997358489485443072 53355364750786786492604210139176862506915855864929043088386 26876936906231428253553362698962216730503396118546264901695834151596037195730941646959170081156088463360
5447069602418405521802223652604204737285792878447922763453403475314647981896967059427495825760851477921792 2015708689443200329933577063979369068567418071628136633986305015588090807328965634 8958978968808994569093824454414662505530232140669068622495921343885702226289654083912150134983231537152
5733746539975178779027128123903560031079890508680903749935202538755445350482604822471926804292056006000640 911164380016075044347684704330055703985316579333287968768 2348542582773833227889480596789337027375682548908319870707290971532209025114608443463698998384768703031934976
5733746539998123984093171019757290222170119589923320315759418855424726592432434292297788416429414353469440 16125669515545602639468189668916946254247403739343979656990384797857807026287017984 89589789687112168422297691222737771124865819889385981395999564038551674847206437815235099730864284631040
5912926119349403115871725877626283042018659178913983044523557372937596517850231121128967171486922114727936 27584919735585999450450246488705565305137304199304839168 2421934538485515516261026865439003809481172628561704866666893814392590557149439957321939592084292725001682944
7453870501967732412735167909731782557588836214796913652147163728007499347287575626227560297607908481302528 8062834757772801319734094834458473127123701869671989828495192398928903513143508992 53753873812267301053379326160238936745624174353763482216105588913916790603949321116537204456787078545408
7453870501967732412735228618134664611622302447981501887112996303221219726647614745365364638366821144068608 8062842447091227235262697180969202400417318282504125669855121002284691676236611584 17917957937422433684460249671143828295677846398009089657705763298496120665066745990443164564441364692992
7453870501967732428649602537449278187611267505272062887810509416343206874422481565515370713147345626727168 7689318425915528602346510729273293616412832135841359928603355788163093102592 711426596274070704682420131893378505850490785785695625458427396144618268507766784
9173994463960286110100657841661037959075187719466192027808742659608199336733328274604489830044774814449664 400759074225955816510177923787848760317298379485463954301065674341960381531279304228055304634368 2293498615990071511610820895302086940796564989168281123739050341024253779006688492902734836129781619097600
9173994463960286110100657841892622137549820111920272042090954757406025010119151563743776464769912141774848 333945913831062132176368533730143292611542922253352892441930202349568 1461501637330902918203684832716283019655932542976
9173994463960286110100657849071731670263424277996752484652640267264931673117570765044588772379556715692032 400759074225955816510177924100942800626269593285635398886280435910587662470799376517509259722752 2348542582773833227889480596789337027375682548908319870707292433033846356017526647148531714667788358964477952
9460681790959045051041303406630876112061856156494260985967617228024537228951708029002946257345709080576000 7975383186516697976175660322120531968 2350836081389823299401091417684639114316479113897488151831028560371595947990696928271769016937878828718489600
18347988927920572092886567162416695526372519913346248989900710715095383008707878464560148424881005492436992 22979781054827871316242387782097590405781920696242827376941049156596911355814666412973633777044863770951680 609210569872362745271632363149374616450407309342652798449562049767056352574309898697970666390350905475072
18347988927920572092886567162879863883321784695040532929947154359607110170716070199379709025069905471340544 19123787238170074965805616770377855725918734090895437513444448461398971609251840 365375409332725729550926043882349213430681960448
18347988927920572092886567177238082948748992927563335071013128295723273771639421582818898248648800069484544 22979781054827871316242387800027271723687828256425766089755103105873605285878411517820794065830465345945600 587135645693458306972377919872903159760204315074707261752449677885817797562466669041607587562546427273936896
18347988927920572092886809996028223742506384846084601929764041015950264526148034941111365787916656143499264 43830537577053543971082528229340162092078543073266096253649162079418509356344643985434090190887976960 16100732357006352148959026542539910909143361013850583866401045594828196785766687221608056094720
18347988927920572092886809996028223742506384846084601929764041015950264526148034941111365787916656143499264 50555518320621316895733253120614698892720225531734220229270308144513204982792266108541994309498700296093696 304605284936181372635812150157308421824543787623912336746581205435742057345277349175888874462395559313408
18347988927920572092886809996491392099455649627778891999792648124017425121544335431910165773734579219202048 42072331923974164924772356894831282597021214999969962529577786615077737540354048 182687704666362864775460604089535377456991567872
18347988927920572092886809996491392099455649627778891999792648124017425121544335431910165773734579219202048 10026372163525712263672295205307865222830481259047387143048762994929944027071428689920 9969209968423136821366991827343769600
18347988927920572092886810010849611164882857860301884170305689430352025157499053303781322088750606920515584 43830537577053553371399287031592625005271114937120813212028469284679302886452617472259568741300305920 16019902769465105684729434668399224716724989484874167979774386213514170738783792620720199250739200
18347988927920572092886810010849611164882857860301884170305689430352025157499053303781322088750606920515584 50555518320621316895733253160059997792113222164136685397461226832921931628932505339205746944827023761080320 293567822846729153486185074598667128421960318613539983838411554129230794502190830893566464333473544870559744
18347988927920572092888752664920449471577304307991425448670683422789316665669286753521104692201861351997440 22979824885198248456848824246664905723835026883295468133333913639664821637837871255558089623934630373621760 8062834757772801319734094828124956399638895572237883755200346192917465559786848256
18347988927920572092888752665383617828526569089685764558556598239299944728170457292153819763051969202094080 10026391287312950294603395643843452676062013100731919337146131641402892181284658872320 4835703278458516698824704
18347988927920572092888752679741836893953777322208707689212331837191077297020305154876687220703945719611392 22979824885198248456858224581353389294073392034745845485842880011455574080660115168951306526632504637521920 7770675568902916283677847627294075626569627356208558085007254474658895599337532817408
18347988927987321687759338436103068170824183349665936446087686415011109576392479307542010805104873708716032 41363605898690168369236298007775662730407457253237089278493888481874440440466399543352540798680754787713024 3816525040687079107146879935402830303660504104102158043529407313173792873444148235221752978197807684911104
18347988927987321687759338436566236527775133128026923431103460211521251434001747237175152498528794731085824 34422817028706134938450110186680140306653721363611787524200007230518148896653312 2374940160672686452049406154282048440251535327232
18347988927987321687759338450924455593254576257217519966218668859586910798318767743972921172722490496057344 41363605898690168369236298040049089102638090861566378961559185590572489514581140732077429318494837622702080 3816381697023498898089863304791833201237599688845117485308597802032418506183909965100673170060276945035198464
18347988928454568851867037516626979169048772874735278060353204208437024928103589872556525925422396665233408 41363649729194305440192762166711709266147752153482076042649464297817686031678525587584620315330860818628608 16100732356998289314201253741220176814315236057450944970828807711072996439573769756048269246464
18347988928454568851867037517090147526011517629763143450279144824048035621203629874030059572088303314272256 10026406586342740941978460582001815318045949097358839014568258235342071896268649529344 9969209968418301118088533310644944896
18347988928454568851867037531448366591425245888952560300894852622838796193278574514553465456712829685006336 41363649729194305440202162515743937890815207834122344537427310594464311016979790624397509618310238521262080 16019902769457335009160531752115546869097695409247598352418177655429163484309133725120861717921792
18921363581918089970789272386242217261571661160638319270835107924942113727729999666577653063158536914075648 19223296064858755582940839942298225135639806137733921036463097515326339809280 35835915874844867368919550773492624497082782902508988144070392609277860402632880744358136304524719030336
18921363581918089970789272401078078695102798699283351725073246118642330513015196934133156014172406649192448 456719261667568700102509155635541706209587363840 587709020347455824850280632685279041752157639601147405562754438792156910603179244207473435394205392096460864
18921363581918089970789522808404105734459709372524745740069167297698710292590161033021095968789051647983680 42291251342689262282469847873056095298407573503014626280218814533717947580416 17917957937422433684459538244547554224973163977877196279199912807710334969441287563047019946172856926208
18921363581918089970789522808404105734459709372524745740069167297698710292590161033021095968789051647983680 10078543447252667247068887091667651859914322680340241992365164470115416045927792640 456296058700584878715437999181293021716613470028154198642662083781451075071324996752994468320
18921363581918089970789522823239967167990846911169974545298478933408904241088211933940750070752951157194752 1004782375668651140225520142398191753661092200448 293854510173727912425136427210579889289559889237186018978878570046449493498837116033971127117234853589811200
18921363581918089970789522823239967167990846911169974545298478933408904241088211933940750070752951157194752 239452428261166258639344320189846890065212139812945920 16035547205763411451999678256942583334612416232417990409442124658605280638220845249225282415493600
18921363581918089970791526185699213517564095067616157493941642279751482811471451964568639213833169519247936 10078562670548731965956582660205080574967077799448516813291362672099125336934973440 474284397516047136454946754595585670566993857190463750305618264096412179005177920
18921363581918089970791526200535074951095232606261387831666494781350535118316530015797476934536191212060672 239452884980427922884974433236712843347400698699448320 7778264119263173037861126775367604997298699257923605505012139531181159735684916838464
18921363581986925490501817762231289051162439079342996960027926615480206750654744285902698642781993198157888 34601932916745760049293511896136805244151651047921057865633575527587411656704 89589789687568464480997801817055693076910657964347999280357151243337146467237583272042328315438273921440
18921363581986925490501817777067150484747549167468361323439921240378281795716228923215134182260533406793728 822094671001623660184516480143975071177257254912 3820108632274498408732529186925418975848183282291255295352842102314027616537982776940314316613542694166200736
18921363582468774128487882439021572268081547027070755499739241839950681957106827056073917360732584049377344 10078578049185583964855358910719045280085090727851717330824062451468182426272923648 456296058700110594317921952044838074962017884357587204785471620031145456807228584573989290400
18921363582468774128487882453857433701613105814882658533715345147771610587334153537375173659000763314143232 239453250355837259598390506813869097588379786930028544 16035547205755633187880415083904722207837048627420691710184201053100268498689664089489597498655136
27521983391880858139330214994042335613759577269126902894646061523925396789222052411667048681874984215248896 210112772749786993012914242213072152671800718172797450254271193115327372005054421046464399786983292928 9451846930226401059105501411612498306986993307726051257603981832882540437141692394765245480960
27521983391880858139330214994737088149183474441668337999688972186026137682316503147865248660601868828803072 48126586384923418531682005500344286199350939235685330623553787668110691481901953187840 5981525981053882092820195096406261760
27521983391880858139330215016274416747324286790452826255458534145528037736248579955671983133125910380773376 210112772749787038134434684463883661561930756811574766769674014841119848771188365320537492090517454848 9611941661679063410837660801039534830034993690924500787864631728108502443270275572432119550443520
27521983391880858139332157662934561342830496731033726413552703930764448928743304224076787586160189423747072 210112772749595647897705576802502869351821257389994373499086955635818969215191424179788607565303119872 1827631709617088248496631555062925451512149521677061692953918355737963614578611810124655631934074224902144
27521983391880858139332157663629313878254393903575210558452922301308657288942625008108902649919258811695104 48126586384923418531681846262827462910033322249379242691472143983557776318274430042112 1096126227998177196258676897313145590755566288896
27521983391880858139332157685166642476395206252359649774365176552367089875769831806767348265079249179869184 210112772749595693019226019053314378241802001441097253199202706945969874843284790031970567271982563328 1761406937080374933139341846950057093975003397832763457490532826025714687946165301900237271748469161608609792
27521983391880858202987225004077733485447707632812441017709453374703582345441206739164638254925780306886656 400758437403551593778382643820879991741664049430525641770829414546922125328042712279049788456960 1218421139744725503225007254748308607863061946429237019460755944866479499888057111772877883009283106275328
27521983391880858202987225004772486020871604806960804972038109117013135180835221763123485489839817613115392 333945383039339387878643143775789666171270776638176508563171791863808 730750818665451466707755689134074835841583153152
27521983391880858202987225026309814619012417205560087555665768562988205444756992347863487021028356785176576 400758437403551593778382644133973534402009681774646129454658704211755937672823147459847561150464 1174271291386916626166971697752722837131082760605683489813709717767253098941783640113104343081522071867490304
27521983391880858202987467837689261701581572565550793957572783675558463862881363215715855617961430957948928 400758628748666802443793213104199971202446852507280826008308922949711988324909388071271468630016 304605284945633219566038551216413923236156285930899330054307256693346039178159889613030566857160804794368
27521983391880858202987467838384014237005469739699164041883602881423450131663486995653942238504491360976896 333945542276856211167960760762095754103352420322729423726799315009536 182687704672344390756514486182355572553397829632
27521983391880858202987467859921342835146282138298636654958329697616956830616624068825910861130163636207616 400758628748666802443793213417293663157380159288216600762553854185683841248111714384666096041984 293567822856341095147864138009504789222999853443574977529336054917095426230299333336836739905905664421003264
27521983391880858330301973524983113877225563158398576083426227978824598010199984823813469490134324443348992 400758309840141454668108930965333338767808847379355518945843075611728883330131595084235335008256 3776425079521907580080218732497310573222637521234337198434411212758211298683559728423743781989253120
27521983391880858330301973525677866412649460335760816126272864272218075030357454691231329394309736425324544 333945276880994839019098065784918940883216347515141231787420109766656 2264919434234006141713704878175577786286080
27521983391880858330301973547215195010790272833990257453957920801794795019352712295133766317138670147076096 400758309840141454668108931278426781898429363432265815249395270895804001955964102843301871222784 3639585206052172576002017865484466848922334891053140038771313139614730937594706728397265790734339932160
27521983391880859157850145830177604477053340935722806939286900763732574246813528901267437467828542515445760 210112772749468084487566466528790013805168283534792322328964130649480034021949426268671412750849671168 1979938128510258444040359056241237239170107842192951423189976269743536130955601453203006107749353124790272
27521983391880859157850145830872357012477238133975299792330963542948176085120488432971653885678609309368320 48126586384923418531681740104482914050488244258508517403417714860522499542522747944960 1187472345250792855046635640286858129048231477248
27521983391880859157850145852409685610618050457048730300099373385335215193860338893561649817171549522853888 210112772749468129609086908779601522695049497860778910818888501682536558891349073172925950726292635648 1908194488088945549832778986909201819209590993322900948089713873153139778995177995514910415433368775998570496
27521983391947607797859996277764106129899371069132128473896429074619308913125807582146500635149648523165696 400758564966961732888656356676426644715519251481695764595815753482115367325953829473864241905664 3816525040680430221720124172817250096933535893784486050692481697251712523333468179911706735767644234842112
27521983391947607797859996278458858665324953239947195473194414968927276444120898800918928963298706872860672 333945489197683936738188221766660391459325205761211785338923473960960 2374940160668698768062051406663337019070694293504
27521983391947607797859996299996187263518000535214272450871309126851842471436338509017509945102047211749376 400758564966961732888656356989520286905590000117026443659922137527707873389682192076393251078144 3816381697017090936982100574544648136119091032501309371741527843722577377372759318568583629698786877933355008
27521983392414854898310442514641091040301965297777579025235224716412157191177607343112208819380724736983040 210112772749723211307844687076215724898474231245196424669209780622157904408433422090905802379756568576 9451846930242526728621047014251966496643243220525329048748457600392941129527527325884819177472
27521983392414854898310442515335843575739342443652589450175468886056748181975797589985142458955592923873280 48126586384923418531681952421172011769578400240249967979526573106593053094026112139264 5981525981063553499377112129803911168
27521983392414854898310442536873172173866674819103502386047697338014808772028101166444126501088133145264128 210112772749723256429365129327027233788554505021415595579516912209403190795220506891015183817672491008 9611941661694604761975466633606890525289581842177640042577048844278516952219593363630794616078336
27522018387892454858492763485018747759167408809109470374825210791154300569447972013828241066345156812210176 400758341730993989445677359179220002011272647892148049652089660345527193829609374382938948370432 3776425079509225837551769173122348325894893589811775566589078845963471861369182791873515200693927936
27522018387892454858492763485713501178014838375663875209320597478307780701878013460591298303972030946476032 333945303420580976233984335282636622205229954795900050981358030290944 2264919434226400238112335501766597567053824
27522018387892454858492763507250857162285154938850425078116915501517649105797131468234303768034723785342976 400758341730993989445677359492313470024324443017860893800711129224791985885178863997438293704704 3639585206039950360144010948966856174791878622086831228409317522110914087292676839229309361517020315648
27522263359973631383376465510462675532588106141409961270478763262370194720797426421385610077515201466335232 210112772749499975340101244097218227691831526998592835121494836896064767820259925746450711454463033344 152306418893170195543743626847827333260597788705545980148857191796716992144500043770736310746398473584640
27522263359973631383376465511157435135400262453199772456712829191665821457284958587851405162976965478580224 48126586384923418531681766644069051265374513756226198725431322141281318736460668469248 91346117252615658787968414380269455326062837760
27522263359973631383376465532694756666152815662735884631291235889548021967476892199063751995020298850238464 210112772749500020461621686348029736581737623755858496413967052998394887879333002387687104862715117568 146787551008570616693452681310282531067154951185392078750434186382137508165182708123622461476098289455595520
28382045372877134956184284212606158601689564058787118610103750946548065438885241549531643953183577471975520 46479870956741712158081417541132672823777246182794477126046219678193448500393410560 65185151242940696959348285597327574530944781432593456948951726254493010724475059852208505120
28382045372877134956184284234859950751986270366754961817947718400113356361632317900911125106129426735792128 1149371655653598033493491100454770976037183392936099840 9621328323458046871199806954165550000767449739450794245665274795163168382932507149535169449296160
28382045372877134956186287589901266384793949753878530363976225928600837957766532481079187198227695343239776 46479870956741712158081257475038420463417768370164181527600808383441410177403715584 107507747624534602852743032650760320677185265981003628997224837029997966904844301954549558020195315875968
28382045372877134956186287612155058535090656061846375104315734248054987238860635982767851969912666790658048 1149371655653598033493487297502970291348978902826483712 1763127061042367486784985735472469259105838362088459515554487327291966657239446552054612751531201529586385024
28382045372877135021830575785455162656867948496337829799512873792663069293736244449763533200392210958254080 322518999945685885835946944997636264016955999098105854460002566144 71671831749689735483823956161665212227238938025249236438825011414577296965961726828455518127849602023552
28382045372877135021830575807708954807164654855777612711040863346666867741966904963136102271518115729768448 7975370510010695693881645355088478208 1175418040694911661934712881051309480526718583614087477596730187199067670241772319986670497296731822406762624
28382045372877135021830826207617051129755996708224256268746933165419665858596405816206976106022725692162112 322519160011780138196306422810266559615401410392857892782992261120 17917957937487618835702478941506902510570491552408141060632506264659286695695780573771495006025065431328
28382045372877135021830826229870843280052703067664235531266096161433441470039919962943696328098660237770752 7975374312962496378569849845198094336 293854510183349240748594474081779696243725439237953468718329364292114768294000284416903634266770023039107360
28382045372877135153123910197638836185888862007098531586033297603162866698018734349557640411701022132535296 322518893234956384262373959789216066951325724901604495578009436160 222142651736582798828248160735135916071919854190255129319538017254351605443638031360992543663718400
28382045372877135153123910219892628336185568469482782957902851684073611686855124087008838772037127241728000 7975367974709495237422842361682067456 3643139488479957900783269836056229023579485608720184120840423482971366329275663222744524109056867041280
28382045372877136006532962887370654616961257839964144656139616412599217192026451679432044888698184737489504 46479870956741712158081150764308918889844783161743984461970534186940051295410585600 116466948735897555531785826837719837598241637776055966069928752788134431652973812797836990642667233738752
28382045372877136006532962909624446767257964148735458418608619869824347519291136482381811157274552334123008 1149371655653598033493484762201769834890175909420072960 1910057959268719910721287560138605336611162859527317843546831545725404679108770529884035070786135605200814080
28382045372945970541543121161444234446458726415042507488705692483201162316660989069088578780015667242336320 322519106656415387409519930206056461082586273294607213341995696128 89589789687177353573541580488492151504736057357426117348773291483215007500961542062487767615074503492000
28382045372945970541543121183698026596809405323962622309407538468402819024667936952218080439606242487369728 7975373045311896150340448348494888960 3820108632268084189850247157136976894064519832337736431674866802248024537491055701103619521993059635950518688
28382045373427819113882643843223625135311401713333128369773825488800037103401907572584465345127109873369184 46479870956741712158081364185767922036990753578584378593231082579942769059396845568 65185151243889265754380379870237468040135952773727444663332653755104247252667884210218860960
28382045373427819113882643865477417285608529270467645806364584614476062707878259504345548694377238892740608 1149371655653598033493489832804170747807781896232894464 9621328323473603399438333300241272254318184949445391644181122006173192661994869469006539282973088
28382081462514094072820662343925583626641390334394141324038498628377872462243221139260382823040479867699200 322518919912638759655767206091321116217733293450729835298507718656 222142651735836813973633480771902842699699622930104445093341995678190909478298292115473743499755520
28382081462514094072820662366179404074098118638089921178407088045092972500626396775305892859319604989657088 7975368608534795351537543110033670144 3643139488467723749167589084659206620275073816053712899530808729122330915444091499118015788018653200384
28382334089972807364106980057664634142981484458329022560181224614319263305822345997053984179413846618800736 46479870956741712158081177441991294283238029463849033728378102736065391015908868096 8959201111362952679043742755754549015329281688561528244045049745850845675630122079815625446829928218624
28382334089972807364106980079918426514134073864398377520562415664409208111522517909456046426214694538805248 1149371655653598033493485396027069949004876657771675648 146930898226352423936317381194374603851400219692409063202338815831953869080334002108484681574405445448105984
36695977855841144185773619992056447485012769692169203859528082031900529052296069882222731575833312286998528 157516227976951594243038209201995084686208926106378828858084792655659714485237089203902824776355282944 1108147571129991848308920855154568767026061284354088768132843960324276058104165804473801768960
36695977855841144185773619992982784198911299255557783999585296248034850243088670863820331547469158438404096 36094939788692563898761305078362185537866183193881388052563286145391874656892060958720 664613997894875788091132788489584640
36695977855841144185773620021699222329765715720603768340611378860704050314998106607562644177501213841031168 157516227976951628084178540890103716353619836850868770225528070930452108137286824382093728257937506304 1067993517964340378981962311226614981114999298991611198651625747567611382585586174714679950049280
36695977855841144185775562660948673214083689154076027378434724438739581191817321694632470480118517495496704 245177135931145744024529900025471079763944805753749327971264540885711113197023737418038872471328784384 4121130325607159776021826369679625968297679568135903817390481809884204541370308347322035491890420613382144
36695977855841144185775562661875009927982218717464656558349246363317369849714792724063985536786548421296128 36094939788765515357646881337595370907330451352913796274399127131279942537937619517440 2557627865329080124603585874668377656451919773696
36695977855841144185775562690591448058836635182510591859518021267543102454519358458658009309454552640126976 245177135931145777865670231781976017728050203631717699933873141394293996763282003357890391010762031104 4109949519854208177325141337117558423163386165406617792912078686896475883285165714106519845940560493797179392
36695977855841144440402631366644151836300750877864768111234970638432797346933313098417959320179099257798656 87661208392556227402175582383993695019539753196712056435199037571645118749768742627978811675737325568 8150926529103845772390336359281525535869674649903976668114255145686038613440386469394464222866309120
36695977855841144440402631367570488550199280447681088168363819029624100040476606254975105859079648567099392 72951709344533919979314633787817497721613884248101622243991721610640883712 5052512584060475239207495497468596600176640
36695977855841144440402631396286926681053697111987009938610561069059726692470283060178355089518226862768128 87661208392556227402175582452390236136316588295577526713086587469582071720316242764020246033490509824 8119074690424077284927578315311502970672900910810850855720621619140553630018961163347746763945835233280
36695977855841144567717379887549532228078606403450903176951745242553813011692091183066790555387643394260992 122725571574233887314772258713384093050634105055660256080470936863665678234483401913633230753726726144 3511919755734797030750202069365009124648591992888079143897319399012720426679753648970257742965629494755328
36695977855841144567717379888475868941977135976481099322598574184829039889998839183082949763549567379308544 102132292898764423672588781573524761334577172982438016599218874028864307200 2192252455996354395052664666489306901537936637952
36695977855841144567717379917192307072831552740417179836902713307866316267066003007448634385628540224667648 122725571574233887314772258809139156686088735007917098596424615655118827170714314354338911134620319744 3522813874160749870352771187920224166319465528179537825235255578638014294280784052319386917273613404056059904
36695977855841144567717622721161060444212471336189256116815075543408694529132247659618007918423294045323264 300438362077620683891560517699941803873549341557322019289341593720037982094413842763980763824128 304605284937289520206942142005617342679698356390938398030935294203874901305601625233993040266869361082368
36695977855841144567717622722087397158111000909219458392444067949239354840827104415613406512214241127170048 250458957660746129264323549338689205662412260636355923840565082324992 182687704667027478773355479877626510245481152512
36695977855841144567717622750803835288965417673155728936195274442495067652925634728411058225730347075698688 300438362077620683891560517934761886221514728597004741517005740183094321063788223583280665985024 293567822847797147004149414977649090733186933594654983137403165327882420249758442276152050508188224820609024
36695977855841145204293550828191716348306533358765107904168921271707706509887546371823120361786870587195392 210112772749468084111933223696080681732850453894801128325992641593690553712309078132384453393339383808 1979942503011708025978551366358864023385070489230080092829445949587469058782916210029747078469794001846272
36695977855841145204293550829118053062205062947864745792227287604956888645892656148926736772545898918969344 36094939788736334774092650833902096759544744089300832985664790736924715385519396093952 1187475132843942681515733134077477422067045367808
36695977855841145204293550857834491193059479387199672385252218100511227772609865545452310861546852983111680 210112772749468117953073555425227097178278056919378128050535113208757241312883931767571725909632221184 1908198967578429921737487912469651646245712743888920705800530822461619304817870419769345365914341987493871616
36695977855907894162590151161235904872530269839770590633138720942469539579376692026048652935611511610540032 17532482029200907576982229725212898957351049478815657144655238987603999780339424056669973519758524416 3816525040672086522361058117807894543393811080836819236152026022369101575140929494444384493390875917811712
36695977855907894162590151162162241586430484409467489823754880036743181153284516220878393237008456639053824 14590542236072912592766338216402970495687306779428833533537416774194036736 2374940160663381856078911743171721790829572915200
36695977855907894162590151190878679717337136070071364732108253871729953293745349168602657309702230651240448 17532482029200907576982229738892395036772294870898382946410531098508560819520099583382915831230889984 3816381697008546988838416934215068049294412824042898553652101232642789205624558456525797575883466788464230400
36695977856375140944753847512655202911555157720819879990117245224387289454251624813667891713339052808732672 139984046386112764286739871037299885670661750176904729035448843009649434742879759561075615237360582656 1108147571176471719265493474527153548976428680069654166137509407854255662205284949116502147072
36695977856375140944753847513581539625467167257542035450071792948065460742747965305940225345822882533474304 36094939788677973606984189826515548463973329562074906408196117948214261080682949246976 664613997923890007761883888682532864
36695977856375140944753847542297977756308103749254444471200542053190821350777627818334787545463436605521920 139984046386112798127880202711729256078733763494698984283859056837683730412087788586934395707372601344 1067993518010964432395379808928682066878763752751028962788877096077654909433539548310705146953728
36696012851852740968593421326679785718242596528575662402633953450762499906181300288432730896389931626659840 96427299187975642380324751466341294527313341161449106346517012394650258620947407449392416445234675712 8150926529075249686296773627357591056601232451598200439443407651933194187660626603104622599928283136
36696012851852740968593421327606123315564658487584147251411552235713805711997165024335074768741943088250880 80246855233091545902633170734244313624854706431685720832798509715196739584 5052512584042728130804300285847642755301376
36696012851852740968593421356322588832548579216847177562769555768782580778914702233278892540414280501035008 96427299187975642380324751541577466273759624973662419683921094515966260582915760661599912308772962304 8119074690395558781258895510103744731035169616556130298209298511631647645980891421955848429105422794752
36696257823933917429819870508476787403841298564452262235360783770345326983871443891941292971473529538084864 218878863544887499090082392778428281240624041859538178237310616416695693583487742953798058162836733952 152310793394619761567592371852281568503328495044407766573730046125522961866826335214547541853797707939840
36696257823933917429819870509403131185128087267089218456609153253674534018057126303806488049844255088181248 36094939788743629919981208459825415296491170905204073807848374835513522173623951949824 91348904845765475115861106345053536371251085312
36696257823933917429819870538119562248594244592886826716444080604724034546226418850954413039395602310496256 218878863544887532931222724514414327315721093597463021021369620255141430175483449665151392184914673664 146792030498054972301873796194843667955711194476386548049503986363127028898741396338205188015165877858074624
37842727163836179941579045616808211468919418745049491480138334595397420585180322066042191937578103295967360 34385618820038511545519218677689244807851024257754411818929239779469835661496811520 65185151242940696959348285597327574530944781432593456948951726254493010724474989483464327200
37842727163836179941579045646479934335981693822339949090596957866817808482176423867881500141505902314389504 862028741740198525120113571651327376167631932065054720 1069036480384227430133311883796172222307494415494532693962808310573685375881389683281685494366240
37842727163836179941581048994103319252023804440140903234010809577450193104061612997589735182622221167231616 34385618820111842600453868417930739088889459898905340056691482614608488134617333760 107507747624534602852743032650760320677185265981003628997224837029997966904844301954549558020195450093952
37842727163836179941581049023775042119086079517431362376964973714759439359404741949738227005289142369255424 862028741741940770838748776584259854157682585307709440 4113963142432190802498310420454587288811006659708772693100466828613599431699381970980137995119117815590683008
37842727163836180204165213596851781581185149342798042114711063470883822264024979132743520548934696176713728 73331293532810551816370393508967117948277441291064780074864429930381312 222142651736582798828248160735135916071919854190255129319538017254351605443638068254480691217039360
37842727163836180204165213626523504448247424625977043943870468912098148915806832116011785029382836322304000 1742251700161185965053906057182424504205312 8127003474301444547901140403510049360292698665606564577259406231243817196076479496891630704819164938240
37842727163836180335458548009035455110206062853558743901231487281383619668307469032537627760243507350994944 102663715506670447912968105924341374408648736395961914130325419178590208 71671831749689735483823956161665212227238938025249236438825011414577296965961726828455518127849736241536
37842727163836180335458548038707177977268338239682214190732457249504892860695051239884521529901847834263552 2439149987615267938226897253202685801267200 3526254122084734977648037566033427510231886881234400655142709688520700444701707738912195740884648108411060608
37842727163836180335458798431197343583094111065445170370465546654140216233167630398981070665874022084902976 238598160811574876112470531476797349203528821944936211956809859072 17917957937487618835702478941506902510570491552408141060632506264659286695695780573771494935656321253408
37842727163836180335458798460869066450156386451568837010957690064271466588768066239692115586482392342265856 5981525981032121428067131771261550592 293854510174796948905520654640713201173356061459493513394373102740412301809410801409852516800516539084177440
37842727163836180991927724291572707484191112526226517526174200061448572338321532195942592873092710561481344 34385618820082510178480008521834141376474085642444968761586585480553027145369124864 116466948735897555531785826837719837598241637776055966069928752788134431652973812797873884130814787059712
37842727163836180991927724321244430351253387604320445691257859336528799639835242449352186192651027912720384 862028741741243872551294694611086862961662324010647552 1910062443132705732207934678009172790431499572740374729927287964708152951559637330700309217892731367498711040
37842727163905015855171093385024526899796840772263421590424305971921712691232213651862673339866963635077184 14666449585090759623174968678218605027534851081270511963942451433963520 89589789687177353573541580488492151504736057357426117348773291483215007500961542062487767544705759314336
37842727163905015855171093414696249766913088707867223789099132371240844143396083228966499697989974591864832 348455125253022018707923665141901910081536 3820108632259531898007204450752387451686301899066377946770899735493353765428486266654693129165748891662942624
37842727164386864099277405247425678002541256399595501239808409137649392249696988089095013329521635697361024 34385618820023845334532288729640945951643337129524226171376791212442105166872707072 65185151243889265754380379870237468040135952773727444663332653755104247252667813841474683296
37842727164386864099277405277097400869603952726052633079013824081180514828422365471315923729753714471337984 862028741739850075976386530664740880569621801416523776 1069036480430897014848890922023338982959700045478324889510349943603758213068476641695794995397024
37842763253473139123861965743138529021937677670093651852716264496098828028249465922446262960274153911877632 80664399026275525840519821612810682063370265067289063588729677242433536 222142651735836813973633480771902842699699622930104445093341995678190909478298329008961890918858752
37842763253473139123861965772810280186159974794584182164374705273117509729578104804308839116665314070233088 1916476272024706458347153856187489828470784 8127003474272898194131218650250330419249071149384798394203638472262734563802812141763111289063332642816
37843015880931852349501741461866687010211339144591395430215808263168618452117426513564532163808372442792576 34385618820089843283973473495858290804577929206560061585362809764066892392681177088 8959201111362952679043742755754549015329281688561528244045049745850845675630122079852518934977347321856
37843015880931852349501741491538410098129497319983364793211655131113660232066623876426421461591170117402624 862028741741418097123158215104380110760667389334913024 146935382090338229110762344823940194975199193689742394287833488661697009483982360829127326669906490127548416
73391955711682288880805262733288303672601501755729536222469941276865594693866626196835918640358198515597312 4595956210965574263248477556419518081156384139248565475388209831319382271162933282594726755408972754190336 4273432968075250433743599871324591682656099608723711312591828176356577151750991262546012520135352754634752
73391955711682288880805262733288303672601501755729536222469941276865594693866626196835918640358198515597312 110159605399273122292057241130344217583758587972722384603488281913627567866976945424838728257796058239729664 2293498615990071511610820895302086940796564989168281123739050341024253779006688492902734836129781619097600
73391955711682288880805262735140977100398560895362176336727638059248200080953212509950211718159297134198784 3824757447634014993161123354075571145183746818179087502688889692279794321850368 2648971717662261539244178759298262973126377734144
73391955711682288880805262735140977100398560895362176336727638059248200080953212509950211718159297134198784 91794178742882413922035898365637338950679780343686557142279999722273133522059264 1461501637330902918203684832716283019655932542976
73391955711682288880805262792573853362107394223974019877221122138119453384940566120356710179036453725536256 4595956210965574263248477560005454344737565651285153217951020621174721057175682303564158813166093069189120 4256733431277572725549683581680673362118424619896329765656967534873846520281767047956713732835366400623116288
73391955711682288880805262792573853362107394223974019877221122138119453384940566120356710179036453725536256 110159605399273122292057241216406687909393850221291519211195569425570483969714294647165577571677491844612096 2348542582773833227889480596789337027375682548908319870707292433033846356017526647148531714667788358964477952
75685454327672360408330427193703563162370298685596084229422126941767644528049958265487041097869392353427456 3844659212971751116588167988459645027127961227546784207292619503065267961856 116466726593245818948986998589559102462325565856201775814799433250117177301368369159805629650123570020352
75685454327672360408330427253047008896494849251954087887740937824196297831613664232023570058765672644608000 91343852333513740020501831127108341241917472768 4260890397519054730164478194553408394698618393939197275193739265673517655733138182492581343199905377052262400
75685454327672360408330427253047008896494849251954087887740937824196297831613664232023570058765672644608000 2192252455996354377305527249074424529483898814464 2350836081389823299401091417684639114316479113897488151831028560371595947990696928271769016937878828718489600
91739944639602860464434049980141118712531924230423009648820205079751322630740174705556828939583280717496320 50555527086528192092008480447791563652082994245219677865717566567970152055372772470004578098689193197699072 16654806142571348073113486970117195292656391656027628250467467574990334814818770123844956979200
91739944639602860464434049982456960497278248138894459998963240620087125607721677159550828868672896096010240 2005316505037066259926479977059676217436965403388193736828035611613796050062565965824 10301516967370574715412558221588561920
91739944639602860464434050054248055824414289301509420851528447151760125787495266518906610443753034602577920 50555527086528192092010360550588623001812026545746892756097396305637850920077783428652742026679365385846784 16553899528447275874220415824012532207282489134369973579100199087297976430076585708077539225763840
91739944639602860464435992649033344441602843692329833167726847486590374770261426517966567843868485925994496 22979789820835066651625251088716414147693400924083327322287096263947839418689653538668801994347832923914240 152302642468090687374728030992898041494108838742485609782259471781700225588952451218763629915529287827456
91739944639602860464435992651349186226349167600801332557727190735369645214347799019794482857990286078902272 2005293556492380539322999468085084808102227733443107815188750041613865481779185451008 91343852333181433021561646787980462622720917504
91739944639602860464435992723140281553485208763416244370435089558599177927016518370001975575706373401673728 22979789820835066651627131169997855916013617662468258560740104123629809257710327191735253593867646710841344 146783911423364577761620238811037735990557600820993190039473185931778783266772533017367319782605045794603008
91739944639602860973691829895704999198974021669075785212370651991960977702574504661396067065239204008034304 22979781054760991223503963795802951084082779686672799171008523367334257362285012570151910824969879603380224 761513212340453432646352331307514885143196413990310283275421882653184340279507149570541378840320406454272
91739944639602860973691829898020840983720345590402709266674792418855310251669282709329920743229202605539328 19123787238114417313500439748348460970297043542126847026402222979325316575526912 456719261665907162572482854967051217536704053248
91739944639602860973691829969811936310856387151537354948234250433842727156579987703175608427685253795020800 22979781054760991223503963813732632401936504906804242681522548742513415498753986461509151101707238852526080 733919557116822884733990388008371992834478238048073157716296294190240372271154194804500248449552135535722496
91739944639602860973692072729316527415107886601814138152233982292815859220014661137947284428274854659096576 50555518320454116663887193154878100588472373007809149714438993671356569998968131501487686929311239877165056 304605284952836178778383498230421908794660982916568728402608833686209524920267683990707644586240516292608
91739944639602860973692072731632369199854210523141068336520286183265625202497547941860377491893876353400832 42072331923835020794009414339757795707966988628048486311972222909893599956041728 182687704676664381742831178804947935678580129792
91739944639602860973692072803423464526990252084275904047526811568471478542439619424138032267787060646051840 50555518320454116663887193194323399487734913790082876876879840924521457161121442698426639534518957527531520 293567822863283053014632350472887544245972850820822472972781527708330993589488807323643050041551084096323584
91739944639669610568564601169391371843425685105395472668557627691876704270259105504377929445463072224313344 41363605898556408183759450035186384087009175234097032866628836903349132453407091857709094894530786452570112 3816525040687633180932442915618295320887751454961964042932484447833966235953371573164256831733654639083520
91739944639669610568564601171707213628173694023389099767831098270769451514954959747125364216688091865284608 34422817028594819633839756142621350795410340266074606550115556266370838829203456 2374940160673018759048352383250274392016605413376
91739944639669610568564601243498308955361970481191539843439790997706364183259333864329631351758944221593600 41363605898556408183759450067459810459135444162323332145094076863852109940332290619454143390248384635863040 3816381697024032894848843532312431956664142076873768161439186965224905266918172518978347298423734450627018752
91739944640136857223414277500739874139074312259073685779409368272238083032695729637001989077089021239230464 41363614664630483611880737328099847150619796471507561017907409799962714509811732826225986063908739773104128 16654806142561269529666270968467527674121235460528079631002170220296334382077623291895223418880
91739944640136857223414277503055715923834116140878711449449737320117736107380971601670722667026620191080448 2005308855522171019725319807401479080992052846739831762948273754947152527301439127552 10301516967364530086314485075715031040
91739944640136857223414277574846811250956677330160096982117610344246896823274787729678753811715257367068672 41363614664630483611882617423725033973212556917987348024311632244968503699288631349680245882408792494178304 16553899528437562529759287178657934897748371539836761544904938389691717361983262088578367309742080
91739979635614457629197368376646013472693722845372814569486409408411695926581269936059669876658580513357824 16720023184605996573659830424785252392507051483131447315663498382413460705430738018746041892864 1056811877370796614580187277311994285213469320444363899561619776198078045852381774610432
91739979635614457629197368378961856140863579159105779503957280780149955772712074406797733557361415938899968 13914413076294255507348688905422637192147621760556370518413758431232 633825300114114700748351602688
91739979635614457629197368450752978854129124884827692470685397372372170817620126823546425174691620795187200 16720023184605996573659830437830837405380852058138590840047446781106264077910741030806623354880 1018517988167243043134222844204689080525734196832968125318070858502490763996369101443301376
91740224607695633708480300496561458631360453102706068024652906818196120562315548715275390335223497968582656 8766090795451305893289487122894035406489803035202761704343929245554787054429222321907396699362426880 152302642468090687374717952449450825492459171123950453586759923162234928234258450786022483083579554267136
91740224607695633708480300498877307483495036150425894455987097625726809382690132599536985371047992745787392 2005274432705142438820099043939591966989946341822202880489345399947256674876368355328 91343852333181433021555602158882389476847386624
91740224607695633708480300570668395743242818173792479227361148895780110018723578762298379305647423072043008 8766090795451307773352838883344514943593069396731275693971956441205737446994304013233191214481670144 146783911423364577761610525466576607345203003511459072444939973897583522569166273949273996163105873878581248
94606817909590449853947614042020528672298546862623728700345836488493551462950805165105479843945258239918400 2015750980701875970834328264594633194338843297753623253429821708247652479751159808 488888634322055227195112141979956808982085860744450927117137946908697580433562491494726631920
94606817909590449853947614116199835839954234555849872726492394667044521205441059669703750353764755785973760 47891490434608916391318763950363016346367424697729024 16570065445955525167066334198840669445766163440165256756423528813892123326161540090866125162676720
94606817909590449853949617419315636455402932557715140454218311470546323981832096096653023088989376111182656 2015727912746598224248521225062462946731586655035271318966892203950956032332660736 8958978968711216904395766528994002440829931690734447634245183995845120244466522915998567614876865265744
94606817909590449853949617493494943623058620250941286012860410514986152082669377751560477217547995840839680 47890942371494917302724437568550747740235053723025408 146927255086863957232090571075501640029610879728044941201621017531859972009250975822376508883980452792107088
94606817909590450379119699579945780423941959846234403500257234866709758255779957932064694161027929267503104 19223296064802808321281189435291383198223106795503092826962150634030213627904 44794894843556084273314843018089110890776259646488840192645009611265790183349098042092607507222579118160
94606817909590450379119699654125087591597647951237439612814183942838628344628861166156726072938079293800448 456719261666239469571423039306179096155900608512 734636275434319782082363425496661418608730658202416979159378157624758959006925207890318763118450159971729488
94606817909590450379119950002107668896830008058120829969491294239466354820640119298508137066658444001411136 42291251342549394128320721605538990454865825147437555756466447330477632126976 17917957937911322318781593471742666366953120786859282139944363734827472916349985143480582437667583558128
94606817909590450379119950076286976064485696163124062433039416757605202072701876165964320129518623801802752 1004782375665328063897804851574785228526875312128 293854510190297977871091952377646223488400558682952182419043826802873022312729239360132667208100978752487920
94606817909659285898832244955934852213532737764939081189450053557247851278704702551389739740651385551585344 34601932916633865525974210882123121369318252363459401446631681764995159293952 89589789687601057056619153594435988207925208014924822774655806223347324714427253372838541707135254790560
94606817909659285898832245030114159381242398419422449211180859064574579627329893155238704241026206051401728 822094670998965199122344247485249851069883744256 3820108632275032926972719356074455815996821903120715200659340043986194539791893366593372216165249615684174240
94606817910141134011645973672637995205920384517169738460015911030745523127467471188158301235888790641312064 2015743291383450055305725918083909778469757750180839275275511873482086997278326784 488888634321462371698217083059388125538841378656242184795649867220815557603441976270970159520
94606817910141134011645973746817302373576493459562556714909260881407227551687001273138173942012567942922240 47891307746904250028453988489758926810989967706161152 16570065445945802336917255232543343037296953933918633382351124307010858151747563641196519016628640
94606853999227409430109786138416201393715401684290715024782859702424561424286934621561543783676198176948224 13986815414912626751710484354174835557707052375236720324031545344 62165404551223330269422781018352605012557018849668464680057997111644937126566680330240
94606853999227409430109786212595536858531111733549748080180408641264733103288352978326516660739568553689088 332307632771529082340652513421688832 1019512634640062616418533608700982722205935109134562820752951152630976968875693419851153408
94607106626686122261870309887079004213590467262165632650423310156264749329887909612627820070175527386743616 2015708689450533435427015358785654407058872786103311373581117617037042326150578176 8958978968711216904395173673497107381909363007291203152156975253523632164778640893168447099653108793344
94607106626686122261870309961258311602102038053493288429107091931340372955331259678248671673850023588986880 47890485652233251395562498917040523901791411244105728 146927255086863957232080848245352561063313553319575731695374394157787567502369710647962532434310846646059008
146783911423364576743092537299333564210980159306769991919205685720763064069663027716481187399048043939495936 849917640348756468527264584235289521656052992085311040547667929260770624777278717952 142035652569947632802282712349386409296681195632223393313372678423576034606842338449616246240462965963764736
146783911423364576743092537299333564210980159306769991919205685720763064069663027716481187399048043939495936 876477566609655108168741602493312786006933474463508787389160812318002905167524003840 4425735610543341150771266305995906505683257777431218787042201475656460516780702849067176916790359615340544
146783911423364576743092537299333564210980159306769991919208608724037725875499435086146619965087355804581888 27197364491160206992872466695529935159792824573105485074349751996612493191238874300416 4403517342700937332848366273388496089311934011353349584839771919505321032702540765632305167714571910320750592
146783911423364576743092537299333564210980159306769991919299313169404575037860451276077074279994752118030336 849917640348756468527264584235289521656052992085311040547667929260770624777278717952 90430413809849618691341083395646794933918863733760
146783911423364576743092537303038911066574277560324263439577234876856881365728561595037672200559243770724352 28073842057769862101041208298021907012201500394817930308090156288394829699674487652352 2740315569995442990646699496837781664663963959296
146783911423364577761610525466576607345203003511459072444939882553731189387733252393671837280716397031194624 607084028820540334662331845882349658325752137203793600391191378043407589126627655680 61610898367827038224014122253876765202570224337930739406068086701962921626918203585114383423379893232074752
146783911423364577761610525466576607345203003511459072444939882553731189387733252393671837280716397031194624 626055404721182220120529716066651990004952481759649133849400580227144932262517145600 1979934352085178922132778976022504741859534619555430188852777835332323372744302769643277684005571135537152
146783911423364577761610525466576607345203003511459072444939882553731189387733252393671837280716397031194624 17532215030821417584638736111593884226170189147731805979415186498965445714348858102128650926363246592 279951004876956614861783816717210131769712536246073060280331411481481826174314963578271357287394181120
146783911423364577761610525466576607345203003511459072444939882553731189387733252393671837280716397031194624 17532215030821417588433011291736064836831417229306438501459664831767403742537857594173636076355190784 8731915002876446938556523856588804085596234268555413160181087639956532659391703350690424804710809600
146783911423364577761610525466576607345203003511459072444942805557005851193589942172940921517179656147566592 19426688922257290709194619068235667971280588980789632195964108569008923708027767357440 1908190848503739497660202984891336334742742070988009894949675101840000164264240400808182018167578041658638336
146783911423364577761610525466576607345203003511459072444942805557005851193589942172940921517179656147566592 17532215030821421348559714812637050002108445974848325284811387713871721154581046988903827496520122368 8679010875970565373543273371539882485891721663280564707839285179081281466571992967716556885597272145920
146783911423364577761610525466576607345203003511459072445033510002372700356580346885884691729930165602484224 121416805764549779541159298607323249623680378539079049603617943552604809410136506368 178231737017029867921011525117312538719027200
146783911423364577761610525466576607345203003511459072445033510002372700356580346885884691729930165602484224 607084028820540334662331845882349658325752137203793600391191378043407589126627655680 39186512650934834494336299577205338464524691308544
146783911423364577761610525470281954200797121790724352673455276118496400161906425019900423436318594268397568 4010548865410284905468918082123146089132192503618954857219505197971977610828571475968 5400961727788783876394219324880223951912960
146783911423364577761610525470281954200797121790724352673455276118496400161906425019900423436318594268397568 20052744326978472929315148784301362151572500282012807362921540205996306928338919751680 1187470080331358621040493926581979953470445191168
146783911423364577888925273987481987736980859037045207510656657157852205052492030478320668515924941167656960 17532215030821418214488416012918284957361133295958428506412146591416537591938437821318568338872336384 3816525040670978405499642005681289662034170202183394113549039064784976402090148150715399167865568496713728
146783911423364577888925273987481987736980859139889242343234957795812440768185662120211200813289969509466112 17532215030821440775248637069927759196727514210516296565400368503503917118689615997827535524287479808 3816381697007479025875996124191161832468013374126269617162948811246859443698159103845172239047624820579631104
146783911423364577888925273991187334592574977319524363827690031273701340011428657948008267340788513080606720 24063293192388757834784066866424508240704692785631762220141045403968284539167491227648 2374940160662717261095778288658710909749980823552
146783911423364581962997226656454160273872235855801529613593444489724706324772929187083268042598387894190080 17532215030821418191722764932134218888502035030081464305167323702759046105540236145536240052990902272 123078453072154697964124520886655096926659588143629319649967113284510520260098275808042589802499921892357120
146783911423364581962997226656454160273872235855801529613687071938366217293701232545873243437845539014574080 728500834585090114203491144489672907949432515742872649994809321596012398536764162048 78373025301869669616160683525737460021757420254208
146783911423431327483798045261168360381432522473364894966843632857767931620176631321302530896148809383936000 17532215030821417463221930347499620812725474015976040500469168479837576972657741548744649623851761664 3816525040670978374789932157376964508939316379117207237345871753048754850122482818559376786319182009466880
146783911423431327483798045261168360381486442469543427238440498359676077794865008281365223737363659936038912 17532215030821417463221930361178908163184632327714731028693591555945281961759333187119085890966650880 3816381697007478995320456479173870538441328047985597201390922906257815684156033348770449319156551777280589824
146783911423431327483798045264873707237028325752510754328846337125615481274714334985803710814247402340352000 14590319605888325262873658817692447216393384635197156772716225160787525632 2374940160662717242081019285235269887299432742912
146783911423898573502074707488824545366593466797327491568701491320088876611139834460336086440838989669728256 121416805764108066932466369176469931665150427440758720078238275608681517825325531136 1628929763268863890154514628658538985562340402520647750425683186392356980625181258752
146783911423898573502074707488824545366593466797327491568701491320088876611139834460336086440838989669728256 125211080944236444024105943213330398000990496351929826769880116045428986452503429120 50511288335459020032451829364429873915384845790784389407579777197577877422593802240
146783911423898573502074707488824545366593466797327491568704414323363549050800208148014128465002917368168448 3885337784451458141838923813647133594256117796157926439192821713801784741605553471488 50509391197868955843906009577411491572702577815355627552547154085282821395693963313152
146783911423898573502074707488824545366593466797327491568795118768730728194011179143773370027339798760390656 121416805764108066932466369176469931665150427440758720078238275608681517825325531136 1037258353229351831897912320
146783911423898573502074707492529892222201065024215387448827681692170011472013977897401219988230357848686592 4010548865395694585863029756860272430314500056402561472584308041199261385667783950336 31432071309980358542360576
146783911425567318593798678688104457540777129254351215667763642586943683058364757005484726608000437540945920 17532215030821417463221930347485817293703819971261874314264759058206725636110582493447133101037715456 123078453072154696978554197131560418835230817878667119780888136441866681221831302552910783044171028789998592
146783911425567318593798678688104457540777129254351215667857270035585236604127300504754876591441851275345920 441712608692929430853317958529951098320329525379667943923291584810975232 78373025301869668988673636412763906280881280529408
146783946419376174289801315426612241227144849162169966736338865366060891946981239583686608856927229400055808 17532215030821418026671794596563618921202218475962831504926402063521797437118263753175088660117192704 8731915002845737228708219531435709231773168081679209992869351418404564994059547328308878418223562752
146783946419376174289801315426612269496697885616319240069101800256728705280034361346041458968075709785833472 17532215030821434947241960392740546438341793739815905181223674266614258329457045295150423115957272576 8679010875940009833898256080245855800565580990864792681934296135321739340816918244796665812553973104640
146783946419376174289801315430317588966162499830627411756503009324586105833426983789260392345980888789549056 18047469894295215955989522231134099595232942701027920011264583342169392460665815302144 5400961727769769117390795883857773403832320
146784191391457349987136845146861678400737768717146226776131745052368809861717149913790009890403055982084096 667792431702594368128565030470584624158327350924172960430310515847748348039290421248 4739579825453109680584085894404867211208401319722564619832694773534021030245216720225185622519155309674496
146784191391457349987136845146861678400737768717146226776131745052368809861717149913790009890403055982084096 688660945193300442132582687673317189005447729935614047234340638249859425488768860160 152311374383093532055134783298185646621503666980037847583283472069289433237632734135272746109616003219456
146784191391457349987136845146861678400737768717146226776134668061218657967206495478443023695028405474951168 21369357814483019780114080975059234768408647878868595415560519425909816078830544093184 146792590434240516752926435555413810066780724887760856711887711360750718990436232365028028832549326408384512
146784191391457349987136845146861678400737768717146226776225372679590506990672750031581858319808781925482496 667792431702594368128565030470584624158327350924172960430310515847748348039290421248 3014525358732003671175973866028897299702940172288
146784191391457349987136845150567032323720146109948825337837141767214045534070895174780174713616950437609472 22058018759676320222246663662731498366729750310214088099213694226595937621172811726848 91349253294909202156847692840651546501899616256
146785066291747263191906594147752525449283909984918584061106315360611373842916829664168744028639604494041088 17532215030821418009597556285972118489802481265376566807441682541620965988182822732513963315002605568 279951004875971044538028722039118702999447574046203981303488767642443559201059831771513028394291822592
146785066291747263191906594147752525449283909984918584061199942831575408081777487359578972725377367736844288 546375625938928013804791590724968010451706874581734569877451908182990121798775865344 178231737016402380873898551563571662579302400
151370908655344719766314179089937738092573289285106554166680863399536909821839997332621224505268295312605184 28219921652204804619069331899107814197864960878364369967562546981569723016763408384 125425705561957036661533617139953293464572219468963333094374071033973826466276736550018500425591170269600
151370908655344719766314179090053530181810605480530125151689551307390179806505637896660682089276208442245120 670466799128826375531776824378260267833198365955325952 4407817652605918716962476006077352042524152696911311840293714266278803528506873898345828650567607351341220256
151370908655344720816660854387407126324740597371192168458844253883535289056099916530974082195738784706854912 4031417378901066898827554836667060743965729072136096796946065788046166418371117056 256318444311441690955670954694387595467599831757986687676390019908867237050351611540787236396072960
151370908655344720816660854387407126324740597371192168458844253883535289056099916530974082195738784706854912 20157086894432003299335237070791295855617829198831692833973247843978373583402434560 116466726593245818948986998589559102462325565856201775814799433250117177301368369159805629650123570020352
151370908655344720816660854387522918413977913567419208465982436929159540086936138396274641276638093985710080 95780971304466503455737728075938756026084855925178368 8687486472529130378790874224441776902381850297717362134311779074777873554426581531160019029289452175360
151370908655344720816660854387522918413977913567419208465982436929159540086936138396274641276638093985710080 478904856520590268236983445984471619880855975682375680 1910054316129231430763386776868769280382139280041709123362710705301921707742441254220812326262026548333772800
151370908655344720947954188799590799853761510881952870245364677694035086460382406430768189407047595881136128 24188504273333070198162791907458356599583558270967789630919313632024540001773551616 89589789687112169292614540650858185014625891513208940535974245418553156527394161423924460533245456417184
151370908655344720947954188799706591942998827181124378712844425266566284031824357520147377777157105497669632 574685827825056771692721174060410375906940831607554048 3820108632258462892112203151656192263945032918436939802335957126185904541509199666277886396333137644161597856
151370908655413556467666734175579871643352288800657547934557496384573179483307151050093234986671052165218368 14666238960507422508801572842163232369758230151416219250491701690630144 89589789687112168422298876933731561242706957256272470360175981523194651006582201860895340761311797576096
151370908655413556467666734175695663732643577649309388311211100388302235314525389509229355945245232255270912 348449808341038879044432049913660788703232 3820108632258462861526824112454313771389024657407458136157903852149019918920665087348577330062335048626995616
151370908655895403924014542097850312409299512634743975680223412923841654005237954287221589142255945585263104 4031417378886400659867047414158259171123565839766338566794649568795674716680486912 1185710993790117841137366886488964176417484642976159375764045660241030447512945056
151370908655895403924014542097966104498537250079334222426474433369694517029979897581951832541307260654059520 95780971304118053647396689196894323976171195136475136 50558716775210624746097324039889432482441545176503435782578906952677538281951959450016
151370944744981679736357606533693873765493125698487778196849454908750294820324403320676824607078242442018816 18141378205003469208362220786220967842898209511318281780727339278831027926752821248 256318444310571375291953828070615676533342895287810889412494661403346425090788582421015302737231872
151370944744981679736357606533809694151890463736026346686486673290178900900707411084571695363920571733639168 431014370868879691221626140265068889942684038902841344 8687486472498544999751672345949220894120820816051184081037742190155285019847652222093748226693917573120
151371197372440392174234871557701105850760823989557046362885862085255335169895810848596021486454446588166144 22172795583875203629268760777870425441179612118714862117370572628376210941742678016 8959235287155527413605061076101847728163115331833885950489368898516570831145734570105930988389165694976
151371197372440392174234871557816898160854023283082127567936232723744400679167519823348876545578236190392320 526795342172649295060681790582918781868941573250613248 146935942573336454757567965277635893865674065439409060673520322765414902034438405669207657306844120712478720
183479889279205720928868099960282237425063848460846019297640410159502645261480349411113657879166561434992640 1126899728498127996216953488919973582008914467167368440928921044408860878072530862080 2293498615990071511610820895302086940796564989168281123739050341024253779006688492902734836129781619097600
183479889279205720928868099964913920994556496277788919997926481240174251215443354319101657737345792192020480 36094939788561251272767267811742451872830500507623053253258772370793352471010055553024 1461501637330902918203684832716283019655932542976
183479889279205720928868099989925012269816794489280583778726629991580828330018793544804629274541908444708864 34968040060063123276550314322824202348305060165421337952735395424216062674449981243392 2348542582773833227889480596789337027375682548908319870707292433033846356017526647148531714667788358964477952
189213635819180899707895228113828572300896684997961487528654525022149619165910379846398909094565350811500544 862028741737062482826570202772048915785540756228276224 2350836081389823299401091417684639114316479113897488151831028560371595947990696928271769016937878828718489600
293567822846729153486185074598667128421960318613539983838411371441526128139326055432962374798096087878991872 68966021556776391325271347327077541735243724011753063126871345655491348096289260685277609852992 104121253574361762665568966975441797561111043745040178340444239058016919699154446296732830666885928069365760
293567822846729153486185074598667128421960318613539983838411371441526128139326055432962374798096087878991872 499482174082040735850559261714314880477646142975518926394958969166349598299038731746412970639824 37914398995585869939400876780058667132009323150339066186638301195336459396921196183378901342957610414899200
293567822846729153486185074606077822133148555120648526879154469753713762731457123190075344401118487541448704 2204826760998492117378051088784572150937979631772623230100836742450191587218949961980534958587904 3229246051314020704644362484641619043333768357574275677686580966380694590971971848376685989261330179539599360
293567822846729153486185074606077822133148555120648526879154469753713762731457123190075344401118487541448704 15984994017239067850990870393688148094300352330351518418231066382763889007337387224358878449762304 1174271291386916622092899745084677001308089913356743500027842721727485472782966198228019228693153119941427200
293567822846729153486192845274236031338243996461167277914037941068882336697411062682601330415236908713050112 68966546730114040059965463410731597633555224165370509461757701514751767450342056182864855171392 113599853323258230347732556560708743602664058489946708121939603117283458502984149351507097245087364789829632
293567822846729153486192845274236031338243996461167277914037941068882336697411062682601330415236908713050112 430515364267934635013460098106374006748114328632883542968410372281503644278510780802221117276176 42653698870034103648940424645857287313752041217911155587495457384681446162436445038146340470416972697305088
293567822846729153486192845281646725049432232968276017114210270214843841157961610631049960358388047473016832 2204843582459640442001435352433733469006075189601467799590031448703746021445776913909428988674048 3522813874160749866278707005929599906840553417917857800289136898273368060340371710539769079450015186091507712
293567822846729153486192845281646725049432232968276017114210270214843841157961610631049960358388047473016832 13780142024048853246677742909429833966260229361835628333896437580933365768778196834485002446045184 1321055202810281198835992282384126357608307388858937062932057186699954140018727254238841918443897805506347008
293567822846729155523221050933384798868880639415372224904156136907701651660978512365169927653380772639801344 12816207401059470558831994461579182247989033200846369438715863893633257104383858304363099651572096 1852673427797059126777135760140468027289650657568452709464037627146266006781952
293567822847797147004164956328786896565754289289909571288656121894890170338449683419950084124966820262346752 263083992060777133700197209276095976590177264873964790895370094186570185894761326998192256 263084493853669705678067578609762350979781051680576565272799205345239388323282712155652096
293567822847797147004164956336197590276969485743685755367766964306600179797036930676751671890999835560509440 8410730574162311692131824580659034047778914422284744597353126777217113413475964447015043072 8148159446689082150906350109339194996794127001947736134896877750141437710687195635422068736
293568382782914697937272681999297333656306399339237115841114659761904307598676383096578742661085969179246592 525173337648734694116083654055898311500153617446334886355859260419354052795497587245318400 525174590233828533996571031570277229091820402194888893537574501792353546022349340711845888
293568382782914697937272682006708041502271154073421178265669303126234406395056256984220618763428219571929088 16821461148324623384263649161318068095557828844569489194706253554434226826951928894030086144 16296326664053733204728983896526017293793862736986383911785228616138586814744947097111363584
293576781825697864703027304375207332915838373964851438663670040494780091699453374710521649783576109175013376 2216299369499430345046527229738512687201138466185820418147719052841370445998234942861228376064 3232399611911007052988741744880603993771457437655576139282854317201839132241775525909550086871738496747307328
293576781825697864703027304375207332915838373964851438663670040494780091699453374710521649783576109175013376 15546688224282768743929316008606919879337397770156416756712676297137260334428795113894204932096 1175418040694911657856662342492014299588792007429029681474967972930799539690729513841542999065975204782014592
293576781825697864703035075287918434590145620039952306388080618847643206015983110746333888599873049285689344 2216315283842995458219076201970453385468021680782645933274677147688631027102139343929245433856 3526254122084734973569994805740162161939413883413864418351445323563448083405875040659185560784960178270241216
293576781825697864703035075287918434590145620039952306388080618847643206015983110746333888599873049285689344 13330364485944754319337323165138247997915094381619207268526802661561022123615206556897575436288 1322345295781775614069230556097423654825597934374153248542697467358997971111834513690194253258100791991861376
293576781825697866740125446106826711797787916385925436093031922082715902407631283428236843008532464342663168 12776314012408480812621156971433779020335974687424141234028027481085547276931001435317870788992 75685454327672359883157089546879438518702361867042198335983782179347409657903067972961662388764714295361536
293576781825697866740125446107058522132686840411575272044822229937725389334598329154668626324785964901203968 201326976 1910569472415717224488921252643350479578954746983069306651050136130566639058944
293576781826765890813582808049959978249849266034695604838460452911485349021217731201239754031483355872264192 8454495018966372916641498218495954281707754563554911196487887607183711449213067384061952 8156116633648739457694344591868041144933132017505212088321889515052332965528970507103240320
293577341778971305441482193502137620359226939551657052506004107907417857459156132667455354526126882704097280 15914343565113172548972231940698266883214596825515126958094847260581103904401068017057792 16312241045561598178561727044862857663792805439781473640977465529239222494644975578130678080
302741817310689439532628358179875476185146578570213108333548981696356841580074841784434222772430006982279168 66880092738423986294639321697403353443187296067842698500575286712213119929240854452224126877696 3330159990417583851664498812284042605413377007551542255419109057811635423926512619877899321913979957502027776
302741817310689439532628358179875476185146578570213108333548981696356841580074841784434222772430006982279168 484359190148985799378477075899177015360237040382168782854312541827582444087937786556775219068928 1210967269242757766533302862117617872862759864530268641701757945701720452498167350698299364855347210457452544
302741817310689439532636371689055907317564121350578755349038881624567931655600010467220256172586094762721280 66880601997418069916160888808825455787727558934941114984637945747325458524565795286400672727040 3632901807728273299599916599862034049720697136371171572120763737033372447570027215980666475735349153918629888
302741817310689439532636371689055907317564121350578755349038881624567931655600010467220256172586094762721280 417478333024747451241768761379258260253418509913222308830295549122236839372550023840752897884160 1362338177898102486299617041207555610955333153815375195868441823448384357307276143130888066694343546130927616
302741817310689441633321708774814252649481194742384336917688507767070578112199833061948164391477586056708096 400759074225955816510177923787532822839690941328248846889770903033881203601275358565422937931776 75685454327672359883157089544968869046286644642553277083388661253800374707220720265790249592282793430220800
302741817310689441633321708774814252649481194742384336917694359482610672547752776467711467794553446592413696 10109999283438021030883437161177469596565159424888640073927877459968 48229554031919796300721599479637339648645773918208
302741817311790807848045111214061487083434110830219245391613880601389191327268935306889812266551409190797312 255126820278220547425711093299319090971534005359039379046958020146190821967429621648457728 8402789429398115968122173550249416208368286923728409214025297011237589750143376525069651968
302742394744880782247812453311775375333065974318588275711336748133907211467746900743377814407477920469909504 509258994083621521567111422102344540262867098416484062659035112338595324940834176545849344 16805586872305412367376764643279198063752063747385029518126119186360947881456060572685576192
587135645693458306972370149197797425200869902008774251616857505932446877864993721588370335528184919338516480 733964352014336591650353847563710161317480264492806654190302380470932346563331365408965628309482128004874320 463168356949264781694290070017280470377846097780221783438447160201571934928896
587135645693458306972377919873366328117153579856401551822466239023358519856466837439397141347734057553821696 1399928573489322247549601121313507271776404296735628766791729349967281446008690449777413935637001666560 12637475000272837269976139987801171499050343860395822516010169139200
587135645693458306972377919873366328117153579856401551822466239023358519856466837439397141347734057553821696 1614721574431540501630778464640162354898456581884174639218665237036051162439329003899724382280860681610723504 231584178474632390847141970017558503411206332196056588683004703393283250847744
587135645693458306972377919873366328117153579856401600862323546731801987323571706250499942967000596603797504 733965751937569787457042908441070117608013802618424117990766637004507261225457172280139820250037197922631760 6129982163463555433433388108606072437753415005433233408
587135645693458306972377919873366328117167059829735127142363572530902030004110654957837379859926374429032448 1321137233553311295589772777471047332435388604835612858805650569537873180571578426062732791276327353993658512 12637475000266707287812676432367738110941737787958069101004735905792
587135645693458311046442101866306429380812014045836289779759530214924757550933009574687349122865622484516864 85164144472056910366364777359907439423838681797827558741508242875732069208780503900503410801942260516651104 9478599748896467419079095731597240363485436135144178801714312378689973531030497709534878254918724564811776
587135645693458311046442101881127816803188487162897410693821104473985600647625700079601693745274377073590272 2727259431660750081274019442688062019402354864774775562822943363556910867688115794824501255320824019878412288 293567822846729153486185074598898712600434951004387125808428929944937334471522112021645379501489371129839616
587135645695594294008298829955761349823324816967670953259810058481748500232744534354982811729795457759641600 1321135833625805864970636925614678290371464476087051977542544284847678223813996457736138130957067830408773776 3010594320182858556013112317516073220778050056659677390667019213213686996926464
587153563651395729406054608735578804398145610391057844873101942795859966613621552153487796616138348614909952 761513212343223805801404663324579213598532609918782264948728569850373885017306434487007670605969065246800 18957199497792934838158442359655240727060721461549491362918181381994267567920048235453599066425097034137664
587153563651395729406054608736042425067943458439140502137296884614413098388161714568098906083357532044132352 11529215046110412880 477642368103929306122236634704943691686279414927254321688144961331520667123776
587153563651395729406062379648289906072452856466158516246521347706713103766938434555935884281485258951557120 1452473954795146670929692085281431674684138105199539269237289158470120535495447881251629764685332480 516722693902790904796753859943048079400830645850831227596750011379981826759099329300047268413920
587153563651395729406062379648289906072452856466158516246521347706713103766938434555935884281485258951557120 1675329067155092372763090259314074269916771741821320982887202853670822547038074155871416875333131943542960 9478599748896467419079095731604477369062768397358151988277172685226136542207324784183254818541762143846400
587153563651395729406062379648753526742250704514241179646684763695329047327828998646589623472171630811217920 25364273101442908336 238821184051964653061115156580418809947369343372883663331381267016320829882368
587153563651395729406062379648753526742250704514241179646684763695329047327828998646589623472171630811217920 6044629098095136148029440 13032396094031363434662894362409677360615730746186157391254933996000
587153563651395729406062381545427496136641402285945534628864029974688532528793435778408940667133974972268544 761514664811637863092445790862014322757733785458827470457226460537802053115598012799532646394914825830480 250896446285988935184666833187386363836011541994483505398667087089429341572746444864
587153563651395729406062381545891116806439250334028247116775239323806970380487213277403717645557854275436544 6044640627310182174556240 6321544106071791540728181486995025382427298879007359040
587153563651395733480250892228489285029106970413440373100643546886038968141153493348107818257288964431937536 2598106805884722475382164144939561235414296025327260382996105967885796660265426493494078923658976598949888 293854510173727912425136427210818710473611853890247134135458988856396862842209999697302508384251174419693568
587153563651396250887272321276727990794549089266967745422430126186393266618893469277548623695682041901285376 1370725234690649498018073363245397831454538680272301277640826393699485402747238294097423803552345217826960 516722693902540008350467871007863412567643259486995216054755527874583159672009899958474521969056
587153563651396250887272321277191611464360430452420442712139212922306180453924891802300558241247872354942976 6044649850682219129995408 13032396094025041890556822570868949179128735720803730092375926636960
587153563653531781627134532434239688368884437680862374415866597786620165731255033621918117276297217416691712 1370723782217802850442528393984242584477358697853808076907711425730672993031151582076613807090744317444240 123078453072671419672455108213252293235024067266400601536856640821532847896814275053549946381431999536562592
587153563653531781627134532434703309038683972371116292052223222618648230576413205016834130886343521600602112 20752587082998743184 3104675392688572885888522077436001351886670413026616359028760201304546715107744
605483634621378879065256716359750952370293157140426216666723453598147639287359989330484898021073181250420736 22979781054827871316242387782079497891838524220400059527583565137689152269526204927930160535753603122462720 18957199497792934838158442359177598358956792155427254728225295078815968102067974473213571629136788871710720
605483634621378879065256716359750952370293157140426216666735157029227828158384667275434383881191519772737536 578960446188687226968571179424873588674928562827487228410806386721633956003840 12057388507979949075180559448117524043212504696832
605483634621378879065264729868931383502710699920791863682213353526358729362885153056675071001249652735541248 43830537577053543961596840278984710565425472869329514948537966247413614285872145255321627315908116480 516722693902790904796753859930015683306799282416168333234669317948324059528018286861219329489920
605483634621378879065264729868931383502710699920791863682213353526358729362885153056675071001249652735541248 50555518320621316895733253120574895362044753284880130960683843302916134992957650841446353178657926869417984 9478599748896467419079095731365656185010803744297036831702782569532757173372031320786828218981522035703808
605483634621378879065264729868931383502710699920791863682225056957438918233909831156518177499492354267086848 1273712981615111899330856594734721895084842838220471902503774050787594703208448 6028694253989974537590199934954667456080721739776
605483634621378879065264729868931383502710699920791863682225056957438918233909831156518177499492354267086848 303542014411374448852898246518308124059200946347697624009044858881512023525341265920 328983928957963515105114952426995072000
605483634621378879065266672537823609231781619382698687201119995933197781502406404869084809905534857944039424 22979824885198248456848814760958862854440235394747082043878496907095838457764727379174819216087213334855680 250896446285988935184666833181064819729939750453755323911831639915191173744800303104
605483634621378879065266672537823609231781619382698687201131699364277970373431084208076881508772463549415424 303542593371820633327633548347200081016068513929443158740469453665934294986858168320 159578208189131051061217280
605483634621378883266643417549628505298962389484768673835751525328707200099788044092747746579810246398574592 82583955794989029494771570694920566534821108521086997797860102439280533555564943654855988966180778506452992 302741817310689439532628358179875476185146578570213108333367755493327809618217584865177403677992671346950144
605483634621912875824244957389530138929253087949442539812802516718845489764840707988120231138755393257275392 41363649729194305440192752680991192385598138171967807116521362432094809253686302058239424957725060389404672 516722693902540008350467870994831016473618217596438393484215562624412227888103095687474529186816
605483634621912875824244957389530138929253087949442539812814220149926019250539305972655769237557291627118592 303543056540177587647408456597973595248316339749747254934895235128615232431974252544 328983928957803936896925821375933854720
605483634623581615696058168391401249637198050538975902720893651695366616020951817148886356586475230897176576 41363605898690168369236298007743096205309343596720107149650417247840474085147168870274288964356485620432896 123078453072671419672455108210147617842335494380512079459499012494948376136705289097612493782877878137926656
605483634623581615696058168391401249637198050538975902720905355126446847468810735234316017034787832033509376 1042128803139637008543428122964772459614871413089477011139451496098941120806912 78373025302198652917630403091307602750425316471808
880703468540187460458566879810049492175730369784602327733699358535037779784700256159095712021601086330732544 6719370929713897372910319734933769952754067756921297265451173686139152536872203609499204701711291646112 7582485000163702361985683992680702899430206316237493509606101483520
880703468540187460458566879810049492175730369784602376773556666243481247251805124970198513640867625380708352 6719370929707785891988888969334982999152148691508380007957236153490179011688350229121310583814203899968 1389505070847794354724492345623619600829877414007138262977491066295447602593792
880703468540187460458566879810049492175730369810313385481700510652152640729264360435853875656093059097133056 6719370929703711571374601792269125030084202647899768502961277798390863328232447975536047838549478735872 1505300031211590815826055665656005772703102413387263307428361857430149446762496
880703468540187460458566879810049492175743849757935903053596692042581289932344073677535950533793403205943296 6719370929711860212603176146400840968220094735116991512953194508589494695144252482706573329078929064064 7582485000175962326312611103547569675647418461113000339616967950336
880703468540187460458566879810049499243118628923850703814890513624000928611063468431622955941522929591877632 6719370929704730151528173586535589522351189158801921379210267387165692249096423538932363524865660026896 115794960363796461101575579996713098984091866156342256595746297964712710635520
880703468540187462495591200131182224069750541424146476521013642840148529525972233953540263181565691978317824 12816187030451045595766238456044607014064631823522301948535062750096905546902250984661842776817728 926336713898529573030208405588502594007464749615025085611481659508881100898304
880703468540187462495598970806751126986034219271773776726622375931060171517445349804567069001114830193623040 12816193141931967026531837242998208933130044740779795886067711723622089400282628878779739864563872 231584178482214875847305672379544187403887035095486794999242196902889352331264
880703468540187464532627176464973557802772332659376273618170901656450885690259065007649723920961710363508736 68966087327774406519554772376379860759237871556069281618069069498014894738835734375609359401056 9478599748896467550621091761985807213584040773192167096802944815672368978718080104020427661102381470318592
880703468540187464532627176487205638936337042283545937572975574227699363379082823269677038146392864615038976 2204828863681135657955974121740717315696491576501228801286986080731885891497303330971646712348672 293567822846729157560257027267870885137326327826357323999883697827893759928487871236652841474531362573647872
880703468540187466569663152800154396606641918246116674712468410723104954982935537095509782960142317919404032 12816182956130431308589172598075539068021023212017305990179963434413449644648665721916578051653632 2871126480275319632860541875500530261254112895480988831285373808316252160
880703468542323449531519880889146148692205456383043178163966195389450151893723046720152739383176230399442944 12816191104771659882943304314013674960108240435027297906890162065780361449155836247407107501981824 3010594320177803566013021572554573155449229888224383071340174144452299228971008
880704588412558555471768431521294681712204511458057456828884611089136472864096015675463053167533426825232384 12816183974710584880383439062567806054531925364893554979768738263334313620212062037602894232944656 2871126480265678004594987933847278488700058313962254243946268071085211648
880704588414694536396581412599536691194189568777971273362358217089075907921735976105149900134037999327379456 68965890014780360936704497228472903687255428923120626144475897970444254811196313304614110756864 18957199497792934969700187493583047577069476908336345898517257194362342509748577813555305916021106035130368
880704588414694536396581412621768800597361234646780477096936858656134311681666427958224613505963783681474560 2204822555633205036222205022872281821420955742315412087728538065886802978662243223998311451066368 587135645693458311046442101866769597737761278830744449808312627772831094400009983258298220976020733703487488
880706268230727154931002160986920987525676918553876080949783581764760035935123870581824841329788174504820736 197312994045582850275147906957071982442632948655473593171527570639927639421070995248644192 131541996030388566850098604638047988295088632436982395447687582394485549406183656905506816
880706268230727154931002161009153139333366859501909510406380243598054294795219273823064171419486572957925376 6308047930621733769098868435494275535834185816713558448014845082912835060106973335261282304 4074071952668972172536891376821970198191454767882956425456965759215007461973041991443808256
880730345477093594109093569472434859108679284699237774369782021560069655650407651833903826422227888427335680 6698455344658542137164496036693517304167201324962597779758366121126090919586082623854382092172394656 309825023857697132647782401451917399401999364209914437495813361303974718421141277641828772872480
880730345477093594109093569473130290113376056771361769470027145542993570991743497969884435208257446216826880 29014219670856653309214880 7819437656418818060797736617445806416369438447711694434752960397600
880730345477093594109093571369572449172867830519024792752124703828045084412262653056376882807876604448047104 6698455344652201265900271257006036180503329359251316963835699937728725003880694840267472291634348096 56871598493378804909101064273685136742542793632260552470955166122052112455623855307101899673409982610538624
880730345477093594109093571370267880177564602591148836940117621171471494044401712600698529381643669681045504 29014219670856653309214784 1432927104311787928309632731423227333183187962961219573145183480726713763102848
880730345477093594110088217842392022457178595015318434432325616129639779847143581010163201801901671199113216 6698455344647974018390788070547715431394081382110463086553922482130481060077102984542865757942317056 61611015881289806876314702398706134746656779412354225956198841597167148828096995412821393086584926901370880
880730345477093594110088217843087453461875367113178595735403924604792926114434072860504505697971277934985216 29014219670856653309214720 1552340657186953028820619905206531372244034483673848442781482318988380515336192
880730345477093596146180054842405516195933526776983280966133864878575869021252835581724639624670812957573120 12776293870817406216262149678452729074091950618950033941445471142294483103971372427716161699904 37914398995585870070942872810476182004417256837544248494400820751599839371209205738735390036326458322845824
880730345477093596146180054843100947200630298850715774182119114552138487722760043722767532408143496945336320 201326656 955284736207858622187402418262389713288449276215452246482420946694072103338112
880730345477093596146187825755116617870240772852083952339553269789429006174569717984172727290017723294220288 12776300211688670441041837159576392946057661899765956607628868508210188491754959337516699746464 9478599749206292442936792864252259770514685796760151352487087122721949903511299502604396096183590916718880
880730345477093596146187825755812048874937544925816451691506993633054436662427327801258249796957595712421888 201326752 238821184059784090717533974641216546564815149789253101779092961451073790279968
880730345477093598183278196603696617944945344378291811764313587380819059840606868058629468040865073606950912 2216301483123185086639756390113067311189708893124461306875518174813272241926097246128074391552 293854510173727916503186965771069176147746288697492332675483592837953442669468258088912427561701864047116288
880730345477093600220376338320480135393363749157776308279095766248147707222893850284710529025597393027989504 12776289643569896733075691357703619826114809765072752163989872898350679512115647821182469668864 117513462768652300580143277031847748784829526238032397219143197261303749384315630236766063472966369280
880730345477093600220376338321175566398060521234725816134466689813176168003794987464005878974357894703611904 201326592 2960849182783923371387433809107586133751750104631127504083382295121100800
880730345477094115590303511100872943830775517500047003545690800039749818502362686555516565836424671377063936 6698455344656428513409754443464356929612577336392170841117477393326968947684286695992078825326379136 309825023858198925540354379322286733068374136937586460579802328314772052595320136324974265762208
880730345477094115590303511101568374835485782709541032535481594769970704117839391125595369977333687760551936 29014219670856653309214848 7819437656431461149009880200527262779343428498476549032510975115680
880730345479229648367259978541066400166672354066787810508898519869336068138886317050154960284829681759354880 12776298098064915699448607999201838322069091472827315718901069386238286695827097034249853730944 123078453072464522002410767130442179743338490586901332414307232066057894697254463946473256617798499280355744
880730345479229648367259978541761831171370812782691564097045452556373619911011534171502757211129486501806080 201326720 3104675392683359927450928496694454409516328726626831051806433020244681763586464
880730345750499934707964708388954800846881265684464613293977170682861105648387705910085192204840818326994944 6698455344649030830268158867162295618671393376395676555874366846030042046028000948474017391365324816 4739417387911001967214139917913569981984355113760048257971347498199025339483937439893672271858089783721984
880730345750499934707964708389650238925868043242652656717680237991965340678064894235072715142497754457145344 29014219670856653309214736 119413552875165100510999816871516182643927977075602859687063692859424766951424
880731465383640481697216178359940766914215643814168197961569660561850854843984955977682912997677161512960000 12776290700381774103872305937890897138109094978542072608353772459336630410079578972815892676624 117513462768257674592052111331297452970915080972263832761155585957068380275047802044862587208711798784
880731465383640481697216178360636198803198666573658691082018678981123201720184430216309040326636079362867200 201326608 2960849182773980442238581306777670243305389161028021373059351264352010240
880731465385776527806993905951032440862012592156441727883510984202942720829878048525497223903487206428246016 2216295142251920861860068908989403439223997612308538640692120808897566854142510336327536345088 587709020347455828928323392981887886621358142587739466810942581694350305511678257786214935945953038466809856
880733145253073063352478326846607312607456573705672051477094138642627161115765580174129554737310706079629312 6340871264224779687481123663871965711280815922666183397365915705387783586909800538046464 4078050538560250465674134434807245198540024603981556579827258258391609919177450689627422720
908225451932068318597897094803397075254066049881187795523320030289538094044327729585012606501874479103311872 210112772749786992967382940051365985659802605115504004616260982749113605953271563345629968066798419968 309825023857697132647782401444097961745580546149116700878564945244980058082492652178532009518080
908225451932068318597897094803397075254066049881187795523337585436158377350864746734777266249238531400630272 1457001669174597344383939617796610367435411594647048798442498775193511946471960739840 197390357374778109063068971456197043200
908225451932068318597899037472289300983136969343094619042226672696377146183848981397422345406159684311810048 210112772749595647852174274640796702339823294983142577141415077328551363950354353620173047472056172544 56871598493378804909101064272252209638231005703950919739568110954392864340139172071568049997178205756198912
908225451932068318597899037472289300983136969343094619042244227842997429490385999786335970258518640682958848 1457001669174597344383934796982477590464584968760771774954691208584530598093454835712 36172165523939847476536337611333804494936908763136
908225451932068319616417025639532344117359813547783699567960869529345271501919206074612995287828037403508736 210112772749468084442035164367083846793170421561568292158184473714843202615076213803201767075561340928 61611015881289806876314702397153794089469826383533606051031496812316390508639685946170336316546974411128832
908225451932068319616417025639532344117359813547783699567978424675965554809105895396143587708454054167412736 1457001669174597344383931583106389072484033884836587092629486164178543032507784232960 39186587393276164216538976130425548950428025094144
908225451932068320698578425134565205019774351882810553584411961365218217399559822392433062412550767307128832 400758437403551593778382643820564054766224750104244995466397797108132766688509496188507214839808 37914398995585870070942872809520897268209398215356846076162545815327349993395109429994393559215161684791296
908225451932068320698578425134565205019774351882810553584429516511838500706137443743145851675744966365151232 10109983214057578440980681741556546184939134202858702245999524446208 24114777015959898401355937741424469582775465283584
908225451932068320698586438643745636152191894663176200599901861293429307475084986118623235392727238792249344 400758628748666802443793213103884034076357111531719841371818359350135683898234953109101957087232 9478599749206292442936792864013438586454901706042617377851899270411322118617011378869320871160054045221888
908225451932068320698586438643745636152191894663176200599919416440049590781662607624229645294045800859500544 10109988034871711217951508367442823208426941769467683594378030350336 6028694254187364894964978044017736427536918782976
908225451932068322799271775729503981484108968054981782169300507025064041679862885877181969352240253380853760 66880156520129055849776178125176678272960038951344038260420048451718156476946346309629538992128 302741817310689443734015059369753029113815810914555565502021317429321326555340926598203897580373411335503872
908225451932068324899965126324442757948443584227153010753065523301211734336599499185844493174432758170124288 400758309840141454668108930965017401892803175819261764862784088946797488548692524908110720008192 117513462768652300580143277028886899602045602866644963410110353468881721482361055952893167081179054080
908225451932068324899965126324442757948443584227153010753083078447832017643258329403134403383660339777241088 10109980000181489923000130657632361502613929158452714680413853843456 74742341329722202676553220210485903333785600
908225451932602315356877322323995830680608437909838471653909193482024854446283284516457766639380219625046016 210112772749723211262313384914509557886476168404716862124645680942259525285632493437144327868551004160 309825023858198925540354379314467295411942675788576580379472455892803721362323034526021610124288
908225451932602315356877322323995830680608437909838471653926748628645478367494221550914857987303468760662016 1457001669174597344383938010858566108445136052684956457279896252990518163679125438464 197390357375097265479447233558319477760
908225451934271057329379877166215502286679245281360239638582159462437194133151650210834520977952816953884672 400758564966961732888656356676110707639646324389228226070011505269468044828326467468903709671424 123078453072464522002410767127337504350655130659450403917691150681843633029973680591086713721716425218864128
908225451934271057329379877166215502286679245281360239638599714609057520016563511702027484829341278625923072 10109986427933666958961232825480730867264339247264689811585195048960 78373025302067059346047696419890124162607702094848
908225731900161091841943345319817415172894578753470853899152732027982891975903103594731167897514696354398208 210112772749499975294569941935512060679833639916961863403992124618270242948895748757444587174685048832 4739417387911001967214139917794156429109190013249048441102845737424433679148337537882116701716258255536128
908225731900161091841943345319817415172894578753470853899170287353183361443198298541840754298332670490411008 1457001669174597344383932386575411201979171655817633263210787425280039923904201883648 3014421869336316740002957675508122717593238765568
908226606800451010330261195005618676052524490700612522369231956108091918791783076456341399922355965632970752 400758341730993989445677359178904065111158569390507572513687515987131308083646767728209843716096 117513462768257674592052111328336603788141100530025251454452658055092462321877488702592225497237684224
908226606800451010330261195005618676052524490700612522369249511277034725368455469876828684379107541911601152 10109980803650512052495268428613407673195230419554211571810271494144 74742341329471207857708030788989552877895680
908226606802653740658974581743272212794007992802282875655493676779280702952604468757096562973443423412944896 66879965175013847184365608841856703783641810300840018980885763233203046833829870737413302648832 605483634621378883266643417549628505298962389484768673835389072922649136173558511463381301258366082682454016
908228339112937378522595978517762268385854322258684708480026085172565845551986775053844186694725001396879360 191345115208665410569283319974489318228650504019279534285218515109643116475572216236343296 4201386701189877552928669232344342457168653561935993516937123341733026493902380739988553728
1174271291386916613944740298394668513687841274454159935353645485766104512557304221731849499192384351515967488 72316115019918361310287728294837660402574923149347979921322248142052495821414607812325655029210939392 66350306716240904272593290500351578159301842735380197642289339194841690412095711638226800327191437676380160
1174271291386916613944740298394668513687841274454159935353645485766104512557304221731849499192384351515967488 153398337555247431352186421763418229452001756284326896999776875813208354460884506871374881006995636224 75685598686220196087117435780703229886871600691179822462250322762877639786039921802671342289653105829085184
1174271291386916613944740298424311288532594220482594107516617879014855050925828492760301377604473950165794816 2311928425740754870471807298473371527741942930365610176126214988051452093759697675333701424736270024704 2054978119544217345183683311024684016056623813488502425199705878597637681049015404840890600570177582593474560
1174271291386916613944740298424311288532594220482594107516617879014855050925828492760301377604473950165794816 4912847904699104099752590509255914496451628727026921624268206849609335699239357560084115527564573802496 2348547062263317599794189522351639531373295488170740927698915312558150929988566414999013526686362925801668608
1174271291386916613944755839746732656234307159712803103644932478046717039712933674878794282695468115107643392 5039459845692634209408314703507246346895484699380110964332320043461697185143111001154435144125327081472 842498333351522484665075999186744766603356257359721501067344609280
1174271291386916613944755839746732656234307159712803152684789785755160507180038543689897084314734654157619200 7839311652377763145411709155956503817547682767697190537054830831139847156567469157822185899413871788032 3242178498644853494357156979764663686676958543867467421710729492576051650363392
1174271291386916613944755839746732656234307159738514161392933630163831900657497779155552446329960087874043904 6719370929703711571010351374976800829286803540370358707965826516068587167997725895155085597298453905408 1505303564905720385450219186322929465663423956910826976337692670197913528303616
1174271291386916613944755839746732656234320639686136678964829811554260549860577492397234521207660431982854144 4479489484355608422207635813017394852765045085716695049787817885926067190858239369820884993067618140160 842498333388302377645857331787345095254992691986241991099944009728
1174271291386916613944755839746732663301695418852051479726123633135680188539296887151321526615389958368788480 6999356110372224464610690820221726576352023347202066665238077594836402165140161710821860672827308376064 115798494057926017870234746591714587608716670940463900525627325258160484122624
1174271291386916613944755839750438003089901277966357424205067890150317479870771429469461771770676602801881088 1092751251876972602392197322588229384986353846966828480704166241142886723753074491392 1852673427797059126777135760140468027289650657568452709464037627146266006781952
1174271291386916622092884203733539195475522557661488899616624547630806606643914049460679710613523090559205376 2799861418691975731341468784807525503248298881777194608507383502610012792752911239982188643526346014720 6404820609844943796381208799193490582797636459149898162098141572397793280
1174271291386916626166956156402511368012413934483459097808079315513763032100877352602649230392099716500291584 3919802141366027305742826565787228491509178109104026437596387817681272781322654502649288945641763897344 2779010141695588712662873039729546679854545879475354244344720085789485148667904
1174271291386916626166963927078080270928697612331086398013688048604674674092350468453676036211648854715596800 9612006846795338074332358268032596100813460115035784872714931862821328553083314437888237801308160 231584178475474889180493492502223579410393076962659944940364424894350595457024
1174271291389052613202884837160475292634868849442355799451031868063064654468628165369261706593710254921416704 559979973343872582538753222848119526726540427123530950329374872467492815613424714647988039295510249472 3010594320171063579346233912605906401677469663643990645571047386103782205030400
1174272411259287702846845577115808797909980335276908552678412935760654994453239811812331634364096726609952768 9039789719568644343601274770121525209135805186208281194190178758496488719974458022379728552144666624 80424898560668429796656983646501850068614318758751911863107478952222626551555170657438781417112468111491072
1174272411259287702846845577115808797909980335276908552678412935760654994453239811812331634364096726609952768 108474103563987527185070655737759262130958697468593046761357227737180773287867100522175177929705652224 18957307971758567177197811842365376341874662059659303633717777301391822756943223090552409052597814852321280
1174272411259287702846845577145451601024286317759491998174145341609725632414486373379820382713667374842642432 288999872507816891629120801129262930095028550118670533664127787658695058931876858389608671337838018560 2495330973686682176537282059651088887673512963672934490603129777530619597224327471009836216437107611366588416
1174272411259287702846845577145451601024286317759491998174145341609725632414486373379820382713667374842642432 3467890433788576672502674725505034419331092974592672948777234753539112253836567850757328138792953970688 587139005310571577752757938030190453054449058466566796157561228872951008691404844732663703062730726944276480
1174272411259287710994989482454679480581085150873429681733040747996838124525074528040632980820914199465033728 3079846599360488624941808230052451250313518688608902565779634581377827789895347055648963719055200485376 6404820609822446663761582935335903113504842435606184124973561518858698752
1174274091072116310271845315362309267655528030740236887710277416292374800512787636384616118257740010443767808 36157988544069165874782927442921601728383774319245066840034979595128277466452492709849522900494712832 108473965632339039620379170895614903789789370946030289152544011875694882227671482652542760365722697728
1174274091072116310271845315391952113174271407690712845764328509102276388644747549846058040764287304618475520 1155962008047821802030867427031662891589150044227062772651019765487660160076870175423626714056683945984 3359617113270780387788832393027853579156457792544540703368983076339748360620689372944059751984684597248
1174278010621143147357387512072648024853242995085906227453503324988119821049087776714020221456940243747995648 144358547835678787008585146993296704242865951098118615805586697054711865740910048848995152454850969600 144358547836203960346233881687412787896921849409618769423035819534217551470426896692409872692166000640
1174278010621143147357387512102290969315314159839236431931894255506338696710784751359364640174173618090016768 4623848032191287208123469708126651566356600176908251090604079061950640640307480701694506856226735783936 4479489484371904708925560449830569815880135643921231483872998652254216389518825850490674447956762951680
1174307127302791458812109217500829331663353495859405754654680161979120366797813498842086599134304436700053504 2323958327672234673487507336450290679494620968319262830779662653552192856783045203445655405659684864 2056984934114084744934839251758155635065358195866038395626521852060344054196103678292682537533194286699380736
1174307127302791458812109217500829331663353495859405754654680161979120366797813498842086599134304436700053504 4665004584224412248985952226845068790456114149640873182373881650145210661042436327504881806949220352 2350840565253809120887738535557117141253353615453708878094816094889413801344546927171466490005125988712710144
1174307127302791458812124759296579812144905712932317032493042695413426207533876869111871768562970517903114240 4955489923336511391156450358313360905878274491867434426277136530147549763832846740806414531674767360 34482945007515628691495243081855113333138546940152798350156108346001184722993008609703082590240
1174307127302791458812124759297507053484501409028482359293369527390658094655657997293179246944343261622435840 21760664753142489981911040 868826406268757562310859624160645157374382049745743826083662266400
1174307127302791458812124761193717402209094258752104050875385377681401636295731870334344824948619233923825664 7860432292188949103213679878703951781737952642272482193405113116785768590894517888837686950373621760 132557052821051165317432493157946823268881002403148527981269975094812448164638067795923466937835557459329408
1174307127302791458812124761194644643548689954848269426763460003019136017708316211923993341117729485086654464 21760664753186470447022080 3343496576727505166055818135379671873149492884484828330705938024760837457052032
1174307127302791458813119407666536975493405023248397692555586289982996331730612798288131143942644300674891776 6698455344647974018390788070547715431394081382110463086553922482130481060069849429625177982894080000 61611160239837643080275048632587822269872617883254390684989105995516987658125030947581067401698833596416000
1174307127302791458813119407667464216833000719370299185558746306452457449778348572183799317434057093340594176 21760664753168878260977664 1552344301309024147495538535894296427734660639673977219553795036997359125921792
1174307127302791466960501784427306847191151665543701744372127688330863609630525133712947372034129857370652672 2904951820699367904072669805978585095374345429218394377072179538329903831390902049913589109813673984 261872010604856260926377158719370964623300426402761187483541547100133777419850389911081177379661414400
1174307127302791466960501784428234088530747361646301088179288919750901557338393316618674505299143859604815872 43980616105984 6604971253902598290018121574163076759907750233407899816801391273731686400
1174307127302791471034698067905381466388581887924494771685089589700435447832166148415933261435056437441069056 4066928768240342988895561614134821445718216689380413483923370172985191362215570509126098077293215744 113599853323258230479274301694737868530755465608432224004715629724360175080223418227556957300752033171636608
1174307127302791471034698067906308707728177584030311130131636495011939237619428260359912851865358257363091456 61572802150400 2865854208623575859933587822218834253254754197739061004043175490728195797287296
1174307127302791471034705838818092568062889133999595443058508994611288584985483030818381349100403347777716224 9451846930192015440285587994219514667278813346609944202951691685004329230901882316691114819584 9478599748930950364086611360295972612144623510691290535217325483576292650553325968906247827151465226436640
1174307127302791471034705838819019809402484830105411807641024374092855186559095544438403569254172356130177024 150994944 238821184052833479467383914142729669571529988530258045381127010842404492148768
1174307127302791980293334700925017896867001945733126261668951473893106370385831903833484507977167300852842496 4374501449566023848745004454235242730706338861786424872851541212819905998420512511200160047934996480 34482945009019110231621112504417294545244482780486599626694247523391964772473199010423540548000
1174307127302791980293334700925945138206611134966661622358823976617635227781753890448890181713419503166160896 21760664753133693888888832 868826406306686826947290373405014246296352202040307619357706420640
1174307127304927523255777991604042350359320715214299301227854244691195646949799629884363582095215306242850816 580997925617417734426886189666112394686602908894356163369798269019328769741565131488571174854590464 123078453072189179923561587315133446476520621148378202760150132205104786616463083858650409680483948555141536
1174307127304927523255777991604969591698918097962286920046562833016174369807679750808648076668344246919561216 8796244017152 3104675392676409316200803722372391819689206478093783975509996778831528494891424
1174307127576197799410995898213099753883107693917543871417237844536217657531856923188053134345583447802773504 6988949581533217789596511022586774518980049197150967863266720140794302942776016544428305224763965440 4739561746458837646001148503060563389116539528360166975543246881328487290567421904668743043028710890405888
1174307127576197799410995898214027002296993395499773246541022619839629864341979393558367526878583569862754304 21760664753173276307488768 119417196997236205928679582422611464913366871261140165651201712160362352082944
1174308247209338340288949057540289991481365412357109172819653091628627869468451390433643859272733522762137600 290503134658388400240947772609826059749775287854448309522340437325304662643684481057855452903112704 2497767820340673077100306749162526496490159542398832445162545589317612232765651927020117744197251575922556928
1174308247209338340288949057540289991481365412357109172819653091628627869468451390433643859272733522762137600 3485935275213209758310399144606527029838492228481281937630853288207480387607713662658146780953182208 587712383245445182809157115704062082697298926414802724949226907778359739985053679806169995611938414600912896
1174308247209338348437341624466767478712003560200093634054601582644566757251616239405919756006209625855623168 3195446057584611675278392758017644182960313244258899153784977196993725714097069164716716351683559424 261872010603936461600637258324704585155329681090981404660538715419019463759512577115633757829818482688
1174308247209338348437341624467694720935885506985233963126840908918848591054782759370977666651422044264071168 48378662617088 6604971253879398122004132402059939682199574698333985511078652201937141760
1174309927073430766946353123171380545801354394632032287522168352241079009596168293425729778309036737537507328 1161976947540975084822891808156236350343871260162019106851190634655287530824668459212491375293497344 3362897989357958884261282424661750075218634308456678308930065566014300633680411564978843436065761525760
1174313846742072747673163799563015493920039486995827999093338896581891611454700320463054637597472833293910016 4374501449566023848745004454235242730706338861786424872851541212819905998398751846447026354046107648 4483863985821486647117870567457464458784331731805011144184038238898606866929593046422931116593355161600
1174450470966290838281600437499673782642894044063927068445618976983863318975487400634849201108188616779235328 21760664753063325144711168 75685454327672359883157089546879438518702361867042198335983782179347409657903067972961662388764714295361536
1174450470966290838281600437504309989340872524544753702447253136870022754584393041541386593015052335375843328 21760664753063325144711168 1910569472415717224488921252643350479578954746983069306651050136130566639058944
1210967269242757758130513432719501904740586314280852433334195926785427366320299367137736891089720027929116672 70128860123285669852887721388176418740043562161634225422939231839545584442923658198095366064906960896 2119196185779974137220673414492533640536938001756212750350727148878921668088151282944857719542923250402066432
1210967269242757758130513432719501904740586314280852433334195926785427366320299367137736891089720027929116672 148750420899902962005211407086763090919122614185435168690712966170381167781591238941135516957849681920 2421939157959046274787757944923217693612173183832912741806222023010107856458907175394311071559589412042964992
1210967269242757758130529459737862767005421399841583727364426707052717458725770306113350142002499305471082496 157516227976951594208889732580715459427210529626460806230000049954682090930082179854800590519889035264 34482945007515628691495243080986286926869789377841938726017395450557333574254272447114553328640
1210967269242757758130529459737862767005421399841583727364450113914877836467819662313036354998984708534173696 1092751251880948008287948687329791804363025413627440319472114623133907274380838174720 21932261930530901007007663495133004800
1210967269242757758130531402406754992734492319303490550883333349459556510865291557925759880906784510679580672 245177135931145743990381423404122437041478503635956957784555285684490343347214191725394962319381889024 132557052821051165317432493154603326692153497237092709845974704941218814924265157799081585375737640871014400
1210967269242757758130531402406754992734492319303490550883356756321716888607340915364595059008264817816502272 1092751251883156567118921667741770926238954061772224674343209146831559282132453949440 84401719555859644111918333864056462662920868737024
1210967269242757759149049390573998035868715163508179631409067546292524636183361782602950530788452863771279360 210112772749468084077784747074759645995771314032158497162733191392567042380361386977157213599584747520 61611160239837643080275048631035477968563593735758852149133996247166177126941072921453968941942245060247552
1210967269242757759149049390573998035868715163508179631409090953154685013926060810974402676458200231300956160 1092751251882273143586532475576979277488582602514310932394771337352498479031807639552 39186679383850108490019193426696577240770589753344
1210967269242757766533286835099257010597924778969537347670754031068282312448799332247792657565910344226832384 87661208392556227402175582383924677319119191304584038806258962777161973756568020205134503686795427840 261872010604856260926377158712765993369397828112743065909545203255500022869336339585518562351828172800
1210967269242757766533286835099257010597924778969537347670777437930442690191011105870845871178213786369654784 2208566413457980548096564126026641369055481831541392537188018062006157312 166732915273995682893849491238776245898444800
1210967269242757770734673536289134563526594011313879804839407593004275829385839009041204088327792335089827840 122725571574233887314772258713287468364826380908382499428081057069085274723420824953372252406592569344 113599853323258230479274301691872014322131889748498636182569139802153300577521095157507928937774596799606784
1210967269242757770734673536289134563526594011313879804839430999866436207128131991530834422886129159781744640 3091989945847172712888212876398100626969223779979202016248821162652467200 72344331047879695036737933994147127750759425257472
1210967269242757770734681549798314994659011554094245451854897492932486919461364172767394261307968806574948352 300438362077620683891560517699704851217295087887251703727047353721339436008334540131887302574080 9478599748930950364086611360057151428091790031223906621080624508258774568822588654361082491428636589032448
1210967269242757770734681549798314994659011554094245451854920899794647297203657155411918216504429994276093952 7582485000136117442250097993224271126960446868839536010310390382592 6028694254011906799520730835961675119575854744576
1210967269243291754889509687258461522431963787870234403495015870245204219127725861044795302140005045992816640 139984046386112764252591394416034063904356934824561575919089002808720440446655777480681716159990464512 34482945009019110231621112503548468138937795953539309253311165539027100940689033840867334435840
1210967269243291754889509687258461522431963787870234403495039277107364937484449137129173946737049645894205440 1092751251880506296521754091247395979987839683998483448497895718394376872830515019776 21932261931488370256142449801500308480
1210967269244960507365474988320784860793498904712429490893577791101494806119430836859605546893194384736583680 17532482029200907576982229725199095227704812096987117562614774193315371822862410708659006247201144832 123078453072189179923561587312028771083844211832177399037856113410717471739619903970665079721031270943175680
1210967269244960507365474988320784860793498904712429490893601197963655226438558059489716056039725472042516480 441719348679596218513266625283722853227997934665773579066411860713537536 78373025301891601250604087524666819378850882925568
1210967549210850531374575710254283106924249928713866785740259408791162256657345680123068703398139522722168832 218878863544887499055933916157100343757198111433108112318188714965547867622074588164216650779534032896 4739561746458837646001148502941146192119303322431487393123649930275030679985105155529067919881150400561152
1210967549210850531374575710254283106924249928713866785740282815831902820560153214120099843048078847623954432 1092751251882493999469629773618177189676175467328789367881880789722263679806969217024 3014513859910260678823416511526589012801862238208
1210968424111140443560809501400677822844667220754311944950362360306628295415916966910549773758411064880398336 8766374513790198845371264551235323536519770608269572759463647360144175832831179854830673628374237184 2573310066614390994554072124013155431704746473118019295972905900756771761268015967826899773398585747716440064
1210968424111140443560809501400677822844667220754311944950362360306628295415916966910549773758411064880398336 105193223304963329765484397716655786253361559600641037294389866873555143461338653467272311684057792512 605487099226526939557531623593156259611205108905147208683888371412282619997063358618970701152959893667315712
1210968424111140451963582903780432928702005685442996859286920463875162496903982909518289564313833551689678848 96427299187975642380324751466265375080545988705533653961714486350142798998281221392193940866744713216 261872010603936461600637258318099613901450282968977272258645508652093299089495135653810390389382709248
1210968424111140451963582903780432928702005685442996859286943870759645397916208246344540152173660988504014848 2429422296555278589294476313619506183533917318650844906953218837167734784 166732915273410028316544049255284761501368320
1210970156418119944967840481467381432269763281700869290451972606926448187292868053831731121736372351336972288 35064363181677659912596676328479367513317997439006811871450635034009559018414995269176945619150831616 3464605148060492274907233405307240911951764720992017152860425627000760628188888615893796974550973415424
1210974198453053870712305871824918275629906838682340797062174327769055121045055303140186253902178425197690880 139984046386112763159840142535527767382602843577165595931249318810236991948760059086304843329475444736 4619473530758526731079484213884131000555271207875139279979063485379513166496472891842135648041267363840
1357751180666122334873623939706088556945472478610260542802539035180319574934954585642241068305832554619076608 1092751251876972602392197322588229384986353846966828480704144480478133660427929780224 75685454327672359883157089544968869046286644642553277083388661253800374707220720265790249592282793430220800
1357751180666122334873623939706088556945472478610260542802656069491121463645201366640672133288259569934532608 1092751251876972602392197322588229384986353846966828480704144480478133660427929780224 48229554031919796300721599479637339648645773918208
1761406937080374924991182400260974943068653288499996225133405015981029270108237231306536848315249974000484352 90395109291952944247679192016298461266766810308970513341339737939616634554640854167250416479458295808 9478599748896467682163087792374374063682645411240155391891577252654764426405662498505977067286038375825408
1761406937080374924991182400305439105335782707645491518210438983488840651573454192839903071349748327239385088 2889909429764665771487241011989202973536517952479141562451724870795282173798132763045514781764611997696 293567822846729161634328979936843057674217704648327522191338465710850185385453630451660303447573354017456128
1761406937082510907953039128349966695154215141643469901628451451046460019001863559573193844973754708704428032 137931780029560721873408994456945807374510857846241252288951795940888509622392626609228221513728 42653698870034103648939922852964715335881671884244781197891670578069671785012404481878050959501574352666624
1761406937082510907953039128394430857421398480579455657311928605783535096813884404349906257557395381560541184 4409645111266410072444410045744563642841911484630824175457076131773605957324486447996622902132736 1321055202810281198835976741032988551775740033163682462520839720518130856035781022527419131702786152971894784
1761406937093190873688194979792586452086173745128596781125700474326273299420208909392274977689703593386606592 90394971360172914686957318607304004320959435798112667100087448987820693666131231774623807251236782080 263083992060777133700197209276095976590177264873964790895375164788971098812367313811013632
1761406937093190873688194979837050614353626684302584598690583477725027988332162927099648594533154718289494016 2889905020119554505077168567579157228972875110567656931627549413719150400192175438559066785141709864960 8148143905337944345073782753643940396382909535765912850913931518430014923946083982887616512
1761460690954187192292360109729318616692460466272846127755323708865159334938966992190194417391593401131991040 2904946801442722215898953240528408854666556598400272384205257970879836622195379433051901093306433536 293854510173727920581237504331319641821880723504737531215508196819510022496726516480522346739152553674539008
1761460690956323240439243749949904881465823043628393493433958754390638607574130017101317151932083388001878016 4432590284503841723720137817978806878447995224617077281384241617795133708285020672655072690176 1322345295781775614069214999569185128479522212120602500689614657816899042444461515421081126084031664143466496
1761460690967003532101088296334280089440438350189995981957990281488998879920175364619894472404203357987831808 2904942368852437712057229520390590875859678150405047767127976586638218827061671148031228438233743360 8156101077120500931348268869614490397080049207963113159654516516783219838354901379254845440
1816450903864136641397156850269130410039548703765621107169947452114134566420087411230484637669530274327691264 87661041714124499809186059552416102496702560881137631358664549356550363952131155832683838874482376704 302741817310689447935401760559630582042485043258898022670674879365314843492464268331230391482754151324057600
1816450903866339373826571601110903154377784364819828336055464088275361388672736563020372382022198495188942848 133759930350027694368731217683713407567283620601680037961771526466406093667659741474826605297664 1362338177898102486299601014189194748690498068254643901837462023591962177156225815359351304355728501038383104
1816450903877353088490951072911104778713866674663865430537002143532675646417123738128551249821871197688856576 87660907954194149781491690821198418783294993597517029678626587585023897546037488172942364047877079040 8402773402379755105857338464688684914337307123871987033874246683466052987804761479977107456
2348542582773833227889480596789337027375682548908319870707290971532209025114608443463698998384768703031934976 42653698870189276638389186604295166754448526641445129322790605018258953027179249693513761695458168752046080 56871598493585702579144903563559256222893849436070803982321133461520459210841053559847125399398341178032128
2348542582773833227889480596789337027375682548908319870707290971532209025114608443463698998384768703031934976 75685454327947701962006269362130275740901362583270205383263142250318515405496989988574016329270578642944000 104121253574706070240800332948247268178684748530437985512419293951152644893304692375887440722081833101033472
2348542582773833227889480596848622577065188440965188215033235758029710101851656985520602755208947900331589632 1363628270874557743872283409894547028038820305470563296052439841515376543162605055400120453237535304277032960 1761406937086782894247089035847493858331797547826041553736969341693663228191931903271563429646892475139227648
2348542582773833227889480596848622577065188440965188215033235758029710101851656985520602755208947900331589632 2424228037110324877995170506479194716513458320836556970759893051582891632289075654044658583533396096492503040 3229246051324700627601712323668833119672532023426575589270892094569217012963545580614221247687475530586652672
2348542582773833244185768407467078390951045115322977799233249095261613213287828098921359421227046181118410752 146792870402867318330070769512742032263496052898561330838060476094186469312666273081793125661896425600974864 3357970587882169667283558565254598299462491816842820535903568199202607137292288
2348542582773833244185768407467078390951045115322977799233249095261613213287828098921359421227046181118410752 3522885545992499531568958733339762741422119304708557018486261766738022858643765803882747723013359882215620608 1852673427797059126777135760140468027289650657568452709464037627146266006781952
2348542582775969214925401506871732049081852101022922575229647624302156066722430663189479638952806063628353536 4739299874603406962072803677906205300506782100868414115934086254317724354516360697790588370549024749518848 42653698870447377507818663390146857597156276505559084595521615855256372296248009998627726847974837548220416
2348542582775969214925401506871732049081852101022922575229647624302156066722430663189479638952806063628353536 137296352695929913438553647429619923222320761495003692309482006650548082769007684179949364687183319396253696 18957199498137242938564147669828485341115608625963393867224081845404565793785743290577912587382694873137152
2348542582775969214925401506931017598771411912973125220835181744829832543850294163289082330402362796711870464 151514252323804949985964566727394079827835708695126722157124139899387803149840834335115647918833878932914176 1321055202823097121051502201527358682012767455831298871144902637268470746019584929520756665140446701029425152
2348542582775969214925401506931017598771411912973125220835181744829832543850294163289082330402362796711870464 4393913317260259018810613337957318218657770924694838553759990743906262545458062819977281439430282113441595392 587135645704138246226046652278744706268617464387091456995031725064781002719846572419412832174071190418096128
2348542582786649150105037139985982769277834572986445274143937166661316108993881790816938664261556149946679296 37914398995585869676316382926388961453941744540576715206856518763941228672662888995723173324909144002527232 413274121962732597959275961471813897410279987807210151151491406610770305720774700840577006567424
2348542582786649150105037140045268318967663984403320210785134880674965067549498001895378670198515518339547136 1212114018550752793886318843167152948210984596775436573895315701615988740012764221065004805318701425344118784 12815930363669365832314475310810176311556805006972452516252740897735425423352457383744530945146880
2348547062272929525159545807044675761942001776715026510356965708975172639933550792551640421627786326091759616 18957199497792934838158191463194480726970872270288357603428259381970614336331444497861586662454572001263616 344308100405956206634004614144736355675036263795457088024618731724747871508156077545245743513600
2348547062272929525159545807103961424709962454108496303772102549009743416800155807956836864016088632750243840 606057009275376396943159421583576474105492298387718286947657850807994370006382110532502402659350712672059392 10679939253676503080947281067747562378317205378173865174906333776802348376122073171092448158416896
2348614254605582917624218435001658663326706991718811509309360323958240733595626997684173198268608873400107008 1370723782217802840931221497647073053255673202045859509986487541731397896982278023994917674138960511631360 1763127061048781705667252208734105741647743090675174857691544592091424337268361634502561929639349262009499648
2348614254605582917624218435001658663326706991718811509309360323958240733595626997684173198268608873400107008 2293498615998415210969886950311442494336289802115947938278044514269528507369040353873849180258652882206720 3232399611921697405558354620859993083856645932453224436127934893082544438980446356968466047740030519259168768
2348614254605582933921003568854613694382303331087403488744255376661727219261050267425894744068259714741305344 152302642468644761160280932664915842719706521983756452989745713970074777003461286897401534121193813049360 137296352695499398107171211802308541417610356449870186259785404633317297182250679070152818709286168230363136
2348614254605582933921003568854613694382303331087403488744255376661727219261050267425894744068259714741305344 3511919755734797002154069495931320628094740139663930470723182910311225654010492362357271249682101086191616 75685454327672359883157089546879438518702361867042198335983782179347409657903067972961662388764714295361536
2348614254605582933921003568856468177061494723292602176358577839501803114676786633237349010598287719209631744 2305843009222082576 3462907168753487469386169770416072744236855478906813118305028371736652033294336
2348614254605582933921003568856468177061494723292602176358577839501803114676786633237349010598287719209631744 55340232221128654848 1910569472415717224488921252643350479578954746983069306651050136130566639058944
2348614254607718969845290587787608445623192545482995503036888257027335676656507030486548212682938666241228800 152302642473077350387972897017839365957498051550210163000893470807095119060270469707720317799206240649216 1322345295794604051833779059146069292046859537944515415207048351833645883911115237708915369687011957361606656
2348614254607718969845290587787608445623192545482995503036888257027335676656507030486548212682938666241228800 4273432968088580797172732748273132391241050579409632121757329091463077793312322155012365532567490529329152 587709020358146193732126775962624689594139247441000228908803993374972673400556359692743472281769949481926656
2348614254618399230950682435368201763802849298604318942572170235784262849227026138641672240019775390889541632 1218421139744725490543248600629233687298175150495649346985594070924302777922007554287197356339754270982144 12828445920665136697385094915606195438403311597482901979860001121170239071054081957881672472985600
2348618734241382678526402482696275322932939649648453153743127741367197988052138711661089803686809285433491456 609210569872362745271624300314616843649087575247824673492797035462151388961003777143598678169877135491072 10690368881853921540987268646915539660505960637886015662178947716136360298138455513267600642539520
2421934538485515516261026865439003809481172628561704866668391853570854732640598734275473782179440055858233344 41363605898690168082218625193702851548244726626442701683709888759306301244229919194670162754899220145111040 1816450903870744859692310568216295114300349220308858138622208113274971200088447109373449177955319604618199040
2421934538485515516261026865439003809481172628561704866668391853570854732640598734275473782179440055858233344 73391955711949286751036382409966159818761273667710334024897424456624912235809291323963173768276892230615040 3330159990428597522214265833780857121637718349707606844029100363207639075350469400222153391327335719089733632
2421934538485515533066573670198514021195849557939074695341508062136564624897598664495585315131820688453664768 4595956210965574263248477556415899578367704844080011905516713027537830453905240985586032107150720624492544 137296352695499398107171211798845634248856868980484016489456747955763296334138923850904633015662686662295552
2421934538485515533066573670198514021195849557939074695341508062136564624897598664495585315131820688453664768 110159605399273122292057241130257373516830600826154706364729573730281619024100409474560060645260639493685248 75685454327672359883157089544968869046286644642553277083388661253800374707220720265790249592282793430220800
2421934538485515533066573670198514021195849557939074695341554875860885380382022211741691742356427572739309568 115792089237737445393714235884974717734985712565497445682161277344326791200768 87416066682854630795057899056842678113170465226752
2421934538485515533066573670198514021195849557939074695341554875860885380382022211741691742356427572739309568 2779010141695588690165703640208509788478479631975373536946982016189915111358464 48229554031919796300721599479637339648645773918208
2421934538487718252891820303961473675615659979179888905707072151739863981757361077906454794166902421373059072 4595956211099334161707652715891270278599794143838694918791667677884693886936397115297677825352517732532224 1362338177911318906084361645324013945497422171963748136069543812606009760291768965325961852716171214180057088
2421934538487718252891820303961473675615659979179888905707072151739863981757361077906454794166902421373059072 133139386454434871793510493842574802001828466535455039091066423756642017158685971558319578987949463582015488 605483634632392566420610610161977835971399142575688869028790563767688788786511136435556758225401676967182336
2421934538498731936045819550610544730817766903392271688962433242297754587643273470792503987704838600068956160 36767649687590833920510972477811581269644932482604006764918221081421607357293522079372484929546702412578816 13216428187534033514574302664262568397789148569388912886034617009789833432663536165204193118781440
2421939157968958572820781613514821879502689332237371088807118929416200070048499679706139866797784848480075776 18383824843795416960255486238905790634822466241302003382459110540710803678646761039686242464773351206289408 11013687355353893802226883601105985435262652362055052781033169550075966705201950869416334273282048
2935678228467291534861889599366831640585767899282007759112331195116792599282334187196985706738670287769108480 1614721854410846837090756252373930324294902381365509838621693063251103344463225323699049672038727966697455632 13058724166948598512308677987394543882352021989075683266543841443840
2935678228467291534861889599366831640585767899282007808152188502825236066749439056008088508357936826819084288 733964631996847109331147649962500543830922608860414829607569221740982209132344990153236647245495650429698064 115792089237316196227047669615978718920876004004379178493265155057543186219008
2935678228467291534861889599366831640585781379255341334432228528624336109429978004715425945250862604644319232 1321136113606180261170886718236787064140242457197144835616985116081062966019598545850445330440983861274869776 13058724166940936034604348543102752147216264398528491497787049902080
2935678228467291534861889599366831647653156158421256135193522350205755748108697399469512950658592131030253568 279985180669531473814619642393444272798439502322095799353815881263023278045531725793251135386873233424 115792089237316196227040007138274389476584212269243420902717963288786394677248
2935678228467291538935922698655643456756494562954156160487050501747133782665541453038386347507634325516451840 85164054076844169381085365093727516104386798718414384184977271941303822573662712237504809660497864643575808 9478599748896467944252433380331934479569090191042490301867929825024859886899899333690756885628285435772928
2935678228467291538935922698729750393868376928128085625727056862503695702499282685600204448954222277405179904 2727256541748013076466750217270982953566204470030416114233721976986888817292266709310909784863071452828532736 293567822846729169782472885274787402748000458292267918574248001476763036299385148881675227393657336905072640
2935678228467291551158138556664875816151915017331752050850106601194060091152821820509729756755231100456927232 733964352012200470169809837787028552572815901235291336847476370434267226199919828779001808857384636446146576 578960446186580977921331609651095725743288668396492355859274561844109687914496
2935678228467291551158146327340444719068198695179379351055715334284971733144294936360756562574780238672232448 1614721574426200197929418440198458333036795673740386345861600211944388361530800162324814833650616952713904144 231584178487691115014090568529867181398600876078408610672080386659827092291584
2935678228469427538194067237422839740774369932290648752493059153743361713520572633276342232956841638878052352 1321135833621533622009548906061315072882135749572021342856892264774347983087173384476210492052872847291318288 3010594320183279805179786546262864892888785070695951917277589635610469310922752
2935679348339662623763963795383380471358025924805775749784507734037167971847281151659744838769814074717962240 275342078849179815308733266817658813939792539783704024897740739926742297632045839021673493299200 80424754202120594117869975061354856771910075892800813744491673362737978689873101854697967637949336816451584
2935679348339662623763963795457487436739461326331010649684127960593138287229733599961247065077647860022902784 8819290222532820144888820091489127285683822969261648350914152263547211914648972895993245804265472 2495326494197197820928860944766527747251262590825171362137464976063793044835800989044015573654827620378869760
2935679348339662644134315788054988273794368987365663031157977569443048034490945602231652546741198835303841792 534030370136002444170402186166090814378829335706502509166280090852884157490954863024372889681936 803469022129495137770981046171215126561215611592144769253376
2935684947701518098830057031370864346702399427526886781445063882694710870822363367751611355738419673556090880 85164054076568827302236185278418782837569139904474591645193567916406081833735969939872763821476191150276608 525173337648734694116083654055898311500153617446334886355869401624155878630709560870961152
2935684947701518098830057031444971453431600012094198995810801812430632033051124611848135783546838958097825792 2727256541739193786244217397126094133474715342744732291264460328635974665028719497396260811967078207024267264 16296287810675888690147565507287880792765819071531825701827863036860029847892167965775233024
2935767818256978647030311898241449530362264282330792581232606738533565518834692172779679421407426294757785600 1675329357643234435797549908958944973674265695211327177823437880762938883025629045418926283133767940833296 533964166406548719142501481483975636067399919320907626771828065552982419120595833604898809709040
2935767818256978647030311898243767633711253522571205898233423818476645236639144993232948117360858154056089600 1208951183892128571850768 13466809297165742215818324174489999939302921771059029304296765129200
2935767818256978647030311900138587120426452828150579599614949420801540947596547174002152477793075010778497024 761513502834690317890113458487019708200634332339590167584242327569711799584123379703514430820896955432976 4739299874448233742425360493957237883225016191757665707807086189341503395099503164936171854570869026193488
2935767818256978647030311900140905223775442068390992965703514294105123159691803207863762211534244377520308224 1208937348834073289687056 119410592025982327359142909291383855539434785776712542372929586301011738230864
2935767818256978651104469327230147948355813962132251882410003870844279701736780491032281016525897837832044544 2598103900934596583605699100468750916160833589739860275024443032000604201849542242445648519343591449952256 293854510173727928737338581451820573170149593119227928295557404782623182151243033263742185094053932929384448
2935767818256978663327058177590192498780448941478461333617357319457587185874671819579382540684398063356215296 761513212341007506431905232979532686368794097231581126482542749432226165964465064041009435663107803316240 23696499372241168580583551957166192621350552986473969684361431559793776479514152733302681491654393313886288
2935767818256978663327058177592510602129438181731742678495874724116216213064948347805447916681645251253764096 11529215046076858384 597052960129911633481373222452221475434173472522479869035692120333653397995600
2935767818256978663327065948502903600454756187553562004990776724368440323027988701981830628349744973692862464 1675329067149551624339341683451457951842425460103318136721738302625453249405970729756421287975978788716560 9478599749430431585485644450746978850546744033425551907598080311997964607760307203303850652146660953555440
2935767818256978663327065948505221703803745427806843356005262603197132162004615631883938634070459350020849664 25364273101359022096 238821184065431462358280898796237134121859343312186585102440296320617595011568
2935767818256979168511521839869887615084360515131601810408515517013245681686647207501292160821623077707513856 1370724072707053063161737758801636551849721907587414841077039363031863188545127156847122332362810945699856 533964166406235098584643995314994802525915686366112612344334961171234085261734046927932876652960
2935767818256979168511521839872205718433363248509385161298878267703622369765240886388659052129934395599814656 1208946572206110144462864 13466809297157840285685734435064089712444177989330995180698005930400
2935767818259114715548138101288853382751187768768265863160121974448347384992305301047812861344556932157997056 1370723782213370251703529533294149530017881672479405799975339784894377554925468841184617337205021793583120 123078453072688661144958803303486469359331198656358873963735758217822427330110925979139670528401457891246496
2935767818259114715548138101291171486100178695663718468410801062120451345253199838254183141484631240810233856 20752587082931634192 3104675392689007299091654875831130263750865553559931801297287466392868794401184
2935767818530384987629183037157969472100466263316019420156801887656356968832672226855860787190039224657444864 290494236886300583083093748653639274863279809325718246033242022563382868658274004553893504467599376 4739299874448233742425046873399380397056035358216181474852291174914010290717754831077310067893903093137408
2935767818530384987629183037160287582523745509042496785481076910925617006325466389498136397295098462296408064 1208925819619027221217296 119410592025982327359135007361251265800008875549853798591201552177412979032064
2935768938163525528507120654704245090650702902221318672526083912950171533981701374732585996790487117922893824 8343699359066055009355553539724812947666814540455674882605631280555545803830627148527195652096 2497763336476687271925861785532960901722238497296081434311499821205599653467818030993510997975937741077086208
2935768938163525548878094301107727749498731058515646250612793115140862171697403939975340814057404411911602176 554074842374857586261631807434628171800284616546455104536929763210342611499558735715315482640 32885499007597141712524651159537105480713704832300942019614092438985682658623022021214208
2935768938163525548878094301110045853732006549454685595395774288545200927062372734298989424600137833671294976 8388624 828577429071041860826324203863411966925510918669252564090880
2935774537696259966447819179181596889581564514600720018686161579656320833009595488268699023515697434235011072 2598103900926252884246633045459395362621108776792193460483987357117998570568986696641817892195064254300160 16312202154241001862696537739228980794160098415926226319309033033566439676709802758509690880
3027418173106894395326323649344656917513553499603959318411066767631793646814425765283375355006248263677706240 50555527086528192092008478550614170050317374636440134715010354811728876734826253715445145845229951979094016 533964166406548719142501481470508826770234177105089302597678015673602726315145423084776606154240
3027418173106894395326323649344656917513553499603959318411125284787194591169549155782590887497461771335434240 60709676595256499827480945379290103082292235485735288153734285309026938128668033024 339950059923228965608618784174561574400
3027418173106894395326325592013549143242624419065866141929973410038632698953947017095785093910533468886204416 22979789820835066651625249191560731562659778101945703731269561553543051308862268771679036644022446391820288 4739299874448233742425360493837827291199033864398522798518716680929063596612502156907245623536407346678272
3027418173106894395326325592013549143242624419065866141930031927194033643309070408834149591506741880617762816 60708981842721075930308403953380050954845115865827294310350048563522890649890193408 3014347126994987289711534344003355266550058715648
3027418173106894399527670282988632314780135018046473540504143378899561932740386778368221528759250302256807936 82583868133846995231164125529419055136172506788361335716126979726980314075132671843806295000663567833759744 302741817310689456338175162939385687899823507947582937007982003237301877366710951797283379287515631301165056
3027418173106894412131830386558264973566142715079500912008231515734712264184958653826070213152893869704085504 22979781054760991223503963795784858570139435867076299228010575199661714071214564281430104907955724349341696 23696499372241168580583551956569139661220641352992596461924281819994577943356564798480902061499451418085888
3027418173106894412131830386558264973566142715079500912008290032890113208540406879017126126237619092512047104 578960446187002227087998175919726349148065651228059701839991613375979309760512 15071735634974936364891934213912690178711502195200
3027418173106894412131838400067445404698560257859866559023721415662923354260483817552260386133070341189206016 50555518320454116663887193154838297057797032401570730211751368457847539497178549225196214109163229936615424 9478599749430431585485644450508157666481312571067271008807871872130435189045634047101973642066298641858048
3027418173106894412131838400067445404698560257859866559023779932818324298615932042898209919855919927006396416 1273712981610899399629424085971853796267685559221903086076737117423458087600128 6028694254329924597513428900563286240255283314176
3027418173107428392085303876865255672940095887632609994541655930824280407216381320214820515143754004199440384 41363614664630483611880735430929690554431509124941991053763423725666934926171592067523109444827450116669440 533964166406235098584643995301527993228757846080426877909610821518712936765251434117595605775360
3027418173107428392085303876865255672940095887632609994541714447979681692186178630598728479235526708695465984 60709445011078025195090098237320085706476528945765956872606206393858922302408753152 339950059923029492848382370360735052800
3027418173109097148762631838589915270833047608478050598062401713831931240918550481644471671718295919350841344 41363605898556408183759450035153817561911166890072586550504437371785597688523887577274177708760728074190848 123078453072688661144958803300381793966642191357267219087983000979373771395599589806489642121307999214515200
3027418173109097148762631838589915270833047608478050598062460230987332227850832946976007759391215404772818944 1042128803136267008782282115954477980561145589890621957997821949407631828320256 78373025302209619048595628647259059299410117669888
3027418453074987168570369899861077257432382028476242376786899469370238444746001139293093916401888480928792576 8766090795451305891392349532822945114323200344578152233838388196787225614651873945643016191735758848 4739299874448233742425046873279969805030053030857046467494054256240996402457612367357351634569226346299392
3027418453074987168570369899861077257432382028476242376786957986704219575261882707589654375546555910425214976 60708402882274889349331286098455007515305849515903966107529851275602851084241993728 3014347126994987289711334871243118852736232194048
3027419327975277080756587663989111111087964234955956241967146150412980434971891186299941143793147194554515456 266998379490113760299377713271194014325338065294581596243380200977777465722580068752870260867072 2573305447140860252832887849288451759288422847224181249508240169437260449503342838286113906872460666403291136
3027419327975277101763513156429318444598892853897302880793051510477585965577181907889978550662699068029927424 16720023184605996573659830424772088330940074893247484506859549577910161625013906949469693280256 32885499007597141712524651158708528051642662971474617815771596706963937525078465328447488
3027419327975277101763513156429318444598892853897302880793110027655309433202724905150808958940981668058497024 421249970143250876286809881715727899856881642703693336413661560832 20916234903765785124695871324160
3027425102317190539418496313601203857536849409637101993367094682287675272761604979482851431799275429797593088 82583868133579996851674011769119677422901312774035997650832398130736933874154894378083714931910697572892672 16805546804759510211714676929377369828674614247743974067748493366932105975609522959954214912
4403517342700937302292776118980006926329404779203099757576170571622891922089890831494435621971441318184878080 430515331382435627416318385581722847236117254860725433722811510360241870957237543957055242502144 4739299874448233709539547865798620181742718067572089400857156189344986765515248854767439127459362282405888
4403517342700937302292776119091167331997228326809727903187317046305706440971856847851130166016777313121730560 13780140972707531476388781392951761383880973389471325548303362911792518616639020149989446569164800 146783911423364576743092537299449356300217475502193562904214464972468667235761056010822689750744685564919808
4403651727385467970545409565628109993737575609472771579955050607421701375491800620657824746753641637625200640 13330363429132876948540708584950970685920809168149886824162903100575071225651275405264152428544 146927255086863956212568213605409355236805926945123567067729494428198431421104999848651254192125587209846784
4541127259660341592989425372698132142777198678553196625003234725445352623701122626766513341586450104734187520 417478301133894916464200333165371597838532138471471638950373168252484321098697277912050191826944 151370908655344719766314179089937738092573289285106554166683877746663904809108792432588701838996335673475072
